{
  "page_likes_v2": [
    {
      "name": "Naira Zohrabyan",
      "timestamp": 1703065056,
      "url": "https://www.facebook.com/187283297803800"
    },
    {
      "name": "Ftnft.am",
      "timestamp": 1702557090,
      "url": "https://www.facebook.com/117241188075575"
    },
    {
      "name": "Nyane",
      "timestamp": 1701936907,
      "url": "https://www.facebook.com/778762078866002"
    },
    {
      "name": "IRIS Business Incubator",
      "timestamp": 1701205178,
      "url": "https://www.facebook.com/102289847847846"
    },
    {
      "name": "ServiceTitan Armenia",
      "timestamp": 1701091222,
      "url": "https://www.facebook.com/2277000859206621"
    },
    {
      "name": "Swealife",
      "timestamp": 1700345278,
      "url": "https://www.facebook.com/1779795682289408"
    },
    {
      "name": "Chic Attitude",
      "timestamp": 1698667348,
      "url": "https://www.facebook.com/391116727649421"
    },
    {
      "name": "Cheryl Porter Vocal Coach",
      "timestamp": 1697976988,
      "url": "https://www.facebook.com/136813013116679"
    },
    {
      "name": "Lauren Paley",
      "timestamp": 1696749365,
      "url": "https://www.facebook.com/284663284919410"
    },
    {
      "name": "The Voice Global",
      "timestamp": 1696712491,
      "url": "https://www.facebook.com/1563883503866518"
    },
    {
      "name": "Breavis",
      "timestamp": 1696541322,
      "url": "https://www.facebook.com/411574349208426"
    },
    {
      "name": "ElenaFox_Style",
      "timestamp": 1696174329,
      "url": "https://www.facebook.com/899861063542203"
    },
    {
      "name": "The Isoyan",
      "timestamp": 1695650168,
      "url": "https://www.facebook.com/1601205773295410"
    },
    {
      "name": "Big Projects",
      "timestamp": 1691169816,
      "url": "https://www.facebook.com/107829621348650"
    },
    {
      "name": "Kirbyyy",
      "timestamp": 1691048188,
      "url": "https://www.facebook.com/110154460635387"
    },
    {
      "name": "EduTravel",
      "timestamp": 1689765444,
      "url": "https://www.facebook.com/108910424739364"
    },
    {
      "name": "Rocket Systems",
      "timestamp": 1689709816,
      "url": "https://www.facebook.com/1945328245542546"
    },
    {
      "name": "TT soft",
      "timestamp": 1689703056,
      "url": "https://www.facebook.com/164901547333438"
    },
    {
      "name": "Persephone Distorted",
      "timestamp": 1687937082,
      "url": "https://www.facebook.com/359560581492267"
    },
    {
      "name": "Printax.am",
      "timestamp": 1684334761,
      "url": "https://www.facebook.com/1580716302221808"
    },
    {
      "name": "Koe Yeet ( \u00e9\u00ab\u0098\u00e8\u0089\u00ba )",
      "timestamp": 1683649635,
      "url": "https://www.facebook.com/121241634555351"
    },
    {
      "name": "Lala Sadii",
      "timestamp": 1676785362,
      "url": "https://www.facebook.com/103016932726588"
    },
    {
      "name": "Microsoft Innovation Center Armenia",
      "timestamp": 1674738104,
      "url": "https://www.facebook.com/195461300492991"
    },
    {
      "name": "Tiffany DaSilva",
      "timestamp": 1669823775,
      "url": "https://www.facebook.com/101019556077392"
    },
    {
      "name": "Kristen Victoria",
      "timestamp": 1669668739,
      "url": "https://www.facebook.com/103856159167332"
    },
    {
      "name": "Lika Tumanyan",
      "timestamp": 1667328174,
      "url": "https://www.facebook.com/109156548667067"
    },
    {
      "name": "Ani Qochar",
      "timestamp": 1666929723,
      "url": "https://www.facebook.com/104434922474112"
    },
    {
      "name": "Food Network Finds",
      "timestamp": 1666283937,
      "url": "https://www.facebook.com/452003161848188"
    },
    {
      "name": "Netflix",
      "timestamp": 1665239589,
      "url": "https://www.facebook.com/475822799216240"
    },
    {
      "name": "Nairi Hokhikyan / \u00d5\u0086\u00d5\u00a1\u00d5\u00ab\u00d6\u0080\u00d5\u00ab \u00d5\u0080\u00d5\u00b8\u00d5\u00ad\u00d5\u00ab\u00d5\u00af\u00d5\u00b5\u00d5\u00a1\u00d5\u00b6",
      "timestamp": 1663620128,
      "url": "https://www.facebook.com/245011666189122"
    },
    {
      "name": "\u00d5\u0080\u00d5\u00a5\u00d5\u00bf\u00d6\u0084",
      "timestamp": 1663109772,
      "url": "https://www.facebook.com/112033182186674"
    },
    {
      "name": "Jurassic World: The Game",
      "timestamp": 1660208142,
      "url": "https://www.facebook.com/772692209504683"
    },
    {
      "name": "Daily Dose of Disney",
      "timestamp": 1659341831,
      "url": "https://www.facebook.com/1113290202030802"
    },
    {
      "name": "Disnerds",
      "timestamp": 1659289768,
      "url": "https://www.facebook.com/900586533396555"
    },
    {
      "name": "Jasmine_boutique",
      "timestamp": 1657436718,
      "url": "https://www.facebook.com/102330025077468"
    },
    {
      "name": "UNILAD Sound",
      "timestamp": 1656714143,
      "url": "https://www.facebook.com/222964178047232"
    },
    {
      "name": "Tyla",
      "timestamp": 1656714126,
      "url": "https://www.facebook.com/217293018312810"
    },
    {
      "name": "Bailey May",
      "timestamp": 1656661052,
      "url": "https://www.facebook.com/875894889137311"
    },
    {
      "name": "\u00d4\u00bb\u00d5\u00b4 \u00d5\u00af\u00d5\u00b8\u00d5\u00b7\u00d5\u00ab\u00d5\u00af",
      "timestamp": 1655620947,
      "url": "https://www.facebook.com/103733145662004"
    },
    {
      "name": "Adventure Bus company",
      "timestamp": 1654874871,
      "url": "https://www.facebook.com/1696964023916286"
    },
    {
      "name": "Holly Nichols Illustration",
      "timestamp": 1653630110,
      "url": "https://www.facebook.com/462579940486181"
    },
    {
      "name": "Ice Arena Yerevan / \u00d4\u00b5\u00d6\u0080\u00d6\u0087\u00d5\u00a1\u00d5\u00b6\u00d5\u00ab \u00d5\u00a3\u00d5\u00a5\u00d5\u00b2\u00d5\u00a1\u00d5\u00bd\u00d5\u00a1\u00d5\u00b0\u00d6\u0084\u00d5\u00ab \u00d6\u0087 \u00d5\u00b0\u00d5\u00b8\u00d5\u00af\u00d5\u00a5\u00d5\u00b5\u00d5\u00ab \u00d5\u00b4\u00d5\u00a1\u00d6\u0080\u00d5\u00a6\u00d5\u00a1\u00d5\u00a4\u00d5\u00ba\u00d6\u0080\u00d5\u00b8\u00d6\u0081",
      "timestamp": 1653515145,
      "url": "https://www.facebook.com/939228219498725"
    },
    {
      "name": "Irina Rodninayi Gexasahqi dproc",
      "timestamp": 1653514683,
      "url": "https://www.facebook.com/pages/Irina-Rodninayi-Gexasahqi-dproc/501730860020508"
    },
    {
      "name": "Beauty for you",
      "timestamp": 1653086828,
      "url": "https://www.facebook.com/114699136894526"
    },
    {
      "name": "Hayk Petrosyan",
      "timestamp": 1651493852,
      "url": "https://www.facebook.com/865618406806742"
    },
    {
      "name": "HUJ - Voluntary Service of Armenia",
      "timestamp": 1650034747,
      "url": "https://www.facebook.com/450520218345443"
    },
    {
      "name": "Ardook / \u00d4\u00b1\u00d6\u0080\u00d5\u00a4\u00d5\u00b8\u00d6\u0082\u00d5\u00af",
      "timestamp": 1649799197,
      "url": "https://www.facebook.com/109102640551129"
    },
    {
      "name": "\u00d4\u00b6\u00d5\u00ab\u00d5\u00b6\u00d5\u00be\u00d5\u00b8\u00d6\u0080\u00d5\u00ab \u00d5\u008f\u00d5\u00b8\u00d6\u0082\u00d5\u00b6 \u00d5\u008e\u00d5\u00a5\u00d6\u0080\u00d5\u00a1\u00d5\u00af\u00d5\u00a1\u00d5\u00b6\u00d5\u00a3\u00d5\u00b6\u00d5\u00b8\u00d5\u00b2\u00d5\u00a1\u00d5\u00af\u00d5\u00a1\u00d5\u00b6 \u00d4\u00bf\u00d5\u00a5\u00d5\u00b6\u00d5\u00bf\u00d6\u0080\u00d5\u00b8\u00d5\u00b6/ Zinvori Tun Rehabilitation Center",
      "timestamp": 1648538705,
      "url": "https://www.facebook.com/243812403087128"
    },
    {
      "name": "Music Crowns",
      "timestamp": 1647441625,
      "url": "https://www.facebook.com/284168723828"
    },
    {
      "name": "Digitain Armenia",
      "timestamp": 1647379157,
      "url": "https://www.facebook.com/2305276516449713"
    },
    {
      "name": "\u00d5\u0093\u00d5\u00a1\u00d5\u00b5\u00d5\u00ac-\u00d4\u00b4\u00d5\u00a5\u00d5\u00b6\u00d5\u00bf",
      "timestamp": 1645166801,
      "url": "https://www.facebook.com/1020581954666652"
    },
    {
      "name": "\u00c2\u00ab\u00d4\u00b1\u00d6\u0080\u00d5\u00a9\u00d4\u00b6\u00c2\u00bb \u00d4\u00bf\u00d6\u0080\u00d5\u00a9\u00d5\u00a1\u00d5\u00b4\u00d5\u00b7\u00d5\u00a1\u00d5\u00af\u00d5\u00b8\u00d6\u0082\u00d5\u00a9\u00d5\u00a1\u00d5\u00b5\u00d5\u00ab\u00d5\u00b6 \u00d5\u0080\u00d4\u00bf / \"ArtZ\"  Cultural-Educational NGO",
      "timestamp": 1644996070,
      "url": "https://www.facebook.com/165713720945339"
    },
    {
      "name": "Raf Floor",
      "timestamp": 1642778324,
      "url": "https://www.facebook.com/104728491315341"
    },
    {
      "name": "EPIC - Entrepreneurship and Product Innovation Center at AUA",
      "timestamp": 1642425975,
      "url": "https://www.facebook.com/126339197770589"
    },
    {
      "name": "Work and Travel USA 2024",
      "timestamp": 1641899548,
      "url": "https://www.facebook.com/128133767344715"
    },
    {
      "name": "Anthem Lights",
      "timestamp": 1641643204,
      "url": "https://www.facebook.com/116957681663077"
    },
    {
      "name": "elissa_shop73",
      "timestamp": 1641588509,
      "url": "https://www.facebook.com/102960335483067"
    },
    {
      "name": "DETQ",
      "timestamp": 1640544364,
      "url": "https://www.facebook.com/381919505323429"
    },
    {
      "name": "\u00d5\u0095\u00d5\u00b6\u00d5\u00ac\u00d5\u00a1\u00d5\u00b5\u00d5\u00b6 \u00d4\u00b2\u00d5\u00b8\u00d6\u0082\u00d5\u00bf\u00d5\u00ab\u00d5\u00af \u00d4\u00bf\u00d5\u00a1\u00d5\u00b4\u00d5\u00a5\u00d5\u00a1",
      "timestamp": 1638103701,
      "url": "https://www.facebook.com/136940619997675"
    },
    {
      "name": "All Rights Foundation",
      "timestamp": 1637908782,
      "url": "https://www.facebook.com/169529917252323"
    },
    {
      "name": "Mood Vibes",
      "timestamp": 1636311349,
      "url": "https://www.facebook.com/102674171084931"
    },
    {
      "name": "Artist Access TV",
      "timestamp": 1636223338,
      "url": "https://www.facebook.com/107842534114493"
    },
    {
      "name": "Nostalgia",
      "timestamp": 1631904740,
      "url": "https://www.facebook.com/446809589142025"
    },
    {
      "name": "Mental Lab - \u00d5\u0084\u00d5\u00a5\u00d5\u00b6\u00d5\u00a9\u00d5\u00a1\u00d5\u00ac \u00d5\u00a9\u00d5\u00be\u00d5\u00a1\u00d5\u00a2\u00d5\u00a1\u00d5\u00b6\u00d5\u00b8\u00d6\u0082\u00d5\u00a9\u00d5\u00b5\u00d5\u00a1\u00d5\u00b6 \u00d5\u00a4\u00d5\u00ba\u00d6\u0080\u00d5\u00b8\u00d6\u0081",
      "timestamp": 1631180888,
      "url": "https://www.facebook.com/1702248533212144"
    },
    {
      "name": "Professionals.am",
      "timestamp": 1630833418,
      "url": "https://www.facebook.com/313798162768722"
    },
    {
      "name": "Livi style",
      "timestamp": 1630138523,
      "url": "https://www.facebook.com/100827855665614"
    },
    {
      "name": "SELFISH fashion boutique",
      "timestamp": 1629485604,
      "url": "https://www.facebook.com/702144176603984"
    },
    {
      "name": "Sin Ella",
      "timestamp": 1629485597,
      "url": "https://www.facebook.com/101300032008358"
    },
    {
      "name": "AUA Office of Student Affairs",
      "timestamp": 1629320496,
      "url": "https://www.facebook.com/413176198864798"
    },
    {
      "name": "FirstNews Music Vlog",
      "timestamp": 1628845512,
      "url": "https://www.facebook.com/100478101938173"
    },
    {
      "name": "Tatevik Hayrapetyan \u00d5\u008f\u00d5\u00a1\u00d5\u00a9\u00d6\u0087\u00d5\u00ab\u00d5\u00af \u00d5\u0080\u00d5\u00a1\u00d5\u00b5\u00d6\u0080\u00d5\u00a1\u00d5\u00ba\u00d5\u00a5\u00d5\u00bf\u00d5\u00b5\u00d5\u00a1\u00d5\u00b6",
      "timestamp": 1627597609,
      "url": "https://www.facebook.com/332281207497523"
    },
    {
      "name": "TUMO Center for Creative Technologies",
      "timestamp": 1626002222,
      "url": "https://www.facebook.com/193484930689681"
    },
    {
      "name": "ThroughTheNews",
      "timestamp": 1625594118,
      "url": "https://www.facebook.com/205407226857080"
    },
    {
      "name": "Team Time",
      "timestamp": 1625561143,
      "url": "https://www.facebook.com/1009062672522855"
    },
    {
      "name": "NGO \"Youth Mix\"",
      "timestamp": 1624987742,
      "url": "https://www.facebook.com/288343371979255"
    },
    {
      "name": "ICYE Federation",
      "timestamp": 1624882352,
      "url": "https://www.facebook.com/187969991238368"
    },
    {
      "name": "Vecankyun/\u00d5\u008e\u00d5\u00a5\u00d6\u0081\u00d5\u00a1\u00d5\u00b6\u00d5\u00af\u00d5\u00b5\u00d5\u00b8\u00d6\u0082\u00d5\u00b6",
      "timestamp": 1624559112,
      "url": "https://www.facebook.com/336406040454256"
    },
    {
      "name": "\u00d0\u00a2\u00d0\u00b5\u00d1\u0080\u00d0\u00b8\u00d1\u0082\u00d0\u00be\u00d1\u0080\u00d1\u0096\u00d1\u008f \u00d0\u0091\u00d0\u00b5\u00d0\u00b7\u00d0\u00bf\u00d0\u00b5\u00d0\u00ba\u00d0\u00b8",
      "timestamp": 1623868304,
      "url": "https://www.facebook.com/105618694657045"
    },
    {
      "name": "E-Motion Studio   / Film & TV equipment /",
      "timestamp": 1623323821,
      "url": "https://www.facebook.com/237137773831210"
    },
    {
      "name": "Elite Look Yerevan",
      "timestamp": 1622922962,
      "url": "https://www.facebook.com/112100810539426"
    },
    {
      "name": "ArmComedy",
      "timestamp": 1622719825,
      "url": "https://www.facebook.com/169848204568"
    },
    {
      "name": "araratnews.am",
      "timestamp": 1622642405,
      "url": "https://www.facebook.com/534622579919647"
    },
    {
      "name": "EDMTunes",
      "timestamp": 1621847664,
      "url": "https://www.facebook.com/274468092597310"
    },
    {
      "name": "World of Change",
      "timestamp": 1621584211,
      "url": "https://www.facebook.com/102979418120576"
    },
    {
      "name": "\u00d5\u008d\u00d5\u00b8\u00d6\u0086\u00d5\u00b5\u00d5\u00a1 \u00d5\u0080\u00d5\u00b8\u00d5\u00be\u00d5\u00bd\u00d5\u00a5\u00d6\u0083\u00d5\u00b5\u00d5\u00a1\u00d5\u00b6 / Sofya Hovsepyan",
      "timestamp": 1621553685,
      "url": "https://www.facebook.com/417111291956002"
    },
    {
      "name": "\u00d4\u00b2\u00d5\u00b8\u00d6\u0082\u00d5\u00b6 TV",
      "timestamp": 1621375667,
      "url": "https://www.facebook.com/485607424854783"
    },
    {
      "name": "Jobing.am",
      "timestamp": 1621375573,
      "url": "https://www.facebook.com/102746895186778"
    },
    {
      "name": "Edmon Marukyan",
      "timestamp": 1621372775,
      "url": "https://www.facebook.com/694884177249979"
    },
    {
      "name": "Roman Daneghyan",
      "timestamp": 1621368127,
      "url": "https://www.facebook.com/2101395283482309"
    },
    {
      "name": "ProWeb It",
      "timestamp": 1621366909,
      "url": "https://www.facebook.com/670471226459453"
    },
    {
      "name": "VOLO",
      "timestamp": 1621018793,
      "url": "https://www.facebook.com/238392869505040"
    },
    {
      "name": "Azimuth Business Center",
      "timestamp": 1620935070,
      "url": "https://www.facebook.com/442932889168518"
    },
    {
      "name": "Your Marketing",
      "timestamp": 1620891907,
      "url": "https://www.facebook.com/741003492606042"
    },
    {
      "name": "Alteration",
      "timestamp": 1620854060,
      "url": "https://www.facebook.com/109509051244620"
    },
    {
      "name": "ARLOOPA",
      "timestamp": 1620766104,
      "url": "https://www.facebook.com/664509130252521"
    },
    {
      "name": "Brandon Agency",
      "timestamp": 1620722583,
      "url": "https://www.facebook.com/357079001098188"
    },
    {
      "name": "ProReca",
      "timestamp": 1620668935,
      "url": "https://www.facebook.com/101903254525450"
    },
    {
      "name": "Neurohub Business Academy",
      "timestamp": 1620668727,
      "url": "https://www.facebook.com/1746980582247523"
    },
    {
      "name": "Kolba Lab",
      "timestamp": 1620633980,
      "url": "https://www.facebook.com/345991032194522"
    },
    {
      "name": "Rado\u00c5\u00a1\u00c4\u0081 apvien\u00c4\u00abba jaunie\u00c5\u00a1iem Trepes",
      "timestamp": 1620304368,
      "url": "https://www.facebook.com/297514116972347"
    },
    {
      "name": "TikTok",
      "timestamp": 1619186269,
      "url": "https://www.facebook.com/138561272980870"
    },
    {
      "name": "AUA Confessions Direct",
      "timestamp": 1619026354,
      "url": "https://www.facebook.com/1667258443566707"
    },
    {
      "name": "AUA Confessions / AnonyMouse",
      "timestamp": 1619026347,
      "url": "https://www.facebook.com/110560137027373"
    },
    {
      "name": "AUA Confessions",
      "timestamp": 1619026346,
      "url": "https://www.facebook.com/1509482656022170"
    },
    {
      "name": "\u00d4\u00bf\u00d5\u00a1\u00d6\u0080\u00d5\u00ab\u00d5\u00a5\u00d6\u0080\u00d5\u00a1\u00d5\u00b5\u00d5\u00ab  \u00d5\u00af\u00d5\u00a5\u00d5\u00b6\u00d5\u00bf\u00d6\u0080\u00d5\u00b8\u00d5\u00b6",
      "timestamp": 1617821354,
      "url": "https://www.facebook.com/477873992747139"
    },
    {
      "name": "cristinasurdu.com",
      "timestamp": 1617471662,
      "url": "https://www.facebook.com/258760634208264"
    },
    {
      "name": "Khachaturov Group",
      "timestamp": 1617395618,
      "url": "https://www.facebook.com/2191483044422489"
    },
    {
      "name": "Youth Alliance for Networking",
      "timestamp": 1616588475,
      "url": "https://www.facebook.com/102636968167391"
    },
    {
      "name": "Lrnkey.com",
      "timestamp": 1616588468,
      "url": "https://www.facebook.com/116392159741463"
    },
    {
      "name": "Yerevan Park",
      "timestamp": 1616512926,
      "url": "https://www.facebook.com/335222820470752"
    },
    {
      "name": "Vahan Abrahamyan photography",
      "timestamp": 1616511455,
      "url": "https://www.facebook.com/102921831400043"
    },
    {
      "name": "AUA Admissions",
      "timestamp": 1614773984,
      "url": "https://www.facebook.com/1420218671533379"
    },
    {
      "name": "BeddingShop.am",
      "timestamp": 1614326531,
      "url": "https://www.facebook.com/102356251347948"
    },
    {
      "name": "Youthfully Yours SK",
      "timestamp": 1612450946,
      "url": "https://www.facebook.com/641012389336078"
    },
    {
      "name": "Kinderfreunde M\u00c3\u00bchlviertel",
      "timestamp": 1612387364,
      "url": "https://www.facebook.com/123762947644584"
    },
    {
      "name": "\u00d4\u00b1\u00d5\u00bc\u00d5\u00a1\u00d5\u00bb\u00d5\u00a8\u00d5\u00b6\u00d5\u00a9\u00d5\u00a1\u00d6\u0081 \u00d4\u00b5\u00d5\u00b0\u00d5\u00af /  Progress Youth NGO",
      "timestamp": 1611770958,
      "url": "https://www.facebook.com/287861814741330"
    },
    {
      "name": "Social Innovation & Cohesion Institute - Fifty Fifty",
      "timestamp": 1611770941,
      "url": "https://www.facebook.com/1503481689952632"
    },
    {
      "name": "Hrant Matevossian AR Visualization",
      "timestamp": 1611258574,
      "url": "https://www.facebook.com/101285695083051"
    },
    {
      "name": "Maryush",
      "timestamp": 1610658150,
      "url": "https://www.facebook.com/104631751501170"
    },
    {
      "name": "E\u00cc\u00b6l\u00cc\u00b6e\u00cc\u00b6g\u00cc\u00b6a\u00cc\u00b6n\u00cc\u00b6t\u00cc\u00b6",
      "timestamp": 1609882123,
      "url": "https://www.facebook.com/180524809362715"
    },
    {
      "name": "Old School Music",
      "timestamp": 1608802786,
      "url": "https://www.facebook.com/2077686002446785"
    },
    {
      "name": "Erasmus+",
      "timestamp": 1607964236,
      "url": "https://www.facebook.com/630809920303095"
    },
    {
      "name": "Erasmus+Youth & European Solidarity Corps. \u00d5\u008f\u00d5\u00a5\u00d5\u00b2\u00d5\u00a5\u00d5\u00af\u00d5\u00a1\u00d5\u00bf\u00d5\u00be\u00d5\u00a1\u00d5\u00af\u00d5\u00a1\u00d5\u00b6 \u00d5\u00af\u00d5\u00a5\u00d5\u00b6\u00d5\u00bf\u00d6\u0080\u00d5\u00b8\u00d5\u00b6 \u00d5\u0080\u00d5\u00a1\u00d5\u00b5\u00d5\u00a1\u00d5\u00bd\u00d5\u00bf\u00d5\u00a1\u00d5\u00b6\u00d5\u00b8\u00d6\u0082\u00d5\u00b4",
      "timestamp": 1607764217,
      "url": "https://www.facebook.com/852658788218326"
    },
    {
      "name": "Erasmus+ Courses in Split, Croatia",
      "timestamp": 1607451522,
      "url": "https://www.facebook.com/1672477173012354"
    },
    {
      "name": "ShipCon",
      "timestamp": 1607448836,
      "url": "https://www.facebook.com/1639292449720803"
    },
    {
      "name": "Erasmus Madrid",
      "timestamp": 1607442091,
      "url": "https://www.facebook.com/1461582384067487"
    },
    {
      "name": "Erasmus Plus  Partner Finding",
      "timestamp": 1607038715,
      "url": "https://www.facebook.com/110101895709424"
    },
    {
      "name": "\u00d5\u008f\u00d5\u00a5\u00d5\u00b2\u00d5\u00a5\u00d5\u00af\u00d5\u00a1\u00d5\u00bf\u00d5\u00b8\u00d6\u0082",
      "timestamp": 1605298671,
      "url": "https://www.facebook.com/2084712888451951"
    },
    {
      "name": "\u00d4\u00b1\u00d5\u0090\u00d4\u00bb",
      "timestamp": 1604427391,
      "url": "https://www.facebook.com/109614554268478"
    },
    {
      "name": "\u00c2\u00ab\u00d4\u00b6\u00d5\u00ab\u00d5\u00b6\u00d5\u00b8\u00d6\u0082\u00d5\u00aa\u00c2\u00bb \u00d5\u00b0\u00d5\u00a5\u00d5\u00bc\u00d5\u00b8\u00d6\u0082\u00d5\u00bd\u00d5\u00bf\u00d5\u00a1\u00d5\u00ae\u00d6\u0080\u00d5\u00a1\u00d5\u00a3\u00d5\u00ab\u00d6\u0080",
      "timestamp": 1602324362,
      "url": "https://www.facebook.com/939922266052648"
    },
    {
      "name": "ABNews TV",
      "timestamp": 1602178262,
      "url": "https://www.facebook.com/294464380620526"
    },
    {
      "name": "\u00d4\u00b1\u00d6\u0080\u00d5\u00a1\u00d5\u00b5\u00d5\u00ab\u00d5\u00af \u00d5\u0080\u00d5\u00a1\u00d6\u0080\u00d5\u00b8\u00d6\u0082\u00d5\u00a9\u00d5\u00b5\u00d5\u00b8\u00d6\u0082\u00d5\u00b6\u00d5\u00b5\u00d5\u00a1\u00d5\u00b6 Arayik Harutyunyan",
      "timestamp": 1601972902,
      "url": "https://www.facebook.com/171436153553766"
    },
    {
      "name": "\u00d5\u0080\u00d5\u00a1\u00d5\u00b5 \u00d5\u00a6\u00d5\u00ab\u00d5\u00b6\u00d5\u00be\u00d5\u00b8\u00d6\u0080",
      "timestamp": 1601508321,
      "url": "https://www.facebook.com/114944036962900"
    },
    {
      "name": "AUA Volunteers' League",
      "timestamp": 1600586299,
      "url": "https://www.facebook.com/180133925654612"
    },
    {
      "name": "Society Without Violence",
      "timestamp": 1600428874,
      "url": "https://www.facebook.com/127312237344742"
    },
    {
      "name": "tomsarkgh.am",
      "timestamp": 1600293049,
      "url": "https://www.facebook.com/212395172246742"
    },
    {
      "name": "\u00d5\u008d\u00d5\u00b8\u00d6\u0082\u00d5\u00b6\u00d5\u00a4\u00d5\u00b8\u00d6\u0082\u00d5\u00af\u00d5\u00b5\u00d5\u00a1\u00d5\u00b6\u00d5\u00ab \u00d5\u00a1\u00d5\u00b6\u00d5\u00be\u00d5\u00a1\u00d5\u00b6 \u00d5\u00a1\u00d5\u00a6\u00d5\u00a3\u00d5\u00a1\u00d5\u00b5\u00d5\u00ab\u00d5\u00b6 \u00d5\u00a1\u00d5\u00af\u00d5\u00a1\u00d5\u00a4\u00d5\u00a5\u00d5\u00b4\u00d5\u00ab\u00d5\u00a1\u00d5\u00af\u00d5\u00a1\u00d5\u00b6 \u00d5\u00a9\u00d5\u00a1\u00d5\u00bf\u00d6\u0080\u00d5\u00b8\u00d5\u00b6",
      "timestamp": 1599505671,
      "url": "https://www.facebook.com/726767710823046"
    },
    {
      "name": "Armenian National Opera and Ballet Theatre",
      "timestamp": 1599505202,
      "url": "https://www.facebook.com/143542539079443"
    },
    {
      "name": "\u00d5\u0080\u00d5\u00a1\u00d5\u00b5\u00d4\u00b1\u00d6\u0080\u00d5\u00bf \u00d5\u00b4\u00d5\u00b7\u00d5\u00a1\u00d5\u00af\u00d5\u00b8\u00d6\u0082\u00d5\u00a9\u00d5\u00a1\u00d5\u00b5\u00d5\u00ab\u00d5\u00b6 \u00d5\u00af\u00d5\u00a5\u00d5\u00b6\u00d5\u00bf\u00d6\u0080\u00d5\u00b8\u00d5\u00b6 / HayArt Cultural Centre",
      "timestamp": 1599505081,
      "url": "https://www.facebook.com/171021116260845"
    },
    {
      "name": "\u00d5\u0080\u00d5\u00a1\u00d5\u00b5-\u00d5\u00a5\u00d5\u00be\u00d6\u0080\u00d5\u00b8\u00d5\u00ba\u00d5\u00a1\u00d5\u00af\u00d5\u00a1\u00d5\u00b6 \u00d5\u00b4\u00d5\u00b7\u00d5\u00a1\u00d5\u00af\u00d5\u00b8\u00d6\u0082\u00d5\u00a9\u00d5\u00a1\u00d5\u00b5\u00d5\u00ab\u00d5\u00b6 \u00d5\u00af\u00d5\u00a5\u00d5\u00b6\u00d5\u00bf\u00d6\u0080\u00d5\u00b8\u00d5\u00b6/Armenian-European Cultural Center",
      "timestamp": 1599505080,
      "url": "https://www.facebook.com/465767360621936"
    },
    {
      "name": "\u00d5\u0084\u00d5\u00b7\u00d5\u00a1\u00d5\u00af\u00d5\u00b8\u00d6\u0082\u00d5\u00a9\u00d5\u00a1\u00d5\u00b5\u00d5\u00ab\u00d5\u00b6 \u00d5\u00af\u00d5\u00a5\u00d5\u00b6\u00d5\u00bf\u00d6\u0080\u00d5\u00b8\u00d5\u00b6 \u00c2\u00ab\u00d4\u00b1\u00d5\u0086\u00d4\u00bb\u00c2\u00bb",
      "timestamp": 1599505078,
      "url": "https://www.facebook.com/130802600980778"
    },
    {
      "name": "Vostan Restaurant",
      "timestamp": 1599466887,
      "url": "https://www.facebook.com/384525758592924"
    },
    {
      "name": "\u00d4\u00b5\u00d6\u0080\u00d5\u00a6\u00d5\u00b6\u00d5\u00af\u00d5\u00a1\u00d5\u00b5\u00d5\u00ab \u00d4\u00b5\u00d6\u0080\u00d5\u00ab\u00d5\u00bf\u00d5\u00a1\u00d5\u00bd\u00d5\u00a1\u00d6\u0080\u00d5\u00a4\u00d5\u00a1\u00d5\u00af\u00d5\u00a1\u00d5\u00b6 \u00d5\u0084\u00d5\u00ab\u00d5\u00b8\u00d6\u0082\u00d5\u00a9\u00d5\u00b5\u00d5\u00b8\u00d6\u0082\u00d5\u00b6",
      "timestamp": 1597962630,
      "url": "https://www.facebook.com/104353884473436"
    },
    {
      "name": "\u00c2\u00ab\u00d4\u00bf\u00d5\u00a1\u00d6\u0080\u00d5\u00b4\u00d5\u00ab\u00d6\u0080 \u00d5\u00a1\u00d6\u0080\u00d6\u0087\u00c2\u00bb \u00d5\u00b0\u00d5\u00a5\u00d5\u00bf\u00d5\u00a1\u00d5\u00a6\u00d5\u00b8\u00d5\u00bf\u00d5\u00a1\u00d5\u00af\u00d5\u00a1\u00d5\u00b6 \u00d5\u00ad\u00d5\u00b8\u00d6\u0082\u00d5\u00b4\u00d5\u00a2",
      "timestamp": 1597962619,
      "url": "https://www.facebook.com/128695372087288"
    },
    {
      "name": "\u00d4\u00b5\u00d5\u00a9\u00d5\u00a5 \u00d5\u00a2\u00d5\u00b8\u00d5\u00ac\u00d5\u00b8\u00d6\u0080\u00d5\u00a8 \u00d5\u00a2\u00d5\u00a1\u00d6\u0080\u00d5\u00a5\u00d5\u00a3\u00d5\u00b8\u00d6\u0080\u00d5\u00ae\u00d5\u00a1\u00d5\u00af\u00d5\u00a1\u00d5\u00b6 \u00d5\u00b0\u00d5\u00ab\u00d5\u00b4\u00d5\u00b6\u00d5\u00a1\u00d5\u00a4\u00d6\u0080\u00d5\u00a1\u00d5\u00b4/If We All Foundation",
      "timestamp": 1597168330,
      "url": "https://www.facebook.com/653884624775454"
    },
    {
      "name": "\u00d4\u00bf\u00d5\u00a1\u00d5\u00b0\u00d5\u00b8\u00d6\u0082\u00d5\u00b5\u00d6\u0084\u00d5\u00ab \u00d6\u0087 \u00d5\u00ab\u00d5\u00b6\u00d5\u00bf\u00d5\u00a5\u00d6\u0080\u00d5\u00ab\u00d5\u00a5\u00d6\u0080\u00d5\u00ab \u00d5\u00a4\u00d5\u00ab\u00d5\u00a6\u00d5\u00a1\u00d5\u00b5\u00d5\u00b6",
      "timestamp": 1596744481,
      "url": "https://www.facebook.com/119573436506581"
    },
    {
      "name": "\u00d4\u00b5\u00d6\u0080\u00d5\u00ab\u00d5\u00bf\u00d5\u00a1\u00d5\u00bd\u00d5\u00a1\u00d6\u0080\u00d5\u00a4\u00d5\u00a1\u00d5\u00af\u00d5\u00a1\u00d5\u00b6 \u00d5\u0094\u00d5\u00a1\u00d5\u00b2\u00d5\u00a1\u00d6\u0084\u00d5\u00a1\u00d5\u00af\u00d5\u00a1\u00d5\u00b6 \u00d5\u0080\u00d5\u00a1\u00d6\u0080\u00d5\u00a9\u00d5\u00a1\u00d5\u00af /Youth Political Platform/YPP",
      "timestamp": 1596578522,
      "url": "https://www.facebook.com/105853327866048"
    },
    {
      "name": "\u00d4\u00bf\u00d5\u00a1\u00d5\u00b4\u00d5\u00a1\u00d5\u00be\u00d5\u00b8\u00d6\u0080\u00d5\u00a1\u00d5\u00af\u00d5\u00a1\u00d5\u00b6 \u00d5\u00b7\u00d5\u00a1\u00d6\u0080\u00d5\u00aa\u00d5\u00b8\u00d6\u0082\u00d5\u00b4 OST Volunteering movement",
      "timestamp": 1596578519,
      "url": "https://www.facebook.com/104402031104228"
    },
    {
      "name": "YIPC Youth Initiatives Promotion Center",
      "timestamp": 1596578518,
      "url": "https://www.facebook.com/1257015067717261"
    },
    {
      "name": "\u00d4\u00bb\u00d5\u00b6\u00d5\u00bf\u00d5\u00a5\u00d5\u00a3\u00d6\u0080\u00d5\u00a1\u00d5\u00ac-\u00d5\u008d\u00d4\u00b4",
      "timestamp": 1596547996,
      "url": "https://www.facebook.com/100232645117860"
    },
    {
      "name": "CSO DePo \u00d5\u0080\u00d4\u00bf \u00d4\u00b4\u00d5\u00a5\u00d5\u00ba\u00d5\u00b8",
      "timestamp": 1596408261,
      "url": "https://www.facebook.com/1529471207327755"
    },
    {
      "name": "Fund for Armenian Relief, Inc",
      "timestamp": 1596063280,
      "url": "https://www.facebook.com/432947223473316"
    },
    {
      "name": "Taron Papikyan",
      "timestamp": 1596047031,
      "url": "https://www.facebook.com/174603410104860"
    },
    {
      "name": "JS Volunteers",
      "timestamp": 1595949354,
      "url": "https://www.facebook.com/377671569678283"
    },
    {
      "name": "Toplula",
      "timestamp": 1595529471,
      "url": "https://www.facebook.com/117110570046484"
    },
    {
      "name": "Usanogh.am",
      "timestamp": 1595443604,
      "url": "https://www.facebook.com/119180059488411"
    },
    {
      "name": "FAST - Foundation for Armenian Science and Technology",
      "timestamp": 1595442277,
      "url": "https://www.facebook.com/418078961898782"
    },
    {
      "name": "Teach For Armenia",
      "timestamp": 1595353832,
      "url": "https://www.facebook.com/560316104002029"
    },
    {
      "name": "Eworld Kids Foundation / \u00d4\u00bb\u00d5\u00be\u00d5\u00b8\u00d6\u0080\u00d5\u00ac\u00d5\u00a4 \u00d5\u00b4\u00d5\u00a1\u00d5\u00b6\u00d5\u00af\u00d5\u00a1\u00d5\u00af\u00d5\u00a1\u00d5\u00b6 \u00d5\u00b0\u00d5\u00ab\u00d5\u00b4\u00d5\u00b6\u00d5\u00a1\u00d5\u00a4\u00d6\u0080\u00d5\u00a1\u00d5\u00b4",
      "timestamp": 1595352076,
      "url": "https://www.facebook.com/106355017483704"
    },
    {
      "name": "Blooming Armenia",
      "timestamp": 1595248599,
      "url": "https://www.facebook.com/1897201957253263"
    },
    {
      "name": "English with Kris Amerikos",
      "timestamp": 1595165098,
      "url": "https://www.facebook.com/1600943496792673"
    },
    {
      "name": "\u00d5\u0088\u00d5\u0084\u00d4\u00b1/VOMA-\u00d5\u0088\u00d5\u00b2\u00d5\u00bb \u00d5\u0084\u00d5\u00b6\u00d5\u00a1\u00d5\u00ac\u00d5\u00b8\u00d6\u0082 \u00d4\u00b1\u00d6\u0080\u00d5\u00be\u00d5\u00a5\u00d5\u00bd\u00d5\u00bf",
      "timestamp": 1595013768,
      "url": "https://www.facebook.com/937286326310778"
    },
    {
      "name": "Greenwayarmenia.lusine",
      "timestamp": 1595008517,
      "url": "https://www.facebook.com/100985068364773"
    },
    {
      "name": "Big Mind",
      "timestamp": 1594722446,
      "url": "https://www.facebook.com/105770270925110"
    },
    {
      "name": "Front Group - \u00d4\u00b8\u00d5\u00b6\u00d5\u00af\u00d5\u00a5\u00d6\u0080\u00d5\u00b8\u00d6\u0082\u00d5\u00a9\u00d5\u00b5\u00d5\u00b8\u00d6\u0082\u00d5\u00b6\u00d5\u00b6\u00d5\u00a5\u00d6\u0080\u00d5\u00ab it \u00d5\u00bd\u00d5\u00ba\u00d5\u00a1\u00d5\u00bd\u00d5\u00a1\u00d6\u0080\u00d5\u00af\u00d5\u00b8\u00d6\u0082\u00d5\u00b4",
      "timestamp": 1594391553,
      "url": "https://www.facebook.com/102580214433190"
    },
    {
      "name": "zoom in",
      "timestamp": 1594303605,
      "url": "https://www.facebook.com/1284044198430427"
    },
    {
      "name": "\u00d4\u00b1\u00d5\u00af\u00d5\u00bf\u00d5\u00ab\u00d5\u00be \u00d4\u00bf\u00d5\u00a1\u00d5\u00b4\u00d5\u00a1\u00d5\u00be\u00d5\u00b8\u00d6\u0080\u00d5\u00b6\u00d5\u00a5\u00d6\u0080\u00d5\u00ab \u00d4\u00bf\u00d5\u00a1\u00d5\u00a6\u00d5\u00b4\u00d5\u00a1\u00d5\u00af\u00d5\u00a5\u00d6\u0080\u00d5\u00ba\u00d5\u00b8\u00d6\u0082\u00d5\u00a9\u00d5\u00b5\u00d5\u00b8\u00d6\u0082\u00d5\u00b6",
      "timestamp": 1594301150,
      "url": "https://www.facebook.com/2039134203023230"
    },
    {
      "name": "Khan Academy Armenia / \u00c2\u00ab\u00d5\u0094\u00d5\u00a1\u00d5\u00b6\u00c2\u00bb \u00d5\u00a1\u00d5\u00af\u00d5\u00a1\u00d5\u00a4\u00d5\u00a5\u00d5\u00b4\u00d5\u00ab\u00d5\u00a1 \u00d5\u0080\u00d5\u00a1\u00d5\u00b5\u00d5\u00a1\u00d5\u00bd\u00d5\u00bf\u00d5\u00a1\u00d5\u00b6",
      "timestamp": 1594032912,
      "url": "https://www.facebook.com/193924457634838"
    },
    {
      "name": "ArevaTun / \u00d4\u00b1\u00d6\u0080\u00d6\u0087\u00d5\u00a1\u00d5\u008f\u00d5\u00b8\u00d6\u0082\u00d5\u00b6",
      "timestamp": 1594021062,
      "url": "https://www.facebook.com/108733380627925"
    },
    {
      "name": "Level Up Innovative Language Teaching Center",
      "timestamp": 1593977839,
      "url": "https://www.facebook.com/332109804119276"
    },
    {
      "name": "Giftingam",
      "timestamp": 1593955418,
      "url": "https://www.facebook.com/101342351499733"
    },
    {
      "name": "SEO Pro Expert",
      "timestamp": 1593812069,
      "url": "https://www.facebook.com/115883213492325"
    },
    {
      "name": "E_Quality",
      "timestamp": 1593800890,
      "url": "https://www.facebook.com/2251763768445709"
    },
    {
      "name": "Girl Up Avshar",
      "timestamp": 1593607675,
      "url": "https://www.facebook.com/1838414612922167"
    },
    {
      "name": "\u00d5\u0080\u00d5\u00a6\u00d5\u00b8\u00d6\u0080 \u00d5\u0084\u00d5\u00ab\u00d5\u00bf\u00d6\u0084 / Strong Mind",
      "timestamp": 1593273837,
      "url": "https://www.facebook.com/106982110851478"
    },
    {
      "name": "UNESCO",
      "timestamp": 1593265677,
      "url": "https://www.facebook.com/51626468389"
    },
    {
      "name": "American Corner of City Central Isahakyan Library",
      "timestamp": 1593265608,
      "url": "https://www.facebook.com/141271449648"
    },
    {
      "name": "EYP Armenia",
      "timestamp": 1593265508,
      "url": "https://www.facebook.com/490422110987163"
    },
    {
      "name": "Discover the European Solidarity Corps",
      "timestamp": 1593172118,
      "url": "https://www.facebook.com/139995199358271"
    },
    {
      "name": "Federation of Youth Clubs of Armenia (FYCA)",
      "timestamp": 1592821302,
      "url": "https://www.facebook.com/119757744815673"
    },
    {
      "name": "Armenia2041",
      "timestamp": 1592684610,
      "url": "https://www.facebook.com/1150981888394124"
    },
    {
      "name": "Doha Debates",
      "timestamp": 1592633236,
      "url": "https://www.facebook.com/360424321432255"
    },
    {
      "name": "DNA",
      "timestamp": 1592588892,
      "url": "https://www.facebook.com/900068643686981"
    },
    {
      "name": "Branded Online Outlet Armenia",
      "timestamp": 1592429851,
      "url": "https://www.facebook.com/190473158165463"
    },
    {
      "name": "World Vision Armenia - \u00d5\u008e\u00d5\u00b8\u00d6\u0080\u00d5\u00ac\u00d5\u00a4 \u00d5\u008e\u00d5\u00ab\u00d5\u00aa\u00d5\u00b6 \u00d5\u0080\u00d5\u00a1\u00d5\u00b5\u00d5\u00a1\u00d5\u00bd\u00d5\u00bf\u00d5\u00a1\u00d5\u00b6",
      "timestamp": 1592420594,
      "url": "https://www.facebook.com/135691779794578"
    },
    {
      "name": "Armenian Red Cross Society",
      "timestamp": 1592420587,
      "url": "https://www.facebook.com/461118990593460"
    },
    {
      "name": "Happy Youth/\u00d4\u00b5\u00d6\u0080\u00d5\u00bb\u00d5\u00a1\u00d5\u00b6\u00d5\u00ab\u00d5\u00af \u00d5\u00a5\u00d6\u0080\u00d5\u00ab\u00d5\u00bf\u00d5\u00a1\u00d5\u00bd\u00d5\u00a1\u00d6\u0080\u00d5\u00a4\u00d5\u00b8\u00d6\u0082\u00d5\u00a9\u00d5\u00b5\u00d5\u00b8\u00d6\u0082\u00d5\u00b6",
      "timestamp": 1592414994,
      "url": "https://www.facebook.com/171356687107819"
    },
    {
      "name": "\u00d5\u0084\u00d4\u00bb\u00d5\u008f\u00d5\u0094 \u00d5\u0080\u00d4\u00bf/ MITK NGO",
      "timestamp": 1592396878,
      "url": "https://www.facebook.com/687176778286501"
    },
    {
      "name": "Richard Clayderman",
      "timestamp": 1592034140,
      "url": "https://www.facebook.com/161444273992203"
    },
    {
      "name": "Sami Armenia",
      "timestamp": 1592024859,
      "url": "https://www.facebook.com/106015197761153"
    },
    {
      "name": "Youth Opportunities Club NGO",
      "timestamp": 1591822511,
      "url": "https://www.facebook.com/173229809959980"
    },
    {
      "name": "proffy.am",
      "timestamp": 1591636014,
      "url": "https://www.facebook.com/112245733845342"
    },
    {
      "name": "Gor Sujyan",
      "timestamp": 1591297720,
      "url": "https://www.facebook.com/513124805462235"
    },
    {
      "name": "Tedy.am",
      "timestamp": 1587663965,
      "url": "https://www.facebook.com/105134244299527"
    },
    {
      "name": "Ani's Handmade books",
      "timestamp": 1587663721,
      "url": "https://www.facebook.com/1013939882034729"
    },
    {
      "name": "\u00d4\u00b1\u00d6\u0080\u00d5\u00a1\u00d5\u00b5\u00d5\u00ab\u00d5\u00af \u00d5\u0080\u00d5\u00a1\u00d6\u0080\u00d5\u00b8\u00d6\u0082\u00d5\u00a9\u00d5\u00b5\u00d5\u00b8\u00d6\u0082\u00d5\u00b6\u00d5\u00b5\u00d5\u00a1\u00d5\u00b6  Arayik Harutyunyan",
      "timestamp": 1586786256,
      "url": "https://www.facebook.com/1838505713103437"
    },
    {
      "name": "Armenian Progressive Youth",
      "timestamp": 1585580794,
      "url": "https://www.facebook.com/267075439978476"
    },
    {
      "name": "\u00d4\u00bc\u00d5\u00b8\u00d6\u0082\u00d6\u0080\u00d5\u00a5\u00d6\u0080 \u00d5\u00a4\u00d5\u00aa\u00d5\u00b8\u00d5\u00ad\u00d6\u0084\u00d5\u00ab\u00d6\u0081",
      "timestamp": 1584647211,
      "url": "https://www.facebook.com/1509432035964970"
    },
    {
      "name": "YouMe - watches&accessories",
      "timestamp": 1584461251,
      "url": "https://www.facebook.com/1816276701970295"
    },
    {
      "name": "Arsen Torosyan",
      "timestamp": 1584280864,
      "url": "https://www.facebook.com/336154206570851"
    },
    {
      "name": "Library Anticafe",
      "timestamp": 1584200267,
      "url": "https://www.facebook.com/1801088043318443"
    },
    {
      "name": "Yamaha MUSIC SHOP Armenia",
      "timestamp": 1583940713,
      "url": "https://www.facebook.com/140247929501981"
    },
    {
      "name": "\u00c2\u00ab\u00d4\u00b5\u00d6\u0080\u00d5\u00a2 \u00d5\u00a2\u00d5\u00a1\u00d5\u00b6\u00d5\u00a1\u00d5\u00be\u00d5\u00ab\u00d5\u00b3\u00d5\u00b8\u00d6\u0082\u00d5\u00b4 \u00d5\u00a5\u00d5\u00b6 \u00d5\u00a5\u00d6\u0080\u00d5\u00ab\u00d5\u00bf\u00d5\u00a1\u00d5\u00bd\u00d5\u00a1\u00d6\u0080\u00d5\u00a4\u00d5\u00b6\u00d5\u00a5\u00d6\u0080\u00d5\u00a8\u00c2\u00bb \u00d5\u00a2\u00d5\u00a1\u00d5\u00b6\u00d5\u00a1\u00d5\u00be\u00d5\u00a5\u00d5\u00b3\u00d5\u00ab \u00d5\u00a1\u00d5\u00af\u00d5\u00b8\u00d6\u0082\u00d5\u00b4\u00d5\u00a2",
      "timestamp": 1583786336,
      "url": "https://www.facebook.com/849730531705179"
    },
    {
      "name": "ARRwood Furniture",
      "timestamp": 1583658315,
      "url": "https://www.facebook.com/1821779881167784"
    },
    {
      "name": "\u00d4\u00b1\u00d5\u00ba\u00d5\u00a1\u00d5\u00a3\u00d5\u00a1 \u00d5\u0080\u00d4\u00bf/ Future NGO",
      "timestamp": 1583604181,
      "url": "https://www.facebook.com/104566160980807"
    },
    {
      "name": "ACS LLC  Armenian Conference Systems",
      "timestamp": 1583595373,
      "url": "https://www.facebook.com/349321798608894"
    },
    {
      "name": "United Youth Union",
      "timestamp": 1583511350,
      "url": "https://www.facebook.com/1506209263028033"
    },
    {
      "name": "Youth for Change NGO",
      "timestamp": 1583511295,
      "url": "https://www.facebook.com/1420764144608575"
    },
    {
      "name": "\u00d4\u00b5\u00d6\u0080\u00d5\u00ab\u00d5\u00bf\u00d5\u00a1\u00d5\u00bd\u00d5\u00a1\u00d6\u0080\u00d5\u00a4\u00d5\u00b6\u00d5\u00a5\u00d6\u0080\u00d5\u00a8 \u00d5\u0080\u00d5\u00a1\u00d5\u00b6\u00d5\u00b8\u00d6\u0082\u00d5\u00b6 \u00d4\u00b6\u00d5\u00a1\u00d6\u0080\u00d5\u00a3\u00d5\u00a1\u00d6\u0081\u00d5\u00b4\u00d5\u00a1\u00d5\u00b6 \u00d5\u0080\u00d5\u00ab\u00d5\u00b4\u00d5\u00b6\u00d5\u00a1\u00d5\u00a4\u00d6\u0080\u00d5\u00a1\u00d5\u00b4",
      "timestamp": 1583510796,
      "url": "https://www.facebook.com/718200061613865"
    },
    {
      "name": "UNICEF Armenia - \u00d5\u0085\u00d5\u00b8\u00d6\u0082\u00d5\u00b6\u00d5\u00ab\u00d5\u00bd\u00d5\u00a5\u00d6\u0086 \u00d5\u0080\u00d5\u00a1\u00d5\u00b5\u00d5\u00a1\u00d5\u00bd\u00d5\u00bf\u00d5\u00a1\u00d5\u00b6",
      "timestamp": 1583508578,
      "url": "https://www.facebook.com/190588541061526"
    },
    {
      "name": "\u00d4\u00bf\u00d5\u00a1\u00d5\u00b4\u00d5\u00a1\u00d5\u00be\u00d5\u00b8\u00d6\u0080 INFO",
      "timestamp": 1583350974,
      "url": "https://www.facebook.com/104529941150525"
    },
    {
      "name": "Children of Armenia Fund (COAF)",
      "timestamp": 1583350450,
      "url": "https://www.facebook.com/120046391387541"
    },
    {
      "name": "AGBU",
      "timestamp": 1583350425,
      "url": "https://www.facebook.com/5952827727"
    },
    {
      "name": "Birthright Armenia - \u00d4\u00b4\u00d5\u00a5\u00d5\u00ba\u00d5\u00ab \u00d5\u0080\u00d5\u00a1\u00d5\u00b5\u00d6\u0084",
      "timestamp": 1583350394,
      "url": "https://www.facebook.com/125363589480"
    },
    {
      "name": "KATA",
      "timestamp": 1583262788,
      "url": "https://www.facebook.com/1646338388961577"
    },
    {
      "name": "\u00d4\u00b5\u00d6\u0080\u00d6\u0087\u00d5\u00a1\u00d5\u00b6 \u00d5\u00a1\u00d5\u00b4\u00d5\u00bd\u00d5\u00a1\u00d5\u00a3\u00d5\u00ab\u00d6\u0080 \u00e2\u0080\u00a2 evnmag",
      "timestamp": 1583013890,
      "url": "https://www.facebook.com/249089118439505"
    },
    {
      "name": "\u00d5\u0080\u00d5\u00a1\u00d5\u00b5 \u00d5\u00af\u00d5\u00a1\u00d5\u00b4\u00d5\u00a1\u00d5\u00be\u00d5\u00b8\u00d6\u0080\u00d5\u00a1\u00d5\u00af\u00d5\u00a1\u00d5\u00b6 \u00d5\u00a1\u00d5\u00bd\u00d5\u00b8\u00d6\u0081\u00d5\u00ab\u00d5\u00a1\u00d6\u0081\u00d5\u00ab\u00d5\u00a1 - AVA Youth NGO",
      "timestamp": 1583013575,
      "url": "https://www.facebook.com/1398201430282126"
    },
    {
      "name": "Volunteam",
      "timestamp": 1583013478,
      "url": "https://www.facebook.com/300156507524433"
    },
    {
      "name": "\u00d4\u00b3\u00d6\u0080\u00d6\u0084\u00d5\u00a5\u00d6\u0080 \u00d4\u00b1\u00d5\u00b6\u00d5\u00bf\u00d5\u00a1\u00d6\u0080\u00d5\u00a5\u00d5\u00bd\u00d5\u00ab\u00d6\u0081",
      "timestamp": 1581680694,
      "url": "https://www.facebook.com/264444823581827"
    },
    {
      "name": "\u00d0\u00af\u00d1\u0080\u00d0\u00ba\u00d0\u00be\u00d0\u00b5 \u00d0\u00b2\u00d0\u00b8\u00d0\u00b4\u00d0\u00b5\u00d0\u00be",
      "timestamp": 1581606251,
      "url": "https://www.facebook.com/1364457866982254"
    },
    {
      "name": "Shoes in Armenia",
      "timestamp": 1581605107,
      "url": "https://www.facebook.com/162627727622418"
    },
    {
      "name": "Dr.Badalyan",
      "timestamp": 1581354417,
      "url": "https://www.facebook.com/105931187619849"
    },
    {
      "name": "Promesa Fashion",
      "timestamp": 1578214967,
      "url": "https://www.facebook.com/260021878229774"
    },
    {
      "name": "Deepak's Art & Craft",
      "timestamp": 1576951243,
      "url": "https://www.facebook.com/1612183122165992"
    },
    {
      "name": "Moon Events",
      "timestamp": 1576682016,
      "url": "https://www.facebook.com/459665901071397"
    },
    {
      "name": "HAUSER",
      "timestamp": 1576158821,
      "url": "https://www.facebook.com/132406600173425"
    },
    {
      "name": "Fluffy",
      "timestamp": 1575734875,
      "url": "https://www.facebook.com/107317756366357"
    },
    {
      "name": "CityNabz Armenia",
      "timestamp": 1572415876,
      "url": "https://www.facebook.com/1775669519360973"
    },
    {
      "name": "FLOOREX",
      "timestamp": 1570730079,
      "url": "https://www.facebook.com/825877497560242"
    },
    {
      "name": "Kamavorner/\u00d4\u00bf\u00d5\u00a1\u00d5\u00b4\u00d5\u00a1\u00d5\u00be\u00d5\u00b8\u00d6\u0080\u00d5\u00b6\u00d5\u00a5\u00d6\u0080",
      "timestamp": 1570646605,
      "url": "https://www.facebook.com/445952829100750"
    },
    {
      "name": "\u00d4\u00bf\u00d5\u00a1\u00d5\u00b4\u00d5\u00a1\u00d5\u00be\u00d5\u00b8\u00d6\u0080 \u00d5\u00a5\u00d5\u00b4",
      "timestamp": 1570646601,
      "url": "https://www.facebook.com/831897420255310"
    },
    {
      "name": "United Armenian Volunteers League - UAVL",
      "timestamp": 1570646578,
      "url": "https://www.facebook.com/715714351900835"
    },
    {
      "name": "TeensLIVE",
      "timestamp": 1569755454,
      "url": "https://www.facebook.com/1995852407358161"
    },
    {
      "name": "FLEX Alumni Armenia",
      "timestamp": 1569753442,
      "url": "https://www.facebook.com/1630658203881440"
    },
    {
      "name": "American University of Armenia",
      "timestamp": 1569663609,
      "url": "https://www.facebook.com/159219260801636"
    },
    {
      "name": "EV Accessories",
      "timestamp": 1569138451,
      "url": "https://www.facebook.com/2850670298284196"
    },
    {
      "name": "Harutyunyan Silver HandMade",
      "timestamp": 1568457266,
      "url": "https://www.facebook.com/802226056550108"
    },
    {
      "name": "\u00d5\u0080\u00d5\u00a1\u00d5\u00b5 \u00d5\u00af\u00d5\u00a1\u00d5\u00b4\u00d5\u00a1\u00d5\u00be\u00d5\u00b8\u00d6\u0080\u00d5\u00b6\u00d5\u00a5\u00d6\u0080\u00d5\u00ab \u00d5\u00a2\u00d5\u00a1\u00d5\u00b6\u00d5\u00af/Armenian volunteers bank",
      "timestamp": 1567798196,
      "url": "https://www.facebook.com/629979070368345"
    },
    {
      "name": "Train - Language School",
      "timestamp": 1567797363,
      "url": "https://www.facebook.com/1432508920374256"
    },
    {
      "name": "Robman Collection",
      "timestamp": 1567716652,
      "url": "https://www.facebook.com/313234845549334"
    },
    {
      "name": "Incourt Tennis Club",
      "timestamp": 1567716139,
      "url": "https://www.facebook.com/1383205355273647"
    },
    {
      "name": "Leo Shoes",
      "timestamp": 1567536542,
      "url": "https://www.facebook.com/1286161714822412"
    },
    {
      "name": "Malena online store/ \u00d5\u0084\u00d5\u00a1\u00d5\u00ac\u00d5\u00a5\u00d5\u00b6\u00d5\u00a1 \u00d6\u0085\u00d5\u00b6\u00d5\u00ac\u00d5\u00a1\u00d5\u00b5\u00d5\u00b6 \u00d5\u00ad\u00d5\u00a1\u00d5\u00b6\u00d5\u00b8\u00d6\u0082\u00d5\u00a9",
      "timestamp": 1567535420,
      "url": "https://www.facebook.com/2016525205339134"
    },
    {
      "name": "Ray & Mike online shop Armenia",
      "timestamp": 1567535332,
      "url": "https://www.facebook.com/1799111763436195"
    },
    {
      "name": "Sevag Aroyan - TOEFL, IELTS, GRE, SAT Tutor",
      "timestamp": 1567369757,
      "url": "https://www.facebook.com/2008463982722205"
    },
    {
      "name": "Likenews.am",
      "timestamp": 1567270924,
      "url": "https://www.facebook.com/102057444507782"
    },
    {
      "name": "\u00d4\u00b1\u00d6\u0080\u00d5\u00b7\u00d5\u00a1\u00d5\u00be\u00d5\u00b6\u00d5\u00a5\u00d6\u0080 \u00d4\u00b1\u00d5\u00af\u00d5\u00b8\u00d6\u0082\u00d5\u00b4\u00d5\u00a2 \u00d5\u00bf\u00d5\u00b8\u00d6\u0082\u00d6\u0080 / Arshavner Akumb tour",
      "timestamp": 1566812488,
      "url": "https://www.facebook.com/605424269604016"
    },
    {
      "name": "\u00d4\u00b3\u00d5\u00ab\u00d5\u00bf\u00d5\u00b8\u00d6\u0082\u00d5\u00a9\u00d5\u00b5\u00d5\u00b8\u00d6\u0082\u00d5\u00b6 \u00d6\u0087 \u00d5\u00bf\u00d5\u00a5\u00d5\u00ad\u00d5\u00b6\u00d5\u00b8\u00d5\u00ac\u00d5\u00b8\u00d5\u00a3\u00d5\u00ab\u00d5\u00a1 / Science and Technology",
      "timestamp": 1566637937,
      "url": "https://www.facebook.com/430132104486839"
    },
    {
      "name": "\u00d4\u00b5\u00d6\u0080\u00d5\u00a1\u00d5\u00aa\u00d5\u00b7\u00d5\u00bf\u00d5\u00a1\u00d5\u00af\u00d5\u00a1\u00d5\u00b6 \u00d6\u0087 \u00d4\u00bf\u00d5\u00ab\u00d5\u00b6\u00d5\u00b8 \u00d5\u0086\u00d5\u00b8\u00d6\u0080\u00d5\u00b8\u00d6\u0082\u00d5\u00a9\u00d5\u00b5\u00d5\u00b8\u00d6\u0082\u00d5\u00b6\u00d5\u00b6\u00d5\u00a5\u00d6\u0080",
      "timestamp": 1566587589,
      "url": "https://www.facebook.com/622622614424818"
    },
    {
      "name": "Armbrok Yerevan Marathon",
      "timestamp": 1566579011,
      "url": "https://www.facebook.com/1389201124734953"
    },
    {
      "name": "Persona / \u00d5\u008a\u00d5\u00a5\u00d6\u0080\u00d5\u00bd\u00d5\u00b8\u00d5\u00b6\u00d5\u00a1",
      "timestamp": 1566118895,
      "url": "https://www.facebook.com/195224057869022"
    },
    {
      "name": "Megamall Armenia",
      "timestamp": 1566067410,
      "url": "https://www.facebook.com/1776350336013836"
    },
    {
      "name": "Food Network UK",
      "timestamp": 1562694786,
      "url": "https://www.facebook.com/169372343261"
    },
    {
      "name": "Cooking Channel",
      "timestamp": 1562694784,
      "url": "https://www.facebook.com/153561472759"
    },
    {
      "name": "Best Taste",
      "timestamp": 1562694783,
      "url": "https://www.facebook.com/873024319406567"
    },
    {
      "name": "Cooking Wild",
      "timestamp": 1562686093,
      "url": "https://www.facebook.com/260892070694674"
    },
    {
      "name": "Little black dress boutique",
      "timestamp": 1561903971,
      "url": "https://www.facebook.com/1624139114370304"
    },
    {
      "name": "Galacticus",
      "timestamp": 1560153044,
      "url": "https://www.facebook.com/359618207965887"
    },
    {
      "name": "ONE WAY Tour",
      "timestamp": 1560015979,
      "url": "https://www.facebook.com/161424730585070"
    },
    {
      "name": "Bella Casa - \u00d4\u00b2\u00d5\u00a5\u00d5\u00ac\u00d5\u00ac\u00d5\u00a1 \u00d4\u00bf\u00d5\u00a1\u00d5\u00a6\u00d5\u00a1",
      "timestamp": 1558190876,
      "url": "https://www.facebook.com/212688016179706"
    },
    {
      "name": "Piano House Armenia",
      "timestamp": 1558190544,
      "url": "https://www.facebook.com/1744708575793171"
    },
    {
      "name": "Tech Vacation",
      "timestamp": 1557945214,
      "url": "https://www.facebook.com/213841982805202"
    },
    {
      "name": "Hambardzum Vardanyan",
      "timestamp": 1557686960,
      "url": "https://www.facebook.com/837012232994223"
    },
    {
      "name": "360Stories",
      "timestamp": 1556111511,
      "url": "https://www.facebook.com/443553732378789"
    },
    {
      "name": "360 VISIO",
      "timestamp": 1555386805,
      "url": "https://www.facebook.com/169115766563971"
    },
    {
      "name": "Srbuk",
      "timestamp": 1552775770,
      "url": "https://www.facebook.com/260601304627480"
    },
    {
      "name": "\u00d4\u00b1\u00d6\u0080\u00d6\u0087 - \u00d4\u00b5\u00d6\u0080\u00d5\u00a5\u00d5\u00ad\u00d5\u00a1\u00d5\u00b6\u00d5\u00a5\u00d6\u0080",
      "timestamp": 1551115367,
      "url": "https://www.facebook.com/1002849076548114"
    },
    {
      "name": "Angelica Hale",
      "timestamp": 1550004100,
      "url": "https://www.facebook.com/726702980694809"
    },
    {
      "name": "\u00d4\u00bf. \u00d4\u00b4\u00d5\u00a5\u00d5\u00b4\u00d5\u00ab\u00d6\u0080\u00d5\u00b3\u00d5\u00b5\u00d5\u00a1\u00d5\u00b6\u00d5\u00ab \u00d5\u00a1\u00d5\u00b6\u00d5\u00be\u00d5\u00a1\u00d5\u00b6 \u00d5\u00b0. 139 \u00d5\u00a1\u00d5\u00be\u00d5\u00a1\u00d5\u00a3 \u00d5\u00a4\u00d5\u00ba\u00d6\u0080\u00d5\u00b8\u00d6\u0081",
      "timestamp": 1549047685,
      "url": "https://www.facebook.com/543864739113145"
    },
    {
      "name": "Vahagn Piercer",
      "timestamp": 1548236098,
      "url": "https://www.facebook.com/1424783264469704"
    },
    {
      "name": "\u00d0\u009e\u00d0\u00b1\u00d1\u0089\u00d0\u00b5\u00d1\u0081\u00d1\u0082\u00d0\u00b2\u00d0\u00be \u00d0\u00bc\u00d1\u0083\u00d0\u00b7\u00d1\u008b\u00d0\u00ba\u00d0\u00b0\u00d0\u00bd\u00d1\u0082\u00d0\u00be\u00d0\u00b2",
      "timestamp": 1548216720,
      "url": "https://www.facebook.com/629293537165207"
    },
    {
      "name": "M.A Collection",
      "timestamp": 1547909543,
      "url": "https://www.facebook.com/625613977648724"
    },
    {
      "name": "\u00d4\u00b7\u00d5\u00a4\u00d5\u00b8\u00d6\u0082\u00d5\u00a1\u00d6\u0080\u00d5\u00a4 \u00d5\u0087\u00d5\u00a1\u00d6\u0080\u00d5\u00b4\u00d5\u00a1\u00d5\u00a6\u00d5\u00a1\u00d5\u00b6\u00d5\u00b8\u00d5\u00be \\ Eduard Sharmazanov",
      "timestamp": 1547756993,
      "url": "https://www.facebook.com/333386077462494"
    },
    {
      "name": "Baby Cute",
      "timestamp": 1547494650,
      "url": "https://www.facebook.com/1981537668839011"
    },
    {
      "name": "Hayko Hakobyan Foundation",
      "timestamp": 1546710973,
      "url": "https://www.facebook.com/268949226505309"
    },
    {
      "name": "Funniest VideOasis",
      "timestamp": 1546615044,
      "url": "https://www.facebook.com/171116713760857"
    },
    {
      "name": "LittleThings",
      "timestamp": 1546098747,
      "url": "https://www.facebook.com/266691943540185"
    },
    {
      "name": "Yup That Exists",
      "timestamp": 1546089132,
      "url": "https://www.facebook.com/471106609657340"
    },
    {
      "name": "Lilit Hovhannisyan",
      "timestamp": 1545499729,
      "url": "https://www.facebook.com/133133526764585"
    },
    {
      "name": "Funniest Family Moments",
      "timestamp": 1545057487,
      "url": "https://www.facebook.com/1920119358277556"
    },
    {
      "name": "\u00d0\u009c\u00d1\u008b \u00d0\u009c\u00d1\u0083\u00d0\u00b7\u00d1\u008b\u00d0\u00ba\u00d0\u00b0\u00d0\u00bd\u00d1\u0082\u00d1\u008b, \u00d0\u00b8 \u00d1\u0083 \u00d0\u00bd\u00d0\u00b0\u00d1\u0081 \u00d1\u0082\u00d1\u0083\u00d1\u0082 \u00d1\u0081\u00d0\u00b2\u00d0\u00be\u00d1\u008f \u00d0\u00b0\u00d1\u0082\u00d0\u00bc\u00d0\u00be\u00d1\u0081\u00d1\u0084\u00d0\u00b5\u00d1\u0080\u00d0\u00b0.",
      "timestamp": 1545057230,
      "url": "https://www.facebook.com/373244622801647"
    },
    {
      "name": "Taguhi Ohanyan",
      "timestamp": 1544966303,
      "url": "https://www.facebook.com/110972235598577"
    },
    {
      "name": "imusic.am",
      "timestamp": 1544558866,
      "url": "https://www.facebook.com/373732912304"
    },
    {
      "name": "Lington",
      "timestamp": 1544183945,
      "url": "https://www.facebook.com/580039632178752"
    },
    {
      "name": "Li&Va  online shopping",
      "timestamp": 1543250509,
      "url": "https://www.facebook.com/1628974190687948"
    },
    {
      "name": "SOLO Music Shop",
      "timestamp": 1542916968,
      "url": "https://www.facebook.com/519162111458898"
    },
    {
      "name": "acoustiKa",
      "timestamp": 1542916871,
      "url": "https://www.facebook.com/666999516648722"
    },
    {
      "name": "Music land, Armenia",
      "timestamp": 1542916747,
      "url": "https://www.facebook.com/431673900198190"
    },
    {
      "name": "\u00d4\u00b1\u00d5\u00bc\u00d5\u00a1\u00d5\u00bb\u00d5\u00ab\u00d5\u00b6 News",
      "timestamp": 1541168629,
      "url": "https://www.facebook.com/684682928288378"
    },
    {
      "name": "Woody & Kleiny",
      "timestamp": 1541148607,
      "url": "https://www.facebook.com/147311735458991"
    },
    {
      "name": "EBrothers",
      "timestamp": 1541077089,
      "url": "https://www.facebook.com/873502402691373"
    },
    {
      "name": "English Grammar",
      "timestamp": 1539810315,
      "url": "https://www.facebook.com/443554135691175"
    },
    {
      "name": "\u00d4\u00b1\u00d5\u0090\u00d5\u0084\u00d4\u00b5\u00d5\u0086\u00d4\u00bb\u00d4\u00b1",
      "timestamp": 1539370200,
      "url": "https://www.facebook.com/1707637489543115"
    },
    {
      "name": "Accessorize Armenia",
      "timestamp": 1539248187,
      "url": "https://www.facebook.com/549984991765885"
    },
    {
      "name": "Run Armenia",
      "timestamp": 1537000423,
      "url": "https://www.facebook.com/920980351298076"
    },
    {
      "name": "Jay Shetty",
      "timestamp": 1535713910,
      "url": "https://www.facebook.com/1557825057865287"
    },
    {
      "name": "\u00d4\u00b3\u00d6\u0080\u00d6\u0084\u00d5\u00a5\u00d6\u0080 \u00d6\u0087 \u00d5\u0084\u00d5\u00bf\u00d6\u0084\u00d5\u00a5\u00d6\u0080",
      "timestamp": 1534795654,
      "url": "https://www.facebook.com/658427804353339"
    },
    {
      "name": "DREAM STYLE",
      "timestamp": 1534689091,
      "url": "https://www.facebook.com/148812495317488"
    },
    {
      "name": "Arm Events",
      "timestamp": 1534450280,
      "url": "https://www.facebook.com/553943751444295"
    },
    {
      "name": "Yes",
      "timestamp": 1533658965,
      "url": "https://www.facebook.com/1403259779898610"
    },
    {
      "name": "Kulthome",
      "timestamp": 1533410290,
      "url": "https://www.facebook.com/114010148682234"
    },
    {
      "name": "Buyit.am",
      "timestamp": 1533074370,
      "url": "https://www.facebook.com/804363346387152"
    },
    {
      "name": "Nas Daily",
      "timestamp": 1533070646,
      "url": "https://www.facebook.com/574719552680201"
    },
    {
      "name": "Madatyan Studio",
      "timestamp": 1532980566,
      "url": "https://www.facebook.com/495925130586512"
    },
    {
      "name": "Light Affect",
      "timestamp": 1532730433,
      "url": "https://www.facebook.com/1765067680394161"
    },
    {
      "name": "Be GIF",
      "timestamp": 1532635627,
      "url": "https://www.facebook.com/763933043731722"
    },
    {
      "name": "\u00d4\u00b5\u00d6\u0080\u00d5\u00a1\u00d5\u00aa\u00d5\u00b7\u00d5\u00bf\u00d5\u00b8\u00d6\u0082\u00d5\u00a9\u00d5\u00b5\u00d5\u00b8\u00d6\u0082\u00d5\u00b6",
      "timestamp": 1532272241,
      "url": "https://www.facebook.com/253792522031274"
    },
    {
      "name": "UNO Shoes - Armenia",
      "timestamp": 1531322457,
      "url": "https://www.facebook.com/1514375625462340"
    },
    {
      "name": "365Shoes",
      "timestamp": 1531322448,
      "url": "https://www.facebook.com/462225587304625"
    },
    {
      "name": "Yellow Shoes",
      "timestamp": 1531322337,
      "url": "https://www.facebook.com/1449044838545845"
    },
    {
      "name": "Shopping in Yerevan",
      "timestamp": 1531295560,
      "url": "https://www.facebook.com/1522560064706825"
    },
    {
      "name": "What keeps you awake ?",
      "timestamp": 1527611079,
      "url": "https://www.facebook.com/1886322758354750"
    },
    {
      "name": "ARLI",
      "timestamp": 1527580920,
      "url": "https://www.facebook.com/834939909904786"
    },
    {
      "name": "Street Workout Armenia",
      "timestamp": 1527005018,
      "url": "https://www.facebook.com/320170474745138"
    },
    {
      "name": "ONEX.AM",
      "timestamp": 1526588052,
      "url": "https://www.facebook.com/1641716562781288"
    },
    {
      "name": "Nikol Pashinyan / \u00d5\u0086\u00d5\u00ab\u00d5\u00af\u00d5\u00b8\u00d5\u00ac \u00d5\u0093\u00d5\u00a1\u00d5\u00b7\u00d5\u00ab\u00d5\u00b6\u00d5\u00b5\u00d5\u00a1\u00d5\u00b6",
      "timestamp": 1525803728,
      "url": "https://www.facebook.com/1378368079150250"
    },
    {
      "name": "SOS",
      "timestamp": 1524473443,
      "url": "https://www.facebook.com/1599014973645646"
    },
    {
      "name": "Rock Generation",
      "timestamp": 1522226550,
      "url": "https://www.facebook.com/291229560900612"
    },
    {
      "name": "Rock Generation",
      "timestamp": 1522226537,
      "url": "https://www.facebook.com/492848774077056"
    },
    {
      "name": "Rock Seroond",
      "timestamp": 1522226500,
      "url": "https://www.facebook.com/353793551377667"
    },
    {
      "name": "\u00e2\u0080\u00a2 Heart Of The Sun \u00e2\u0080\u00a2",
      "timestamp": 1521317691,
      "url": "https://www.facebook.com/681385601932858"
    },
    {
      "name": "Nazeni Hovhannisyan",
      "timestamp": 1520621898,
      "url": "https://www.facebook.com/108761475874349"
    },
    {
      "name": "Tattoo AmS",
      "timestamp": 1517458294,
      "url": "https://www.facebook.com/489706187822646"
    },
    {
      "name": "\u00d0\u0092\u00d1\u0081\u00d0\u00b5\u00d0\u00b7\u00d0\u00bd\u00d0\u00b0\u00d0\u00b9\u00d0\u00ba\u00d0\u00b0",
      "timestamp": 1514322557,
      "url": "https://www.facebook.com/485275178174552"
    },
    {
      "name": "1in.am",
      "timestamp": 1513897255,
      "url": "https://www.facebook.com/113214255405833"
    },
    {
      "name": "Disturbing Quotes",
      "timestamp": 1513710425,
      "url": "https://www.facebook.com/289434031218580"
    },
    {
      "name": "\u00d0\u00ae\u00d1\u0080\u00d0\u00b8\u00d1\u0081\u00d1\u0082",
      "timestamp": 1510111286,
      "url": "https://www.facebook.com/342707399487067"
    },
    {
      "name": "\u00d0\u00a7\u00d1\u0083\u00d0\u00b2\u00d1\u0081\u00d1\u0082\u00d0\u00b2\u00d1\u0083\u00d1\u008e.",
      "timestamp": 1509924778,
      "url": "https://www.facebook.com/945170865573121"
    },
    {
      "name": "American Councils for International Education Armenia",
      "timestamp": 1506944111,
      "url": "https://www.facebook.com/52082414503"
    },
    {
      "name": "Careerum",
      "timestamp": 1504298511,
      "url": "https://www.facebook.com/288096871665419"
    },
    {
      "name": "Ani Xachikyan",
      "timestamp": 1495439786,
      "url": "https://www.facebook.com/1029376257103275"
    },
    {
      "name": "Vevo",
      "timestamp": 1494749389,
      "url": "https://www.facebook.com/79544810932"
    },
    {
      "name": "Facts Daily",
      "timestamp": 1492622891,
      "url": "https://www.facebook.com/426767057397580"
    },
    {
      "name": "Dee.am \u00e2\u0080\u00a2 \u00d4\u00b4\u00d5\u00a5",
      "timestamp": 1489426229,
      "url": "https://www.facebook.com/435071373364249"
    },
    {
      "name": "\u00d0\u00a1\u00d0\u00bf\u00d0\u00be\u00d1\u0080\u00d1\u0082\u00d1\u0081\u00d0\u00bc\u00d0\u00b5\u00d0\u00bd",
      "timestamp": 1488648801,
      "url": "https://www.facebook.com/1747783468814606"
    },
    {
      "name": "\u00d0\u0098\u00d0\u00bd\u00d1\u0082\u00d0\u00b5\u00d0\u00bb\u00d0\u00bb\u00d0\u00b5\u00d0\u00ba\u00d1\u0082\u00d1\u0083\u00d0\u00b0\u00d0\u00bb\u00d1\u008c\u00d0\u00bd\u00d1\u008b\u00d0\u00b9 \u00d1\u008e\u00d0\u00bc\u00d0\u00be\u00d1\u0080",
      "timestamp": 1488614024,
      "url": "https://www.facebook.com/133710696732033"
    },
    {
      "name": "\u00d0\u00af \u00d0\u009c\u00d0\u00b8\u00d0\u00bb\u00d0\u00bb\u00d0\u00b8\u00d0\u00b0\u00d1\u0080\u00d0\u00b4\u00d0\u00b5\u00d1\u0080",
      "timestamp": 1488608325,
      "url": "https://www.facebook.com/482306165162931"
    },
    {
      "name": "Humanity",
      "timestamp": 1488220335,
      "url": "https://www.facebook.com/1545786902366728"
    },
    {
      "name": "Alisa Rusanna Aslanyan Saakyan",
      "timestamp": 1487761074,
      "url": "https://www.facebook.com/428992987437421"
    },
    {
      "name": "Sarcasm Daily",
      "timestamp": 1487690034,
      "url": "https://www.facebook.com/1754844824753550"
    },
    {
      "name": "People Are Awesome",
      "timestamp": 1487535115,
      "url": "https://www.facebook.com/305140869535098"
    },
    {
      "name": "\u00d0\u009c\u00d1\u0083\u00d0\u00b4\u00d1\u0080\u00d0\u00be\u00d1\u0081\u00d1\u0082\u00d1\u008c \u00d0\u00b2\u00d0\u00b5\u00d0\u00ba\u00d0\u00be\u00d0\u00b2",
      "timestamp": 1487529848,
      "url": "https://www.facebook.com/1472590496313417"
    },
    {
      "name": "FailArmy",
      "timestamp": 1487449003,
      "url": "https://www.facebook.com/112905748806596"
    },
    {
      "name": "memegen.com",
      "timestamp": 1486799719,
      "url": "https://www.facebook.com/181247102029892"
    },
    {
      "name": "Machine Gun Kelly",
      "timestamp": 1486472708,
      "url": "https://www.facebook.com/77825595484"
    },
    {
      "name": "\u00d0\u0092 \u00d0\u00ba\u00d1\u0080\u00d1\u0083\u00d0\u00b3\u00d1\u0083 \u00d0\u00bf\u00d1\u0081\u00d0\u00b8\u00d1\u0085\u00d0\u00be\u00d0\u00b2",
      "timestamp": 1486417899,
      "url": "https://www.facebook.com/434901176559796"
    },
    {
      "name": "Quotes & Facts",
      "timestamp": 1486399998,
      "url": "https://www.facebook.com/233241156778412"
    },
    {
      "name": "relax it's only art",
      "timestamp": 1484978549,
      "url": "https://www.facebook.com/346469822123424"
    },
    {
      "name": "\u00d0\u00a2\u00d0\u00b2\u00d0\u00be\u00d1\u0080\u00d1\u0087\u00d0\u00b5\u00d1\u0081\u00d0\u00ba\u00d0\u00b8\u00d0\u00b5 \u00d0\u00b8\u00d0\u00b4\u00d0\u00b5\u00d0\u00b8 \u00d0\u00b8 \u00d0\u00bc\u00d0\u00b0\u00d1\u0081\u00d1\u0082\u00d0\u00b5\u00d1\u0080-\u00d0\u00ba\u00d0\u00bb\u00d0\u00b0\u00d1\u0081\u00d1\u0081\u00d1\u008b. \u00d0\u0090\u00d0\u00bb\u00d0\u00b8\u00d1\u008d\u00d0\u00ba\u00d1\u0081\u00d0\u00bf\u00d1\u0080\u00d0\u00b5\u00d1\u0081\u00d1\u0081 \u00d0\u00b4\u00d0\u00bb\u00d1\u008f \u00d1\u0085\u00d0\u00be\u00d0\u00b1\u00d0\u00b1\u00d0\u00b8",
      "timestamp": 1484143632,
      "url": "https://www.facebook.com/1600502883532353"
    },
    {
      "name": "SUNRISE Arabian Beach Resort -Grand Select-",
      "timestamp": 1483641089,
      "url": "https://www.facebook.com/463088073701310"
    },
    {
      "name": "Oxygen Aesthetic & Medical Clinics",
      "timestamp": 1482343778,
      "url": "https://www.facebook.com/1581004838790588"
    },
    {
      "name": "VOID - Black Light Parties",
      "timestamp": 1481372799,
      "url": "https://www.facebook.com/1575727056068448"
    },
    {
      "name": "Dane DeHaan",
      "timestamp": 1480969033,
      "url": "https://www.facebook.com/109276295785714"
    },
    {
      "name": "Christina Aguilera",
      "timestamp": 1477857949,
      "url": "https://www.facebook.com/5565627823"
    },
    {
      "name": "DIY Met Daan",
      "timestamp": 1475779391,
      "url": "https://www.facebook.com/1695713844044657"
    },
    {
      "name": "MetDaan Fashion",
      "timestamp": 1475778264,
      "url": "https://www.facebook.com/1041224195901656"
    },
    {
      "name": "Thinking Minds",
      "timestamp": 1475500380,
      "url": "https://www.facebook.com/1501979730086059"
    },
    {
      "name": "\u00d0\u0091\u00d0\u00b5\u00d1\u0081\u00d0\u00ba\u00d0\u00be\u00d0\u00bd\u00d0\u00b5\u00d1\u0087\u00d0\u00bd\u00d0\u00be\u00d1\u0081\u00d1\u0082\u00d1\u008c.",
      "timestamp": 1474830099,
      "url": "https://www.facebook.com/349212888551087"
    },
    {
      "name": "\u00d0\u00a5\u00d0\u00b2\u00d0\u00be\u00d1\u0081\u00d1\u0082 \u00d0\u009d\u00d1\u008c\u00d1\u008e\u00d1\u0081",
      "timestamp": 1472638142,
      "url": "https://www.facebook.com/176393802375445"
    },
    {
      "name": "\u00d0\u0091\u00d0\u00b5\u00d0\u00bb\u00d0\u00b0\u00d1\u008f \u00d0\u009b\u00d0\u00be\u00d0\u00b3\u00d0\u00b8\u00d0\u00ba\u00d0\u00b0",
      "timestamp": 1472491457,
      "url": "https://www.facebook.com/465271207016762"
    },
    {
      "name": "Emily Ratajkowski",
      "timestamp": 1472256091,
      "url": "https://www.facebook.com/281505075294327"
    },
    {
      "name": "James Corden",
      "timestamp": 1472254887,
      "url": "https://www.facebook.com/11042097011"
    },
    {
      "name": "Anais Sardaryan",
      "timestamp": 1472041338,
      "url": "https://www.facebook.com/853127454723025"
    },
    {
      "name": "Smart is the New Sexy",
      "timestamp": 1471278944,
      "url": "https://www.facebook.com/252205505127334"
    },
    {
      "name": "Moscow Cinema",
      "timestamp": 1471260992,
      "url": "https://www.facebook.com/108245949317919"
    },
    {
      "name": "Bright Side",
      "timestamp": 1470912189,
      "url": "https://www.facebook.com/727974550664624"
    },
    {
      "name": "Someecards",
      "timestamp": 1470834494,
      "url": "https://www.facebook.com/122560544447547"
    },
    {
      "name": "Sarcasm",
      "timestamp": 1470331360,
      "url": "https://www.facebook.com/1515871602074952"
    },
    {
      "name": "Mkrtich Arzumanyan",
      "timestamp": 1468657830,
      "url": "https://www.facebook.com/807731622682461"
    },
    {
      "name": "\u00d5\u0080\u00d5\u00a5\u00d5\u00bf\u00d5\u00a1\u00d6\u0084\u00d6\u0080\u00d6\u0084\u00d5\u00ab\u00d6\u0080 \u00d6\u0083\u00d5\u00a1\u00d5\u00bd\u00d5\u00bf\u00d5\u00a5\u00d6\u0080",
      "timestamp": 1468180344,
      "url": "https://www.facebook.com/155221684670434"
    },
    {
      "name": "Funny Vids",
      "timestamp": 1467917697,
      "url": "https://www.facebook.com/152451048184611"
    },
    {
      "name": "5-Minute Crafts",
      "timestamp": 1467917375,
      "url": "https://www.facebook.com/673283106147611"
    },
    {
      "name": "\u00d0\u009b\u00d1\u0083\u00d1\u0087\u00d1\u0088\u00d0\u00b8\u00d0\u00b5 \u00d1\u0084\u00d0\u00b8\u00d0\u00bb\u00d1\u008c\u00d0\u00bc\u00d1\u008b",
      "timestamp": 1467904765,
      "url": "https://www.facebook.com/611783525533640"
    },
    {
      "name": "Cara Delevingne",
      "timestamp": 1467904396,
      "url": "https://www.facebook.com/1453470311647266"
    },
    {
      "name": "Emma Watson",
      "timestamp": 1467633361,
      "url": "https://www.facebook.com/140216402663925"
    },
    {
      "name": "Cleo Rose Massey",
      "timestamp": 1467276515,
      "url": "https://www.facebook.com/134694046575978"
    },
    {
      "name": "Claire Holt",
      "timestamp": 1467276221,
      "url": "https://www.facebook.com/632404633503433"
    },
    {
      "name": "Victoria's Secret",
      "timestamp": 1466797216,
      "url": "https://www.facebook.com/79775744089"
    },
    {
      "name": "Gigi Hadid",
      "timestamp": 1466775468,
      "url": "https://www.facebook.com/267559976678147"
    },
    {
      "name": "Beaux Media",
      "timestamp": 1466023624,
      "url": "https://www.facebook.com/124271334261942"
    },
    {
      "name": "Pen\u00c3\u00a9lope Cruz",
      "timestamp": 1465412301,
      "url": "https://www.facebook.com/101926449852864"
    },
    {
      "name": "Phoebe Tonkin",
      "timestamp": 1465150546,
      "url": "https://www.facebook.com/1478482849035182"
    },
    {
      "name": "\u00d0\u0098\u00d0\u00bd\u00d1\u0082\u00d0\u00b5\u00d1\u0080\u00d0\u00b5\u00d1\u0081\u00d0\u00bd\u00d0\u00be \u00d0\u00b7\u00d0\u00bd\u00d0\u00b0\u00d1\u0082\u00d1\u008c",
      "timestamp": 1465121375,
      "url": "https://www.facebook.com/445154938919005"
    },
    {
      "name": "\u00d4\u00bf\u00d5\u00bc\u00d5\u00ae\u00d5\u00a1\u00d5\u00ae",
      "timestamp": 1464341641,
      "url": "https://www.facebook.com/625960187538786"
    },
    {
      "name": "znews.am",
      "timestamp": 1463988519,
      "url": "https://www.facebook.com/710443645691439"
    },
    {
      "name": "Sia",
      "timestamp": 1462787182,
      "url": "https://www.facebook.com/10959868407"
    },
    {
      "name": "\u00d0\u00a6\u00d0\u00b8\u00d1\u0082\u00d0\u00b0\u00d1\u0082\u00d1\u008b \u00d0\u00b8\u00d0\u00b7 \u00d1\u0084\u00d0\u00b8\u00d0\u00bb\u00d1\u008c\u00d0\u00bc\u00d0\u00be\u00d0\u00b2",
      "timestamp": 1462610675,
      "url": "https://www.facebook.com/694347607281801"
    },
    {
      "name": "Purple Clover",
      "timestamp": 1462607210,
      "url": "https://www.facebook.com/369508529820753"
    },
    {
      "name": "Iveta Mukuchyan",
      "timestamp": 1462605390,
      "url": "https://www.facebook.com/144329545627284"
    },
    {
      "name": "\u00d0\u00a7\u00d1\u0091\u00d1\u0080\u00d0\u00bd\u00d0\u00b0\u00d1\u008f \u00d0\u009b\u00d0\u00be\u00d0\u00b3\u00d0\u00b8\u00d0\u00ba\u00d0\u00b0",
      "timestamp": 1462039729,
      "url": "https://www.facebook.com/416169021787773"
    },
    {
      "name": "Positive Thinking Quotes",
      "timestamp": 1460986479,
      "url": "https://www.facebook.com/228236773971311"
    },
    {
      "name": "The Smart Part",
      "timestamp": 1460473095,
      "url": "https://www.facebook.com/739574402800853"
    },
    {
      "name": "Playbuzz UK",
      "timestamp": 1460473087,
      "url": "https://www.facebook.com/1627842820834180"
    },
    {
      "name": "Logan Henderson",
      "timestamp": 1459917452,
      "url": "https://www.facebook.com/1748091492094268"
    },
    {
      "name": "BlogNews.am",
      "timestamp": 1459678556,
      "url": "https://www.facebook.com/345784302116269"
    },
    {
      "name": "Sos Janibekyan",
      "timestamp": 1459187846,
      "url": "https://www.facebook.com/196330610490660"
    },
    {
      "name": "Hetaqrqir mtqer",
      "timestamp": 1456251684,
      "url": "https://www.facebook.com/723109434500989"
    },
    {
      "name": "MathNet.am",
      "timestamp": 1455886811,
      "url": "https://www.facebook.com/172932329456709"
    },
    {
      "name": "Siranush Aghajanyan art",
      "timestamp": 1454227705,
      "url": "https://www.facebook.com/324694767640595"
    },
    {
      "name": "Big Time Rush",
      "timestamp": 1453813591,
      "url": "https://www.facebook.com/175461263128"
    },
    {
      "name": "Higher Perspective",
      "timestamp": 1452688363,
      "url": "https://www.facebook.com/488353241197000"
    },
    {
      "name": "\u00d4\u00b1\u00d5\u00bc\u00d5\u00a1\u00d5\u00bb\u00d5\u00ab\u00d5\u00b6 \u00d5\u00ac\u00d6\u0080\u00d5\u00a1\u00d5\u00bf\u00d5\u00be\u00d5\u00a1\u00d5\u00af\u00d5\u00a1\u00d5\u00b6",
      "timestamp": 1451021691,
      "url": "https://www.facebook.com/680144738672101"
    },
    {
      "name": "Zemfira",
      "timestamp": 1450964245,
      "url": "https://www.facebook.com/110174449069743"
    },
    {
      "name": "Astghik Safaryan",
      "timestamp": 1450816366,
      "url": "https://www.facebook.com/212699265431500"
    },
    {
      "name": "Simon Cowell",
      "timestamp": 1450030697,
      "url": "https://www.facebook.com/188769671155624"
    },
    {
      "name": "Funny Wallpapers",
      "timestamp": 1450023226,
      "url": "https://www.facebook.com/309409979126360"
    },
    {
      "name": "Jack Davis Griffo (LittlejGriffo)",
      "timestamp": 1449997426,
      "url": "https://www.facebook.com/203095999701833"
    },
    {
      "name": "ArmRobotics - Robotics Development Project in  Armenia",
      "timestamp": 1449510016,
      "url": "https://www.facebook.com/1441162332801281"
    },
    {
      "name": "Carpisa",
      "timestamp": 1448477200,
      "url": "https://www.facebook.com/292933860853785"
    },
    {
      "name": "Kendall Jenner",
      "timestamp": 1448388551,
      "url": "https://www.facebook.com/173567062703796"
    },
    {
      "name": "KeyTVNetwork",
      "timestamp": 1448362394,
      "url": "https://www.facebook.com/42643119075"
    },
    {
      "name": "The Script",
      "timestamp": 1447523223,
      "url": "https://www.facebook.com/10638675398"
    },
    {
      "name": "Tom Cruise",
      "timestamp": 1447443596,
      "url": "https://www.facebook.com/81512169979"
    },
    {
      "name": "James Maslow",
      "timestamp": 1446911707,
      "url": "https://www.facebook.com/689851851055118"
    },
    {
      "name": "Joe Penna",
      "timestamp": 1446282543,
      "url": "https://www.facebook.com/77419542714"
    },
    {
      "name": "5 Wise thoughts / 5 \u00d0\u00a3\u00d0\u00bc\u00d0\u00bd\u00d1\u008b\u00d1\u0085 \u00d0\u00bc\u00d1\u008b\u00d1\u0081\u00d0\u00bb\u00d0\u00b5\u00d0\u00b9",
      "timestamp": 1445764327,
      "url": "https://www.facebook.com/1637751079779745"
    },
    {
      "name": "Arpi Gabrielyan",
      "timestamp": 1445542668,
      "url": "https://www.facebook.com/711708688965032"
    },
    {
      "name": "Tumo News",
      "timestamp": 1445365589,
      "url": "https://www.facebook.com/1440959772793730"
    },
    {
      "name": "\u00d0\u009d\u00d0\u00b8\u00d1\u0087\u00d0\u00be\u00d1\u0081\u00d0\u00b8",
      "timestamp": 1445365409,
      "url": "https://www.facebook.com/425869880871616"
    },
    {
      "name": "Eminem",
      "timestamp": 1445153162,
      "url": "https://www.facebook.com/45309870078"
    },
    {
      "name": "Quotes",
      "timestamp": 1445010276,
      "url": "https://www.facebook.com/143775415654953"
    },
    {
      "name": "Ariana Grande Germany",
      "timestamp": 1444587597,
      "url": "https://www.facebook.com/619062878153325"
    },
    {
      "name": "Ed Sheeran",
      "timestamp": 1444061819,
      "url": "https://www.facebook.com/9189674485"
    },
    {
      "name": "Cher Lloyd",
      "timestamp": 1443893928,
      "url": "https://www.facebook.com/112963302097394"
    },
    {
      "name": "Austin Mahone",
      "timestamp": 1443893220,
      "url": "https://www.facebook.com/183409211679665"
    },
    {
      "name": "Tove Lo",
      "timestamp": 1443889180,
      "url": "https://www.facebook.com/215644225119164"
    },
    {
      "name": "Beyonc\u00c3\u00a9",
      "timestamp": 1443887117,
      "url": "https://www.facebook.com/28940545600"
    },
    {
      "name": "\u00d5\u008a\u00d5\u00a1\u00d6\u0080\u00d5\u00b8\u00d6\u0082\u00d5\u00b5\u00d6\u0080 \u00d5\u008d\u00d6\u0087\u00d5\u00a1\u00d5\u00af - Paruyr Sevak",
      "timestamp": 1443378197,
      "url": "https://www.facebook.com/139219666115025"
    },
    {
      "name": "Will Smith",
      "timestamp": 1443193851,
      "url": "https://www.facebook.com/92304305160"
    },
    {
      "name": "Hailee Steinfeld",
      "timestamp": 1442823338,
      "url": "https://www.facebook.com/111058182287095"
    },
    {
      "name": "Rachel Platten",
      "timestamp": 1442780959,
      "url": "https://www.facebook.com/6346584785"
    },
    {
      "name": "Kelly Clarkson",
      "timestamp": 1442780915,
      "url": "https://www.facebook.com/18481194560"
    },
    {
      "name": "Alicia Keys",
      "timestamp": 1442429892,
      "url": "https://www.facebook.com/6558867050"
    },
    {
      "name": "Mikey Wax",
      "timestamp": 1442429861,
      "url": "https://www.facebook.com/7305769219"
    },
    {
      "name": "Jennifer Lopez",
      "timestamp": 1441451671,
      "url": "https://www.facebook.com/5170395767"
    },
    {
      "name": "AdMe",
      "timestamp": 1441305190,
      "url": "https://www.facebook.com/309669250171"
    },
    {
      "name": "AM Partners Consulting Company",
      "timestamp": 1441134206,
      "url": "https://www.facebook.com/230212393671467"
    },
    {
      "name": "Tyra Banks",
      "timestamp": 1440840440,
      "url": "https://www.facebook.com/189777398751"
    },
    {
      "name": "Against The Current",
      "timestamp": 1440657350,
      "url": "https://www.facebook.com/247236941963772"
    },
    {
      "name": "MAX",
      "timestamp": 1440490247,
      "url": "https://www.facebook.com/194193987670"
    },
    {
      "name": "Dima Bilan",
      "timestamp": 1440355001,
      "url": "https://www.facebook.com/140897256325"
    },
    {
      "name": "Andy Grammer",
      "timestamp": 1440168596,
      "url": "https://www.facebook.com/298292742867"
    },
    {
      "name": "Rihanna",
      "timestamp": 1440168527,
      "url": "https://www.facebook.com/10092511675"
    },
    {
      "name": "Little Mix",
      "timestamp": 1440168058,
      "url": "https://www.facebook.com/126963587405355"
    },
    {
      "name": "\u00d0\u00a1\u00d1\u0083\u00d0\u00bc\u00d0\u00b0\u00d1\u0081\u00d1\u0088\u00d0\u00b5\u00d0\u00b4\u00d1\u0088\u00d0\u00b8\u00d0\u00b9 \u00d0\u00b3\u00d0\u00b5\u00d0\u00bd\u00d0\u00b8\u00d0\u00b9",
      "timestamp": 1439923104,
      "url": "https://www.facebook.com/214482405306433"
    },
    {
      "name": "Katy Perry",
      "timestamp": 1439710029,
      "url": "https://www.facebook.com/7126051465"
    },
    {
      "name": "Ellie Goulding",
      "timestamp": 1439573009,
      "url": "https://www.facebook.com/135027136641"
    },
    {
      "name": "\u00d0\u009a\u00d0\u00b5\u00d0\u00bd\u00d0\u00b4\u00d1\u0080\u00d0\u00b8\u00d0\u00ba, \u00d0\u0090\u00d0\u00bd\u00d0\u00bd\u00d0\u00b0",
      "timestamp": 1438970005,
      "url": "https://www.facebook.com/pages/%D0%9A%D0%B5%D0%BD%D0%B4%D1%80%D0%B8%D0%BA-%D0%90%D0%BD%D0%BD%D0%B0/103706776385630"
    },
    {
      "name": "LOL Pictures",
      "timestamp": 1438878329,
      "url": "https://www.facebook.com/215661008546340"
    },
    {
      "name": "School Haters",
      "timestamp": 1438782028,
      "url": "https://www.facebook.com/310207909081636"
    },
    {
      "name": "03 \u00d5\u008a\u00d5\u00a1\u00d5\u00ac\u00d5\u00ac\u00d5\u00a1\u00d5\u00bf",
      "timestamp": 1438763494,
      "url": "https://www.facebook.com/822955904453041"
    },
    {
      "name": "Olly Murs",
      "timestamp": 1438763348,
      "url": "https://www.facebook.com/297643705079"
    },
    {
      "name": "MCDAVO",
      "timestamp": 1438763339,
      "url": "https://www.facebook.com/104625829576908"
    },
    {
      "name": "You Can",
      "timestamp": 1438763315,
      "url": "https://www.facebook.com/472492186120705"
    },
    {
      "name": "Sal Stowers",
      "timestamp": 1438714338,
      "url": "https://www.facebook.com/pages/Sal-Stowers/107996395888229"
    },
    {
      "name": "\u00d0\u009c\u00d0\u00bd\u00d0\u00b5 \u00d0\u009f\u00d0\u00bb\u00d0\u00b5\u00d0\u00b2\u00d0\u00b0\u00d1\u0082\u00d1\u008c",
      "timestamp": 1438627972,
      "url": "https://www.facebook.com/286864334801937"
    },
    {
      "name": "S.O.S",
      "timestamp": 1438450852,
      "url": "https://www.facebook.com/597562330351705"
    },
    {
      "name": "Adam Levine",
      "timestamp": 1438439483,
      "url": "https://www.facebook.com/157538101063819"
    },
    {
      "name": "Jennette McCurdy",
      "timestamp": 1438333215,
      "url": "https://www.facebook.com/96981971171"
    },
    {
      "name": "\u00d0\u00a1\u00d0\u00b5\u00d0\u00ba\u00d1\u0080\u00d0\u00b5\u00d1\u0082\u00d1\u008b \u00d1\u0083\u00d1\u0081\u00d0\u00bf\u00d0\u00b5\u00d1\u0085\u00d0\u00b0 \u00d0\u0092\u00d0\u00b5\u00d0\u00bb\u00d0\u00b8\u00d0\u00ba\u00d0\u00b8\u00d1\u0085",
      "timestamp": 1438329254,
      "url": "https://www.facebook.com/142419012558281"
    },
    {
      "name": "\u00d0\u009d\u00d0\u00b5\u00d0\u00bd\u00d0\u00b0\u00d0\u00b2\u00d0\u00b8\u00d0\u00b6\u00d1\u0083",
      "timestamp": 1438284081,
      "url": "https://www.facebook.com/1668205896742602"
    },
    {
      "name": "Irina Shayk",
      "timestamp": 1437589784,
      "url": "https://www.facebook.com/341875219865"
    },
    {
      "name": "Indila",
      "timestamp": 1437563004,
      "url": "https://www.facebook.com/143520648997065"
    },
    {
      "name": "Creta Royal",
      "timestamp": 1437495417,
      "url": "https://www.facebook.com/104523066246897"
    },
    {
      "name": "Crazy Pictures",
      "timestamp": 1437155202,
      "url": "https://www.facebook.com/188139044680759"
    },
    {
      "name": "Selena Gomez",
      "timestamp": 1436957929,
      "url": "https://www.facebook.com/7961985974"
    },
    {
      "name": "Aram Mp3",
      "timestamp": 1436040558,
      "url": "https://www.facebook.com/606422326053862"
    },
    {
      "name": "Garik Papoyan",
      "timestamp": 1436040533,
      "url": "https://www.facebook.com/158461727498797"
    },
    {
      "name": "Jessie J",
      "timestamp": 1435735527,
      "url": "https://www.facebook.com/145300805513355"
    },
    {
      "name": "P!nk",
      "timestamp": 1435677315,
      "url": "https://www.facebook.com/5956341397"
    },
    {
      "name": "Avril Lavigne",
      "timestamp": 1435677261,
      "url": "https://www.facebook.com/5413509299"
    },
    {
      "name": "Reels Media",
      "timestamp": 1435421377,
      "url": "https://www.facebook.com/337937772917734"
    },
    {
      "name": "NEWS.am",
      "timestamp": 1435421370,
      "url": "https://www.facebook.com/136273049729218"
    },
    {
      "name": "Tert.am",
      "timestamp": 1435421364,
      "url": "https://www.facebook.com/330537565808"
    },
    {
      "name": "Kamoblog.tv",
      "timestamp": 1435421347,
      "url": "https://www.facebook.com/396187713760638"
    },
    {
      "name": "Rita Ora",
      "timestamp": 1435154590,
      "url": "https://www.facebook.com/84441843600"
    },
    {
      "name": "Nick Jonas",
      "timestamp": 1435154529,
      "url": "https://www.facebook.com/173093076641"
    },
    {
      "name": "Adele",
      "timestamp": 1435147171,
      "url": "https://www.facebook.com/9770929278"
    },
    {
      "name": "Taylor Swift",
      "timestamp": 1435037174,
      "url": "https://www.facebook.com/19614945368"
    },
    {
      "name": "Avan Jogia",
      "timestamp": 1434978387,
      "url": "https://www.facebook.com/235795161637"
    },
    {
      "name": "Victoria Justice",
      "timestamp": 1434978369,
      "url": "https://www.facebook.com/382355050831"
    },
    {
      "name": "Logan Henderson",
      "timestamp": 1434978364,
      "url": "https://www.facebook.com/pages/Logan-Henderson/103110643062544"
    },
    {
      "name": "Kendall Schmidt",
      "timestamp": 1434978359,
      "url": "https://www.facebook.com/609270705796932"
    },
    {
      "name": "Miranda Cosgrove",
      "timestamp": 1434978354,
      "url": "https://www.facebook.com/9934379006"
    },
    {
      "name": "Elizabeth Gillies",
      "timestamp": 1434978348,
      "url": "https://www.facebook.com/160059308492"
    },
    {
      "name": "Kurt Schneider",
      "timestamp": 1434978315,
      "url": "https://www.facebook.com/132029000180393"
    },
    {
      "name": "Ariana Grande",
      "timestamp": 1434978269,
      "url": "https://www.facebook.com/12384211026"
    },
    {
      "name": "Maroon 5",
      "timestamp": 1434978261,
      "url": "https://www.facebook.com/5330548481"
    },
    {
      "name": "Sam Tsui",
      "timestamp": 1434978249,
      "url": "https://www.facebook.com/34356105818"
    },
    {
      "name": "OneRepublic",
      "timestamp": 1434978219,
      "url": "https://www.facebook.com/24983228911"
    },
    {
      "name": "Bruno Mars",
      "timestamp": 1434978205,
      "url": "https://www.facebook.com/242567287243"
    },
    {
      "name": "Carly Rae Jepsen",
      "timestamp": 1434978199,
      "url": "https://www.facebook.com/48738436047"
    },
    {
      "name": "World Music Awards",
      "timestamp": 1434816015,
      "url": "https://www.facebook.com/305202169560903"
    },
    {
      "name": "Notes for Notes",
      "timestamp": 1433493263,
      "url": "https://www.facebook.com/97121227535"
    },
    {
      "name": "Meucci Armenia",
      "timestamp": 1433265525,
      "url": "https://www.facebook.com/351207208313176"
    },
    {
      "name": "OnlinePianist",
      "timestamp": 1405277584,
      "url": "https://www.facebook.com/117411864940325"
    }
  ]
}