{
  "media": [
    
  ],
  "label_values": [
    {
      "label": "Emoji usage statistics",
      "dict": [
        {
          "label": "\u00f0\u009f\u0098\u0082",
          "dict": [
            {
              "label": "total_count",
              "value": "6"
            },
            {
              "label": "last_used",
              "timestamp_value": 1619636751
            }
          ]
        },
        {
          "label": "\u00f0\u009f\u0098\u0092",
          "dict": [
            {
              "label": "total_count",
              "value": "2"
            },
            {
              "label": "last_used",
              "timestamp_value": 1606502386
            }
          ]
        },
        {
          "label": "\u00f0\u009f\u0098\u0083",
          "dict": [
            {
              "label": "total_count",
              "value": "1"
            },
            {
              "label": "last_used",
              "timestamp_value": 1605642840
            }
          ]
        },
        {
          "label": "\u00f0\u009f\u0098\u0084",
          "dict": [
            {
              "label": "total_count",
              "value": "1"
            },
            {
              "label": "last_used",
              "timestamp_value": 1605644088
            }
          ]
        },
        {
          "label": "\u00f0\u009f\u0098\u00ac",
          "dict": [
            {
              "label": "total_count",
              "value": "1"
            },
            {
              "label": "last_used",
              "timestamp_value": 1605803433
            }
          ]
        },
        {
          "label": "\u00f0\u009f\u0099\u0081",
          "dict": [
            {
              "label": "total_count",
              "value": "1"
            },
            {
              "label": "last_used",
              "timestamp_value": 1605803798
            }
          ]
        },
        {
          "label": "\u00f0\u009f\u0098\u009e",
          "dict": [
            {
              "label": "total_count",
              "value": "1"
            },
            {
              "label": "last_used",
              "timestamp_value": 1605803895
            }
          ]
        },
        {
          "label": "\u00f0\u009f\u0098\u0098",
          "dict": [
            {
              "label": "total_count",
              "value": "3"
            },
            {
              "label": "last_used",
              "timestamp_value": 1626676961
            }
          ]
        },
        {
          "label": "\u00f0\u009f\u0098\u0085",
          "dict": [
            {
              "label": "total_count",
              "value": "1"
            },
            {
              "label": "last_used",
              "timestamp_value": 1619636531
            }
          ]
        }
      ]
    }
  ]
}