{
  "media": [
    
  ],
  "label_values": [
    {
      "label": "Recently followed accounts and the date they were followed",
      "vec": [
        {
          "dict": [
            {
              "label": "Followed Account",
              "value": "Naira Zohrabyan"
            },
            {
              "label": "Date Followed",
              "value": "Dec-20-2023"
            }
          ]
        },
        {
          "dict": [
            {
              "label": "Followed Account",
              "value": "Ftnft.am"
            },
            {
              "label": "Date Followed",
              "value": "Dec-14-2023"
            }
          ]
        },
        {
          "dict": [
            {
              "label": "Followed Account",
              "value": "Harim Arela"
            },
            {
              "label": "Date Followed",
              "value": "Dec-08-2023"
            }
          ]
        },
        {
          "dict": [
            {
              "label": "Followed Account",
              "value": "Nyane"
            },
            {
              "label": "Date Followed",
              "value": "Dec-07-2023"
            }
          ]
        },
        {
          "dict": [
            {
              "label": "Followed Account",
              "value": "Julia Egshatyan"
            },
            {
              "label": "Date Followed",
              "value": "Dec-04-2023"
            }
          ]
        },
        {
          "dict": [
            {
              "label": "Followed Account",
              "value": "IRIS Business Incubator"
            },
            {
              "label": "Date Followed",
              "value": "Nov-28-2023"
            }
          ]
        },
        {
          "dict": [
            {
              "label": "Followed Account",
              "value": "ServiceTitan Armenia"
            },
            {
              "label": "Date Followed",
              "value": "Nov-27-2023"
            }
          ]
        },
        {
          "dict": [
            {
              "label": "Followed Account",
              "value": "Swealife"
            },
            {
              "label": "Date Followed",
              "value": "Nov-18-2023"
            }
          ]
        },
        {
          "dict": [
            {
              "label": "Followed Account",
              "value": "Vya Savira"
            },
            {
              "label": "Date Followed",
              "value": "Nov-16-2023"
            }
          ]
        },
        {
          "dict": [
            {
              "label": "Followed Account",
              "value": "Chloe Taylor"
            },
            {
              "label": "Date Followed",
              "value": "Oct-31-2023"
            }
          ]
        },
        {
          "dict": [
            {
              "label": "Followed Account",
              "value": "Chic Attitude"
            },
            {
              "label": "Date Followed",
              "value": "Oct-30-2023"
            }
          ]
        },
        {
          "dict": [
            {
              "label": "Followed Account",
              "value": "Cheryl Porter Vocal Coach"
            },
            {
              "label": "Date Followed",
              "value": "Oct-22-2023"
            }
          ]
        },
        {
          "dict": [
            {
              "label": "Followed Account",
              "value": "Meredith Duxbury"
            },
            {
              "label": "Date Followed",
              "value": "Oct-13-2023"
            }
          ]
        },
        {
          "dict": [
            {
              "label": "Followed Account",
              "value": "Lauren Paley"
            },
            {
              "label": "Date Followed",
              "value": "Oct-08-2023"
            }
          ]
        },
        {
          "dict": [
            {
              "label": "Followed Account",
              "value": "The Voice Global"
            },
            {
              "label": "Date Followed",
              "value": "Oct-07-2023"
            }
          ]
        },
        {
          "dict": [
            {
              "label": "Followed Account",
              "value": "Breavis"
            },
            {
              "label": "Date Followed",
              "value": "Oct-05-2023"
            }
          ]
        },
        {
          "dict": [
            {
              "label": "Followed Account",
              "value": "ElenaFox_Style"
            },
            {
              "label": "Date Followed",
              "value": "Oct-01-2023"
            }
          ]
        },
        {
          "dict": [
            {
              "label": "Followed Account",
              "value": "The Isoyan"
            },
            {
              "label": "Date Followed",
              "value": "Sep-25-2023"
            }
          ]
        },
        {
          "dict": [
            {
              "label": "Followed Account",
              "value": "Big Projects"
            },
            {
              "label": "Date Followed",
              "value": "Aug-04-2023"
            }
          ]
        },
        {
          "dict": [
            {
              "label": "Followed Account",
              "value": "Kirbyyy"
            },
            {
              "label": "Date Followed",
              "value": "Aug-03-2023"
            }
          ]
        },
        {
          "dict": [
            {
              "label": "Followed Account",
              "value": "Vanne Moda"
            },
            {
              "label": "Date Followed",
              "value": "Jul-30-2023"
            }
          ]
        },
        {
          "dict": [
            {
              "label": "Followed Account",
              "value": "EduTravel"
            },
            {
              "label": "Date Followed",
              "value": "Jul-19-2023"
            }
          ]
        }
      ]
    }
  ]
}