{
  "your_places_v2": [
    {
      "name": "Detachment Leader Volunteer",
      "address": "",
      "url": "https://www.facebook.com/109888467485988",
      "creation_timestamp": 1596150401
    },
    {
      "name": "AG Armenian camp",
      "address": "",
      "url": "https://www.facebook.com/102587184889288",
      "creation_timestamp": 1596150248
    },
    {
      "name": "E_Quality",
      "address": "",
      "url": "https://www.facebook.com/111051637339782",
      "creation_timestamp": 1594042640
    },
    {
      "name": "Institute of Hematology",
      "address": "",
      "url": "https://www.facebook.com/102039278233069",
      "creation_timestamp": 1592684353
    },
    {
      "name": "School N135",
      "address": "Yerevan, Armenia",
      "url": "https://www.facebook.com/693501640704599",
      "creation_timestamp": 1405256645
    }
  ]
}