{
  "group_posts_v2": [
    {
      "timestamp": 1595524205,
      "attachments": [
        {
          "data": [
            {
              "media": {
                "uri": "your_activity_across_facebook/posts/media/videos/109859727_292742965405215_4042978328626348205_n_1438131179714214.mp4",
                "creation_timestamp": 1595524219,
                "media_metadata": {
                  "video_metadata": {
                    "exif_data": [
                      {
                        "upload_ip": "37.252.95.205",
                        "upload_timestamp": 0
                      }
                    ]
                  }
                },
                "title": "",
                "description": "\u00f0\u009f\u00a4\u00a9 Are you looking for a reliable, truly professional partner? Here we are!!!\n\n\u00e2\u009d\u0097\u00ef\u00b8\u008fWe have many years of experience of cooperation with many organizations, NGOs and funds. Moreover, we organize workshops, seminars and webinars to develop young people's skills and give them opportunity to gain new experience. We are Erasmus + project sending organization. We send hundreds of young people to different countries every year.\nFacebook: https://www.facebook.com/YouthOpportunitiesArm/\n\n\u00f0\u009f\u0093\u00a5 If you are from Luxembourg and think that we can work together, hurry up and send us message.\nyongo.armenia.partners@gmail.com"
              }
            }
          ]
        }
      ],
      "data": [
        {
          "post": "\u00f0\u009f\u00a4\u00a9 Are you looking for a reliable, truly professional partner? Here we are!!!\n\n\u00e2\u009d\u0097\u00ef\u00b8\u008fWe have many years of experience of cooperation with many organizations, NGOs and funds. Moreover, we organize workshops, seminars and webinars to develop young people's skills and give them opportunity to gain new experience. We are Erasmus + project sending organization. We send hundreds of young people to different countries every year.\nFacebook: https://www.facebook.com/YouthOpportunitiesArm/\n\n\u00f0\u009f\u0093\u00a5 If you are from Luxembourg and think that we can work together, hurry up and send us message.\nyongo.armenia.partners@gmail.com"
        }
      ],
      "title": "Nane Mambreyan posted in Erasmus+ KA1 & KA2."
    },
    {
      "timestamp": 1595531292,
      "attachments": [
        {
          "data": [
            {
              "media": {
                "uri": "your_activity_across_facebook/posts/media/videos/109728523_1176932109330995_5473799243938759953_n_1438202256373773.mp4",
                "creation_timestamp": 1595531306,
                "media_metadata": {
                  "video_metadata": {
                    "exif_data": [
                      {
                        "upload_ip": "37.252.95.205",
                        "upload_timestamp": 0
                      }
                    ]
                  }
                },
                "title": "",
                "description": "\u00f0\u009f\u00a4\u00a9 Are you looking for a reliable, truly professional partner? Here we are!!!\n\n\u00e2\u009d\u0097\u00ef\u00b8\u008fWe have many years of experience of cooperation with many organizations, NGOs and funds. Moreover, we organize workshops, seminars and webinars to develop young people's skills and give them opportunity to gain new experience. We are Erasmus + project sending organization. We send hundreds of young people to different countries every year.\nFacebook: https://www.facebook.com/YouthOpportunitiesArm/\n\n\u00f0\u009f\u0093\u00a5 If you are from Luxembourg and think that we can work together, hurry up and send us message.\nyongo.armenia.partners@gmail.com"
              }
            }
          ]
        }
      ],
      "data": [
        {
          "post": "\u00f0\u009f\u00a4\u00a9 Are you looking for a reliable, truly professional partner? Here we are!!!\n\n\u00e2\u009d\u0097\u00ef\u00b8\u008fWe have many years of experience of cooperation with many organizations, NGOs and funds. Moreover, we organize workshops, seminars and webinars to develop young people's skills and give them opportunity to gain new experience. We are Erasmus + project sending organization. We send hundreds of young people to different countries every year.\nFacebook: https://www.facebook.com/YouthOpportunitiesArm/\n\n\u00f0\u009f\u0093\u00a5 If you are from Luxembourg and think that we can work together, hurry up and send us message.\nyongo.armenia.partners@gmail.com"
        }
      ],
      "title": "Nane Mambreyan posted in ERASMUS+ PROJECTS OPPORTUNITIES."
    },
    {
      "timestamp": 1595531306,
      "attachments": [
        {
          "data": [
            {
              "media": {
                "uri": "your_activity_across_facebook/posts/media/videos/109496959_623442998581283_265895388061510638_n_1438202529707079.mp4",
                "creation_timestamp": 1595531320,
                "media_metadata": {
                  "video_metadata": {
                    "exif_data": [
                      {
                        "upload_ip": "37.252.95.205",
                        "upload_timestamp": 0
                      }
                    ]
                  }
                },
                "title": "",
                "description": "\u00f0\u009f\u00a4\u00a9 Are you looking for a reliable, truly professional partner? Here we are!!!\n\n\u00e2\u009d\u0097\u00ef\u00b8\u008fWe have many years of experience of cooperation with many organizations, NGOs and funds. Moreover, we organize workshops, seminars and webinars to develop young people's skills and give them opportunity to gain new experience. We are Erasmus + project sending organization. We send hundreds of young people to different countries every year.\nFacebook: https://www.facebook.com/YouthOpportunitiesArm/\n\n\u00f0\u009f\u0093\u00a5 If you are from Luxembourg and think that we can work together, hurry up and send us message.\nyongo.armenia.partners@gmail.com"
              }
            }
          ]
        }
      ],
      "data": [
        {
          "post": "\u00f0\u009f\u00a4\u00a9 Are you looking for a reliable, truly professional partner? Here we are!!!\n\n\u00e2\u009d\u0097\u00ef\u00b8\u008fWe have many years of experience of cooperation with many organizations, NGOs and funds. Moreover, we organize workshops, seminars and webinars to develop young people's skills and give them opportunity to gain new experience. We are Erasmus + project sending organization. We send hundreds of young people to different countries every year.\nFacebook: https://www.facebook.com/YouthOpportunitiesArm/\n\n\u00f0\u009f\u0093\u00a5 If you are from Luxembourg and think that we can work together, hurry up and send us message.\nyongo.armenia.partners@gmail.com"
        }
      ],
      "title": "Nane Mambreyan posted in Erasmus+ projects."
    },
    {
      "timestamp": 1596017524,
      "attachments": [
        {
          "data": [
            {
              "media": {
                "uri": "your_activity_across_facebook/posts/media/videos/109748772_288266442507726_7202521090750127471_n_1438128996381099.mp4",
                "creation_timestamp": 1595524026,
                "media_metadata": {
                  "video_metadata": {
                    "exif_data": [
                      {
                        "upload_ip": "37.252.95.205",
                        "upload_timestamp": 0
                      }
                    ]
                  }
                },
                "title": "",
                "description": "\u00f0\u009f\u00a4\u00a9 Are you looking for a reliable, truly professional partner? Here we are!!!\n\n\u00e2\u009d\u0097\u00ef\u00b8\u008fWe have many years of experience of cooperation with many organizations, NGOs and funds. Moreover, we organize workshops, seminars and webinars to develop young people's skills and give them opportunity to gain new experience. We are Erasmus + project sending organization. We send hundreds of young people to different countries every year.\nFacebook: https://www.facebook.com/YouthOpportunitiesArm/\n\n\u00f0\u009f\u0093\u00a5 If you are from Luxembourg and think that we can work together, hurry up and send us message.\nyongo.armenia.partners@gmail.com"
              }
            }
          ]
        }
      ],
      "data": [
        {
          "post": "\u00f0\u009f\u00a4\u00a9 Are you looking for a reliable, truly professional partner? Here we are!!!\n\n\u00e2\u009d\u0097\u00ef\u00b8\u008fWe have many years of experience of cooperation with many organizations, NGOs and funds. Moreover, we organize workshops, seminars and webinars to develop young people's skills and give them opportunity to gain new experience. We are Erasmus + project sending organization. We send hundreds of young people to different countries every year.\nFacebook: https://www.facebook.com/YouthOpportunitiesArm/\n\n\u00f0\u009f\u0093\u00a5 If you are from Luxembourg and think that we can work together, hurry up and send us message.\nyongo.armenia.partners@gmail.com"
        }
      ],
      "title": "Nane Mambreyan posted in Erasmus + internships."
    },
    {
      "timestamp": 1596218074,
      "attachments": [
        {
          "data": [
            {
              "external_context": {
                "url": "https://forms.gle/py2N6NATey5X9Di38"
              }
            }
          ]
        }
      ],
      "data": [
        
      ]
    },
    {
      "timestamp": 1597412507,
      "data": [
        {
          "post": "\u00f0\u009f\u0093\u00a3 \u00d5\u0088\u00d5\u00b2\u00d5\u00bb\u00d5\u00b8\u00d6\u0082\u00d5\u009c\u00d5\u00b5\u00d5\u00b6,\n\u00d4\u00b8\u00d5\u00b6\u00d5\u00af\u00d5\u00a5\u00d6\u0080\u00d5\u00b6\u00d5\u00a5\u00d6\u0080, \u00d6\u0085\u00d5\u00a3\u00d5\u00b8\u00d5\u00bd\u00d5\u00bf\u00d5\u00b8\u00d5\u00bd\u00d5\u00ab 15\u00d6\u008a\u00d5\u00ab\u00d5\u00b6 \u00d5\u00aa\u00d5\u00a1\u00d5\u00b4\u00d5\u00a8 \u00d5\u009d 20:00-\u00d5\u00ab\u00d5\u00b6 \u00d5\u00bf\u00d5\u00a5\u00d5\u00b2\u00d5\u00ab \u00d5\u00af\u00d5\u00b8\u00d6\u0082\u00d5\u00b6\u00d5\u00a5\u00d5\u00b6\u00d5\u00a1 \u00d5\u00b4\u00d5\u00a5\u00d6\u0080 \u00d5\u00b0\u00d5\u00a5\u00d6\u0080\u00d5\u00a9\u00d5\u00a1\u00d5\u00af\u00d5\u00a1\u00d5\u00b6 \u00d5\u00a4\u00d5\u00a1\u00d5\u00bd\u00d5\u00a8\u00d5\u00b6\u00d5\u00a9\u00d5\u00a1\u00d6\u0081\u00d5\u00a8:\n\u00d4\u00b4\u00d5\u00a1\u00d5\u00bd\u00d5\u00a8\u00d5\u00b6\u00d5\u00a9\u00d5\u00a1\u00d6\u0081\u00d5\u00ab \u00d5\u00ad\u00d5\u00b8\u00d5\u00bd\u00d5\u00b6\u00d5\u00a1\u00d5\u00af\u00d5\u00b6\u00d5\u00a5\u00d6\u0080\u00d5\u00b6 \u00d5\u00a5\u00d5\u00b6 \u00d4\u00b3\u00d5\u00a1\u00d5\u00b5\u00d5\u00a1\u00d5\u00b6\u00d5\u00a5 \u00d5\u0080\u00d5\u00a1\u00d6\u0080\u00d5\u00b8\u00d6\u0082\u00d5\u00a9\u00d5\u00b5\u00d5\u00b8\u00d6\u0082\u00d5\u00b6\u00d5\u00b5\u00d5\u00a1\u00d5\u00b6\u00d5\u00a8, \u00d4\u00b1\u00d5\u00b6\u00d5\u00a1\u00d5\u00b0\u00d5\u00ab\u00d5\u00bf \u00d4\u00b2\u00d5\u00b6\u00d5\u00b5\u00d5\u00a1\u00d5\u00b6\u00d5\u00a8, \u00d5\u008b\u00d5\u00b8\u00d6\u0082\u00d5\u00ac\u00d5\u00ab\u00d5\u00a1 \u00d5\u0095\u00d5\u00b0\u00d5\u00a1\u00d5\u00b6\u00d5\u00b5\u00d5\u00a1\u00d5\u00b6\u00d5\u00a8\u00d6\u0089\n\u00d5\u0084\u00d5\u00a5\u00d5\u00a6 \u00d5\u00bd\u00d5\u00ba\u00d5\u00a1\u00d5\u00bd\u00d5\u00be\u00d5\u00b8\u00d6\u0082\u00d5\u00b4 \u00d5\u00a7 \u00d5\u00b7\u00d5\u00a1\u00d5\u00a1\u00d5\u00a1\u00d5\u00bf \u00d5\u00b0\u00d5\u00a5\u00d5\u00bf\u00d5\u00a1\u00d6\u0084\u00d6\u0080\u00d6\u0084\u00d5\u00ab\u00d6\u0080 \u00d5\u00a4\u00d5\u00a1\u00d5\u00bd\u00d5\u00a8\u00d5\u00b6\u00d5\u00a9\u00d5\u00a1\u00d6\u0081, \u00d5\u00b8\u00d6\u0080\u00d5\u00ab \u00d5\u00a8\u00d5\u00b6\u00d5\u00a9\u00d5\u00a1\u00d6\u0081\u00d6\u0084\u00d5\u00b8\u00d6\u0082\u00d5\u00b4 \u00d5\u00af\u00d5\u00b8\u00d6\u0082\u00d5\u00bd\u00d5\u00b8\u00d6\u0082\u00d5\u00b4\u00d5\u00b6\u00d5\u00a1\u00d5\u00bd\u00d5\u00ab\u00d6\u0080\u00d5\u00a5\u00d5\u00b6\u00d6\u0084 <\u00d5\u00b4\u00d5\u00a5\u00d5\u00a4\u00d5\u00ab\u00d5\u00a1\u00d5\u00a3\u00d6\u0080\u00d5\u00a1\u00d5\u00a3\u00d5\u00af\u00d5\u00bf\u00d5\u00b8\u00d6\u0082\u00d5\u00a9\u00d5\u00b5\u00d5\u00b8\u00d6\u0082\u00d5\u00b6> \u00d5\u00a9\u00d5\u00a5\u00d5\u00b4\u00d5\u00a1\u00d5\u00b6\u00d6\u0089\n\n\u00d5\u0084\u00d5\u00a1\u00d5\u00b2\u00d5\u00a9\u00d5\u00b8\u00d6\u0082\u00d5\u00b4 \u00d5\u00a5\u00d5\u00b4 \u00d5\u00a2\u00d5\u00b8\u00d5\u00ac\u00d5\u00b8\u00d6\u0080\u00d5\u00ab\u00d5\u00bd \u00d5\u00b0\u00d5\u00a1\u00d5\u00be\u00d5\u00a5\u00d5\u00bd \u00d5\u00a4\u00d5\u00a1\u00d5\u00bd\u00d5\u00a8\u00d5\u00b6\u00d5\u00a9\u00d5\u00a1\u00d6\u0081:\n\u00d4\u00b4\u00d5\u00a1\u00d5\u00bd\u00d5\u00a8\u00d5\u00b6\u00d5\u00a9\u00d5\u00a1\u00d6\u0081\u00d5\u00ab \u00d5\u00b0\u00d5\u00b2\u00d5\u00b8\u00d6\u0082\u00d5\u00b4\u00d5\u00a8 \u00d5\u00af\u00d5\u00bf\u00d5\u00a5\u00d5\u00b2\u00d5\u00a1\u00d5\u00a4\u00d6\u0080\u00d5\u00a5\u00d5\u00b6\u00d6\u0084 \u00d5\u00a1\u00d5\u00be\u00d5\u00a5\u00d5\u00ac\u00d5\u00ab \u00d5\u00b8\u00d6\u0082\u00d5\u00b7\u00d6\u0089"
        }
      ],
      "title": "Nane Mambreyan posted in Regions' Power."
    },
    {
      "timestamp": 1598335849,
      "data": [
        {
          "post": "\u00f0\u009f\u0093\u00a3 \u00d5\u0088\u00d5\u00b2\u00d5\u00bb\u00d5\u00b8\u00d6\u0082\u00d5\u009c\u00d5\u00b5\u00d5\u00b6,\n\u00d4\u00b8\u00d5\u00b6\u00d5\u00af\u00d5\u00a5\u00d6\u0080\u00d5\u00b6\u00d5\u00a5\u00d6\u0080, \u00d6\u0085\u00d5\u00a3\u00d5\u00b8\u00d5\u00bd\u00d5\u00bf\u00d5\u00b8\u00d5\u00bd\u00d5\u00ab 25\u00d6\u008a\u00d5\u00ab\u00d5\u00b6 \u00d5\u00aa\u00d5\u00a1\u00d5\u00b4\u00d5\u00a8 \u00d5\u009d 20:00-\u00d5\u00ab\u00d5\u00b6 \u00d5\u00bf\u00d5\u00a5\u00d5\u00b2\u00d5\u00ab \u00d5\u00af\u00d5\u00b8\u00d6\u0082\u00d5\u00b6\u00d5\u00a5\u00d5\u00b6\u00d5\u00a1 \u00d5\u00b4\u00d5\u00a5\u00d6\u0080 \u00d5\u00b0\u00d5\u00a5\u00d6\u0080\u00d5\u00a9\u00d5\u00a1\u00d5\u00af\u00d5\u00a1\u00d5\u00b6 \u00d5\u00a4\u00d5\u00a1\u00d5\u00bd\u00d5\u00a8\u00d5\u00b6\u00d5\u00a9\u00d5\u00a1\u00d6\u0081\u00d5\u00a8:\n\u00d4\u00b4\u00d5\u00a1\u00d5\u00bd\u00d5\u00a8\u00d5\u00b6\u00d5\u00a9\u00d5\u00a1\u00d6\u0081\u00d5\u00ab \u00d5\u00ad\u00d5\u00b8\u00d5\u00bd\u00d5\u00b6\u00d5\u00a1\u00d5\u00af\u00d5\u00b6 \u00d5\u00a7 \u00d5\u008e\u00d5\u00a1\u00d5\u00b0\u00d5\u00a5 \u00d5\u0084\u00d5\u00a1\u00d6\u0080\u00d5\u00a4\u00d5\u00b8\u00d5\u00b5\u00d5\u00a1\u00d5\u00b6\u00d5\u00a8\u00d6\u0089\n\u00d5\u0084\u00d5\u00a5\u00d5\u00a6 \u00d5\u00bd\u00d5\u00ba\u00d5\u00a1\u00d5\u00bd\u00d5\u00be\u00d5\u00b8\u00d6\u0082\u00d5\u00b4 \u00d5\u00a7 \u00d5\u00b7\u00d5\u00a1\u00d5\u00a1\u00d5\u00a1\u00d5\u00bf \u00d5\u00b0\u00d5\u00a5\u00d5\u00bf\u00d5\u00a1\u00d6\u0084\u00d6\u0080\u00d6\u0084\u00d5\u00ab\u00d6\u0080 \u00d5\u00a4\u00d5\u00a1\u00d5\u00bd\u00d5\u00a8\u00d5\u00b6\u00d5\u00a9\u00d5\u00a1\u00d6\u0081, \u00d5\u00b8\u00d6\u0080\u00d5\u00ab \u00d5\u00a8\u00d5\u00b6\u00d5\u00a9\u00d5\u00a1\u00d6\u0081\u00d6\u0084\u00d5\u00b8\u00d6\u0082\u00d5\u00b4 \u00d5\u00ad\u00d5\u00b8\u00d5\u00bd\u00d5\u00a5\u00d5\u00ac\u00d5\u00b8\u00d6\u0082 \u00d5\u00a5\u00d5\u00b6\u00d6\u0084 \u00d5\u00b0\u00d5\u00a1\u00d5\u00b4\u00d5\u00a1\u00d5\u00b5\u00d5\u00b6\u00d6\u0084\u00d5\u00ab, \u00d5\u00b0\u00d5\u00a1\u00d5\u00b4\u00d5\u00a1\u00d5\u00b5\u00d5\u00b6\u00d6\u0084\u00d5\u00ab \u00d5\u00a6\u00d5\u00a1\u00d6\u0080\u00d5\u00a3\u00d5\u00a1\u00d6\u0081\u00d5\u00b4\u00d5\u00a1\u00d5\u00b6 \u00d5\u00b8\u00d6\u0082\u00d5\u00b2\u00d5\u00ab\u00d5\u00b6\u00d5\u00a5\u00d6\u0080\u00d5\u00ab \u00d5\u00b4\u00d5\u00a1\u00d5\u00bd\u00d5\u00ab\u00d5\u00b6\u00d6\u0089\n\n\u00d5\u0084\u00d5\u00a1\u00d5\u00b2\u00d5\u00a9\u00d5\u00b8\u00d6\u0082\u00d5\u00b4 \u00d5\u00a5\u00d5\u00b4 \u00d5\u00a2\u00d5\u00b8\u00d5\u00ac\u00d5\u00b8\u00d6\u0080\u00d5\u00ab\u00d5\u00bd \u00d5\u00b0\u00d5\u00a5\u00d5\u00bf\u00d5\u00a1\u00d6\u0084\u00d6\u0080\u00d6\u0084\u00d5\u00ab\u00d6\u0080 \u00d5\u00a4\u00d5\u00a1\u00d5\u00bd\u00d5\u00a8\u00d5\u00b6\u00d5\u00a9\u00d5\u00a1\u00d6\u0081:\n\n\u00d4\u00b4\u00d5\u00a1\u00d5\u00bd\u00d5\u00a8\u00d5\u00b6\u00d5\u00a9\u00d5\u00a1\u00d6\u0081\u00d5\u00ab\u00d5\u00b6 \u00d5\u00b4\u00d5\u00ab\u00d5\u00a1\u00d5\u00b6\u00d5\u00a1\u00d5\u00ac\u00d5\u00b8\u00d6\u0082 \u00d5\u00b0\u00d5\u00b2\u00d5\u00b8\u00d6\u0082\u00d5\u00b4\u00d5\u00a8 \u00d5\u00af\u00d5\u00bf\u00d5\u00a5\u00d5\u00b2\u00d5\u00a1\u00d5\u00a4\u00d6\u0080\u00d5\u00a5\u00d5\u00b6\u00d6\u0084 \u00d5\u00a1\u00d5\u00be\u00d5\u00a5\u00d5\u00ac\u00d5\u00ab \u00d5\u00b8\u00d6\u0082\u00d5\u00b7\u00d6\u0089"
        }
      ],
      "title": "Nane Mambreyan posted in Regions' Power."
    },
    {
      "timestamp": 1598462877,
      "data": [
        {
          "post": "\u00f0\u009f\u0093\u00a3 \u00d5\u0088\u00d5\u00b2\u00d5\u00bb\u00d5\u00b8\u00d6\u0082\u00d5\u009c\u00d5\u00b5\u00d5\u00b6,\n\u00d4\u00b8\u00d5\u00b6\u00d5\u00af\u00d5\u00a5\u00d6\u0080\u00d5\u00b6\u00d5\u00a5\u00d6\u0080, \u00d6\u0085\u00d5\u00a3\u00d5\u00b8\u00d5\u00bd\u00d5\u00bf\u00d5\u00b8\u00d5\u00bd\u00d5\u00ab 27\u00d6\u008a\u00d5\u00ab\u00d5\u00b6 \u00d5\u00aa\u00d5\u00a1\u00d5\u00b4\u00d5\u00a8 \u00d5\u009d 20:00-\u00d5\u00ab\u00d5\u00b6 \u00d5\u00bf\u00d5\u00a5\u00d5\u00b2\u00d5\u00ab \u00d5\u00af\u00d5\u00b8\u00d6\u0082\u00d5\u00b6\u00d5\u00a5\u00d5\u00b6\u00d5\u00a1 \u00d5\u00b4\u00d5\u00a5\u00d6\u0080 \u00d5\u00b0\u00d5\u00a5\u00d6\u0080\u00d5\u00a9\u00d5\u00a1\u00d5\u00af\u00d5\u00a1\u00d5\u00b6 \u00d5\u00a4\u00d5\u00a1\u00d5\u00bd\u00d5\u00a8\u00d5\u00b6\u00d5\u00a9\u00d5\u00a1\u00d6\u0081\u00d5\u00a8:\n\u00d4\u00b4\u00d5\u00a1\u00d5\u00bd\u00d5\u00a8\u00d5\u00b6\u00d5\u00a9\u00d5\u00a1\u00d6\u0081\u00d5\u00ab \u00d5\u00ad\u00d5\u00b8\u00d5\u00bd\u00d5\u00b6\u00d5\u00a1\u00d5\u00af\u00d5\u00b6 \u00d5\u00a7 \u00d4\u00b3\u00d5\u00b8\u00d5\u00bc \u00d4\u00b5\u00d5\u00b2\u00d5\u00b5\u00d5\u00a1\u00d5\u00a6\u00d5\u00a1\u00d6\u0080\u00d5\u00b5\u00d5\u00a1\u00d5\u00b6\u00d5\u00a8\u00d6\u0089\n\u00d5\u0084\u00d5\u00a5\u00d5\u00a6 \u00d5\u00bd\u00d5\u00ba\u00d5\u00a1\u00d5\u00bd\u00d5\u00be\u00d5\u00b8\u00d6\u0082\u00d5\u00b4 \u00d5\u00a7 \u00d5\u00b7\u00d5\u00a1\u00d5\u00a1\u00d5\u00a1\u00d5\u00bf \u00d5\u00b0\u00d5\u00a5\u00d5\u00bf\u00d5\u00a1\u00d6\u0084\u00d6\u0080\u00d6\u0084\u00d5\u00ab\u00d6\u0080 \u00d5\u00a4\u00d5\u00a1\u00d5\u00bd\u00d5\u00a8\u00d5\u00b6\u00d5\u00a9\u00d5\u00a1\u00d6\u0081, \u00d5\u00b8\u00d6\u0080\u00d5\u00ab \u00d5\u00a8\u00d5\u00b6\u00d5\u00a9\u00d5\u00a1\u00d6\u0081\u00d6\u0084\u00d5\u00b8\u00d6\u0082\u00d5\u00b4 \u00d5\u00ad\u00d5\u00b8\u00d5\u00bd\u00d5\u00a5\u00d5\u00ac\u00d5\u00b8\u00d6\u0082 \u00d5\u00a5\u00d5\u00b6\u00d6\u0084 \u00d5\u008e\u00d5\u00ab\u00d6\u0084\u00d5\u00ab\u00d5\u00ba\u00d5\u00a5\u00d5\u00a4\u00d5\u00ab\u00d5\u00a1\u00d5\u00b5\u00d5\u00ab \u00d5\u00b4\u00d5\u00a1\u00d5\u00bd\u00d5\u00ab\u00d5\u00b6\u00d6\u0089\n\n\u00d5\u0084\u00d5\u00a1\u00d5\u00b2\u00d5\u00a9\u00d5\u00b8\u00d6\u0082\u00d5\u00b4 \u00d5\u00a5\u00d5\u00b4 \u00d5\u00a2\u00d5\u00b8\u00d5\u00ac\u00d5\u00b8\u00d6\u0080\u00d5\u00ab\u00d5\u00bd \u00d5\u00b0\u00d5\u00a5\u00d5\u00bf\u00d5\u00a1\u00d6\u0084\u00d6\u0080\u00d6\u0084\u00d5\u00ab\u00d6\u0080 \u00d5\u00a4\u00d5\u00a1\u00d5\u00bd\u00d5\u00a8\u00d5\u00b6\u00d5\u00a9\u00d5\u00a1\u00d6\u0081:\n\n\u00d4\u00b4\u00d5\u00a1\u00d5\u00bd\u00d5\u00a8\u00d5\u00b6\u00d5\u00a9\u00d5\u00a1\u00d6\u0081\u00d5\u00ab\u00d5\u00b6 \u00d5\u00b4\u00d5\u00ab\u00d5\u00a1\u00d5\u00b6\u00d5\u00a1\u00d5\u00ac\u00d5\u00b8\u00d6\u0082 \u00d5\u00b0\u00d5\u00b2\u00d5\u00b8\u00d6\u0082\u00d5\u00b4\u00d5\u00a8 \u00d5\u00af\u00d5\u00bf\u00d5\u00a5\u00d5\u00b2\u00d5\u00a1\u00d5\u00a4\u00d6\u0080\u00d5\u00a5\u00d5\u00b6\u00d6\u0084 \u00d5\u00a1\u00d5\u00be\u00d5\u00a5\u00d5\u00ac\u00d5\u00ab \u00d5\u00b8\u00d6\u0082\u00d5\u00b7\u00d6\u0089"
        }
      ],
      "title": "Nane Mambreyan posted in Regions' Power."
    },
    {
      "timestamp": 1598462878,
      "data": [
        {
          "post": "\u00f0\u009f\u0093\u00a3 \u00d5\u0088\u00d5\u00b2\u00d5\u00bb\u00d5\u00b8\u00d6\u0082\u00d5\u009c\u00d5\u00b5\u00d5\u00b6,\n\u00d4\u00b8\u00d5\u00b6\u00d5\u00af\u00d5\u00a5\u00d6\u0080\u00d5\u00b6\u00d5\u00a5\u00d6\u0080, \u00d6\u0085\u00d5\u00a3\u00d5\u00b8\u00d5\u00bd\u00d5\u00bf\u00d5\u00b8\u00d5\u00bd\u00d5\u00ab 27\u00d6\u008a\u00d5\u00ab\u00d5\u00b6 \u00d5\u00aa\u00d5\u00a1\u00d5\u00b4\u00d5\u00a8 \u00d5\u009d 20:00-\u00d5\u00ab\u00d5\u00b6 \u00d5\u00bf\u00d5\u00a5\u00d5\u00b2\u00d5\u00ab \u00d5\u00af\u00d5\u00b8\u00d6\u0082\u00d5\u00b6\u00d5\u00a5\u00d5\u00b6\u00d5\u00a1 \u00d5\u00b4\u00d5\u00a5\u00d6\u0080 \u00d5\u00b0\u00d5\u00a5\u00d6\u0080\u00d5\u00a9\u00d5\u00a1\u00d5\u00af\u00d5\u00a1\u00d5\u00b6 \u00d5\u00a4\u00d5\u00a1\u00d5\u00bd\u00d5\u00a8\u00d5\u00b6\u00d5\u00a9\u00d5\u00a1\u00d6\u0081\u00d5\u00a8:\n\u00d4\u00b4\u00d5\u00a1\u00d5\u00bd\u00d5\u00a8\u00d5\u00b6\u00d5\u00a9\u00d5\u00a1\u00d6\u0081\u00d5\u00ab \u00d5\u00ad\u00d5\u00b8\u00d5\u00bd\u00d5\u00b6\u00d5\u00a1\u00d5\u00af\u00d5\u00b6 \u00d5\u00a7 \u00d4\u00b3\u00d5\u00b8\u00d5\u00bc \u00d4\u00b5\u00d5\u00b2\u00d5\u00b5\u00d5\u00a1\u00d5\u00a6\u00d5\u00a1\u00d6\u0080\u00d5\u00b5\u00d5\u00a1\u00d5\u00b6\u00d5\u00a8\u00d6\u0089\n\u00d5\u0084\u00d5\u00a5\u00d5\u00a6 \u00d5\u00bd\u00d5\u00ba\u00d5\u00a1\u00d5\u00bd\u00d5\u00be\u00d5\u00b8\u00d6\u0082\u00d5\u00b4 \u00d5\u00a7 \u00d5\u00b7\u00d5\u00a1\u00d5\u00a1\u00d5\u00a1\u00d5\u00bf \u00d5\u00b0\u00d5\u00a5\u00d5\u00bf\u00d5\u00a1\u00d6\u0084\u00d6\u0080\u00d6\u0084\u00d5\u00ab\u00d6\u0080 \u00d5\u00a4\u00d5\u00a1\u00d5\u00bd\u00d5\u00a8\u00d5\u00b6\u00d5\u00a9\u00d5\u00a1\u00d6\u0081, \u00d5\u00b8\u00d6\u0080\u00d5\u00ab \u00d5\u00a8\u00d5\u00b6\u00d5\u00a9\u00d5\u00a1\u00d6\u0081\u00d6\u0084\u00d5\u00b8\u00d6\u0082\u00d5\u00b4 \u00d5\u00ad\u00d5\u00b8\u00d5\u00bd\u00d5\u00a5\u00d5\u00ac\u00d5\u00b8\u00d6\u0082 \u00d5\u00a5\u00d5\u00b6\u00d6\u0084 \u00d5\u008e\u00d5\u00ab\u00d6\u0084\u00d5\u00ab\u00d5\u00ba\u00d5\u00a5\u00d5\u00a4\u00d5\u00ab\u00d5\u00a1\u00d5\u00b5\u00d5\u00ab \u00d5\u00b4\u00d5\u00a1\u00d5\u00bd\u00d5\u00ab\u00d5\u00b6 \u00d5\u00b4\u00d5\u00a1\u00d5\u00bd\u00d5\u00ab\u00d5\u00b6\u00d6\u0089\n\n\u00d5\u0084\u00d5\u00a1\u00d5\u00b2\u00d5\u00a9\u00d5\u00b8\u00d6\u0082\u00d5\u00b4 \u00d5\u00a5\u00d5\u00b4 \u00d5\u00a2\u00d5\u00b8\u00d5\u00ac\u00d5\u00b8\u00d6\u0080\u00d5\u00ab\u00d5\u00bd \u00d5\u00b0\u00d5\u00a5\u00d5\u00bf\u00d5\u00a1\u00d6\u0084\u00d6\u0080\u00d6\u0084\u00d5\u00ab\u00d6\u0080 \u00d5\u00a4\u00d5\u00a1\u00d5\u00bd\u00d5\u00a8\u00d5\u00b6\u00d5\u00a9\u00d5\u00a1\u00d6\u0081:\n\n\u00d4\u00b4\u00d5\u00a1\u00d5\u00bd\u00d5\u00a8\u00d5\u00b6\u00d5\u00a9\u00d5\u00a1\u00d6\u0081\u00d5\u00ab\u00d5\u00b6 \u00d5\u00b4\u00d5\u00ab\u00d5\u00a1\u00d5\u00b6\u00d5\u00a1\u00d5\u00ac\u00d5\u00b8\u00d6\u0082 \u00d5\u00b0\u00d5\u00b2\u00d5\u00b8\u00d6\u0082\u00d5\u00b4\u00d5\u00a8 \u00d5\u00af\u00d5\u00bf\u00d5\u00a5\u00d5\u00b2\u00d5\u00a1\u00d5\u00a4\u00d6\u0080\u00d5\u00a5\u00d5\u00b6\u00d6\u0084 \u00d5\u00a1\u00d5\u00be\u00d5\u00a5\u00d5\u00ac\u00d5\u00ab \u00d5\u00b8\u00d6\u0082\u00d5\u00b7\u00d6\u0089"
        }
      ],
      "title": "Nane Mambreyan posted in Regions' Power."
    },
    {
      "timestamp": 1599600678,
      "data": [
        {
          "post": "\u00f0\u009f\u0093\u00a3 \u00d5\u0088\u00d5\u00b2\u00d5\u00bb\u00d5\u00b8\u00d6\u0082\u00d5\u009c\u00d5\u00b5\u00d5\u00b6,\n\u00d4\u00b8\u00d5\u00b6\u00d5\u00af\u00d5\u00a5\u00d6\u0080\u00d5\u00b6\u00d5\u00a5\u00d6\u0080, \u00d5\u00bd\u00d5\u00a5\u00d5\u00ba\u00d5\u00bf\u00d5\u00a5\u00d5\u00b4\u00d5\u00a2\u00d5\u00a5\u00d6\u0080\u00d5\u00ab 10\u00d6\u008a\u00d5\u00ab\u00d5\u00b6 \u00d5\u00aa\u00d5\u00a1\u00d5\u00b4\u00d5\u00a8 \u00d5\u009d 21:00-\u00d5\u00ab\u00d5\u00b6 \u00d5\u00bf\u00d5\u00a5\u00d5\u00b2\u00d5\u00ab \u00d5\u00af\u00d5\u00b8\u00d6\u0082\u00d5\u00b6\u00d5\u00a5\u00d5\u00b6\u00d5\u00a1 \u00d5\u00b4\u00d5\u00a5\u00d6\u0080 \u00d5\u00b0\u00d5\u00a5\u00d6\u0080\u00d5\u00a9\u00d5\u00a1\u00d5\u00af\u00d5\u00a1\u00d5\u00b6 \u00d5\u00a4\u00d5\u00a1\u00d5\u00bd\u00d5\u00a8\u00d5\u00b6\u00d5\u00a9\u00d5\u00a1\u00d6\u0081\u00d5\u00a8:\n\u00d4\u00b4\u00d5\u00a1\u00d5\u00bd\u00d5\u00a8\u00d5\u00b6\u00d5\u00a9\u00d5\u00a1\u00d6\u0081\u00d5\u00ab \u00d5\u00ad\u00d5\u00b8\u00d5\u00bd\u00d5\u00b6\u00d5\u00a1\u00d5\u00af\u00d5\u00b6\u00d5\u00a5\u00d6\u0080\u00d5\u00b6 \u00d5\u00a5\u00d5\u00b6 \u00d5\u008d\u00d5\u00bf\u00d5\u00a5\u00d5\u00ac\u00d5\u00ac\u00d5\u00a1 \u00d4\u00b1\u00d5\u00be\u00d5\u00a5\u00d5\u00bf\u00d5\u00ab\u00d6\u0084\u00d5\u00b5\u00d5\u00a1\u00d5\u00b6\u00d5\u00a8, \u00d5\u0084\u00d5\u00b8\u00d5\u00b6\u00d5\u00ab\u00d5\u00af\u00d5\u00a1 \u00d4\u00b2\u00d5\u00a1\u00d5\u00af\u00d5\u00b8\u00d6\u0082\u00d5\u00b6\u00d6\u0081\u00d5\u00a8, \u00d4\u00b6\u00d5\u00a1\u00d6\u0080\u00d5\u00b8\u00d6\u0082\u00d5\u00b0\u00d5\u00ab \u00d4\u00bd\u00d5\u00ac\u00d5\u00b8\u00d5\u00b5\u00d5\u00a1\u00d5\u00b6\u00d5\u00b6 \u00d5\u00b8\u00d6\u0082 \u00d4\u00bc\u00d5\u00b8\u00d6\u0082\u00d5\u00bd\u00d5\u00ab\u00d5\u00b6\u00d5\u00a5 \u00d5\u0084\u00d5\u00a1\u00d5\u00b6\u00d5\u00b8\u00d6\u0082\u00d5\u00af\u00d5\u00b5\u00d5\u00a1\u00d5\u00b6\u00d5\u00a8\u00d6\u0089\n\u00d5\u0084\u00d5\u00a5\u00d5\u00a6 \u00d5\u00bd\u00d5\u00ba\u00d5\u00a1\u00d5\u00bd\u00d5\u00be\u00d5\u00b8\u00d6\u0082\u00d5\u00b4 \u00d5\u00a7 \u00d5\u00b7\u00d5\u00a1\u00d5\u00a1\u00d5\u00a1\u00d5\u00bf \u00d5\u00b0\u00d5\u00a5\u00d5\u00bf\u00d5\u00a1\u00d6\u0084\u00d6\u0080\u00d6\u0084\u00d5\u00ab\u00d6\u0080 \u00d5\u00a4\u00d5\u00a1\u00d5\u00bd\u00d5\u00a8\u00d5\u00b6\u00d5\u00a9\u00d5\u00a1\u00d6\u0081, \u00d5\u00b8\u00d6\u0080\u00d5\u00ab \u00d5\u00a8\u00d5\u00b6\u00d5\u00a9\u00d5\u00a1\u00d6\u0081\u00d6\u0084\u00d5\u00b8\u00d6\u0082\u00d5\u00b4 \u00d5\u00ad\u00d5\u00b8\u00d5\u00bd\u00d5\u00a5\u00d5\u00ac\u00d5\u00b8\u00d6\u0082 \u00d5\u00a5\u00d5\u00b6\u00d6\u0084 SMM-\u00d5\u00ab \u00d5\u00b4\u00d5\u00a1\u00d5\u00bd\u00d5\u00ab\u00d5\u00b6\u00d6\u0089\n\u00d5\u0084\u00d5\u00a1\u00d5\u00b2\u00d5\u00a9\u00d5\u00b8\u00d6\u0082\u00d5\u00b4 \u00d5\u00a5\u00d5\u00b4 \u00d5\u00a2\u00d5\u00b8\u00d5\u00ac\u00d5\u00b8\u00d6\u0080\u00d5\u00ab\u00d5\u00bd \u00d5\u00b0\u00d5\u00a5\u00d5\u00bf\u00d5\u00a1\u00d6\u0084\u00d6\u0080\u00d6\u0084\u00d5\u00ab\u00d6\u0080 \u00d5\u00a4\u00d5\u00a1\u00d5\u00bd\u00d5\u00a8\u00d5\u00b6\u00d5\u00a9\u00d5\u00a1\u00d6\u0081:\n\n\u00d4\u00b4\u00d5\u00a1\u00d5\u00bd\u00d5\u00a8\u00d5\u00b6\u00d5\u00a9\u00d5\u00a1\u00d6\u0081\u00d5\u00ab\u00d5\u00b6 \u00d5\u00b4\u00d5\u00ab\u00d5\u00a1\u00d5\u00b6\u00d5\u00a1\u00d5\u00ac\u00d5\u00b8\u00d6\u0082 \u00d5\u00b0\u00d5\u00b2\u00d5\u00b8\u00d6\u0082\u00d5\u00b4\u00d5\u00a8 \u00d5\u00af\u00d5\u00bf\u00d5\u00a5\u00d5\u00b2\u00d5\u00a1\u00d5\u00a4\u00d6\u0080\u00d5\u00a5\u00d5\u00b6\u00d6\u0084 \u00d5\u00a1\u00d5\u00be\u00d5\u00a5\u00d5\u00ac\u00d5\u00ab \u00d5\u00b8\u00d6\u0082\u00d5\u00b7\u00d6\u0089"
        }
      ],
      "title": "Nane Mambreyan posted in Regions' Power."
    },
    {
      "timestamp": 1611515576,
      "attachments": [
        {
          "data": [
            {
              "media": {
                "uri": "your_activity_across_facebook/posts/media/your_posts/141753437_1590450491148948_2534510004245466722_n_1590450487815615.jpg",
                "creation_timestamp": 1611515387,
                "media_metadata": {
                  "photo_metadata": {
                    "exif_data": [
                      {
                        "iso": 129,
                        "focal_length": "3830/1000",
                        "upload_ip": "37.252.80.76",
                        "taken_timestamp": 1611511805,
                        "modified_timestamp": 1611511805,
                        "camera_make": "HUAWEI",
                        "camera_model": "TRT-L21A",
                        "exposure": "33333336/1000000000",
                        "f_stop": "220/100",
                        "orientation": 1,
                        "original_width": 4032,
                        "original_height": 3016
                      }
                    ]
                  }
                },
                "description": "Guys, can you, please, help me with this issue? The message pops up as soon as I open new project via PTF. When I press OK, the window closes and that's it, the edit window does not appear afterwards. I am using Windows 10. The Avid website advises to (re)install Xpand2! and ASIO4ALL. I have done so and even reinstalled PTF. Nothing works. Thanks in advance!"
              }
            }
          ]
        }
      ],
      "data": [
        {
          "post": "Guys, can you, please, help me with this issue? The message pops up as soon as I open new project via PTF. When I press OK, the window closes and that's it, the edit window does not appear afterwards. I am using Windows 10. The Avid website advises to (re)install Xpand2! and ASIO4ALL. I have done so and even reinstalled PTF. Nothing works. Thanks in advance!"
        }
      ],
      "title": "Nane Mambreyan posted in Avid Pro Tools | First Users."
    },
    {
      "timestamp": 1612451164,
      "attachments": [
        {
          "data": [
            {
              "external_context": {
                "url": "https://drive.google.com/file/d/1euqE2N57zsW2isZsV93vTy6XqE2Y1z0S/view?usp=sharing"
              }
            }
          ]
        }
      ],
      "data": [
        {
          "post": "Dear volunteers,\nYou have a wonderful opportunity to apply for volunteer vacancy of Erasmus+ Training Course KA105\n\nHere is some basic information:\nProject Name: WE ACT\nOrganiser: EMPRENDE EMPLEO EUROPEAN NETWORK\nType: ONLINE TRAINING COURSE\nDates: 9th, 10th, 11th, 16th, 17th APRIL\nVenue: ONLINE\n\nFind the infopack attached below. Make sure to have looked through the infopack thoroughly before making your mind. Put a \u00e2\u0080\u0098+\u00e2\u0080\u0099 if you are eager to participate.\n\nhttps://drive.google.com/file/d/1euqE2N57zsW2isZsV93vTy6XqE2Y1z0S/view?usp=sharing"
        }
      ]
    },
    {
      "timestamp": 1619524662,
      "attachments": [
        {
          "data": [
            {
              "media": {
                "uri": "your_activity_across_facebook/posts/media/your_posts/178455947_1656385524555444_6899704206069675948_n_1656385517888778.jpg",
                "creation_timestamp": 1619523978,
                "media_metadata": {
                  "photo_metadata": {
                    "exif_data": [
                      {
                        "upload_ip": "37.252.94.55",
                        "taken_timestamp": 1619523980,
                        "orientation": 1
                      }
                    ]
                  }
                },
                "description": "\u00c2\u00ab\u00d4\u00b5\u00d6\u0080\u00d5\u00ab\u00d5\u00bf\u00d5\u00a1\u00d5\u00bd\u00d5\u00a1\u00d6\u0080\u00d5\u00a4\u00d5\u00b6\u00d5\u00a5\u00d6\u0080\u00d5\u00ab \u00d5\u0080\u00d5\u00b6\u00d5\u00a1\u00d6\u0080\u00d5\u00a1\u00d5\u00be\u00d5\u00b8\u00d6\u0080\u00d5\u00b8\u00d6\u0082\u00d5\u00a9\u00d5\u00b5\u00d5\u00b8\u00d6\u0082\u00d5\u00b6\u00d5\u00b6\u00d5\u00a5\u00d6\u0080\u00d5\u00ab \u00d4\u00b1\u00d5\u00af\u00d5\u00b8\u00d6\u0082\u00d5\u00b4\u00d5\u00a2\u00c2\u00bb \u00d5\u0080\u00d4\u00bf-\u00d5\u00b6 \u00d5\u00b0\u00d6\u0080\u00d5\u00a1\u00d5\u00be\u00d5\u00ab\u00d6\u0080\u00d5\u00b8\u00d6\u0082\u00d5\u00b4 \u00d5\u00a7 \u00d5\u00af\u00d5\u00a1\u00d5\u00b4\u00d5\u00a1\u00d5\u00be\u00d5\u00b8\u00d6\u0080\u00d5\u00a1\u00d5\u00af\u00d5\u00a1\u00d5\u00b6 \u00d5\u00a1\u00d5\u00b7\u00d5\u00ad\u00d5\u00a1\u00d5\u00bf\u00d5\u00a1\u00d5\u00b6\u00d6\u0084\u00d5\u00b8\u00d5\u00be \u00d5\u00b0\u00d5\u00a5\u00d5\u00bf\u00d5\u00a1\u00d6\u0084\u00d6\u0080\u00d6\u0084\u00d6\u0080\u00d5\u00be\u00d5\u00a1\u00d5\u00ae \u00d5\u00a5\u00d6\u0080\u00d5\u00ab\u00d5\u00bf\u00d5\u00a1\u00d5\u00bd\u00d5\u00a1\u00d6\u0080\u00d5\u00a4\u00d5\u00b6\u00d5\u00a5\u00d6\u0080\u00d5\u00ab\u00d5\u00b6 \u00d5\u00ab\u00d6\u0080 \u00d5\u00a9\u00d5\u00ab\u00d5\u00b4\u00d6\u0089\n\n\u00e2\u009e\u00a1\u00ef\u00b8\u008f\u00d5\u0084\u00d5\u00a5\u00d6\u0080 \u00d5\u00af\u00d5\u00b8\u00d5\u00b2\u00d5\u00b4\u00d5\u00ab\u00d6\u0081 \u00d5\u00a8\u00d5\u00b6\u00d5\u00b1\u00d5\u00a5\u00d5\u00bc\u00d5\u00be\u00d5\u00b8\u00d5\u00b2 \u00d5\u00b0\u00d5\u00b6\u00d5\u00a1\u00d6\u0080\u00d5\u00a1\u00d5\u00be\u00d5\u00b8\u00d6\u0080\u00d5\u00b8\u00d6\u0082\u00d5\u00a9\u00d5\u00b5\u00d5\u00b8\u00d6\u0082\u00d5\u00b6\u00d5\u00b6\u00d5\u00a5\u00d6\u0080.\n1. \u00d5\u0084\u00d5\u00a1\u00d5\u00bd\u00d5\u00b6\u00d5\u00a1\u00d5\u00af\u00d6\u0081\u00d5\u00a5\u00d5\u00ac Erasmus+ \u00d5\u00b4\u00d5\u00ab\u00d5\u00bb\u00d5\u00a1\u00d5\u00a6\u00d5\u00a3\u00d5\u00a1\u00d5\u00b5\u00d5\u00ab\u00d5\u00b6 \u00d6\u0083\u00d5\u00b8\u00d5\u00ad\u00d5\u00a1\u00d5\u00b6\u00d5\u00a1\u00d5\u00af\u00d5\u00b4\u00d5\u00a1\u00d5\u00b6 \u00d5\u00ae\u00d6\u0080\u00d5\u00a1\u00d5\u00a3\u00d6\u0080\u00d5\u00a5\u00d6\u0080\u00d5\u00ab\n2. \u00d4\u00b3\u00d5\u00b8\u00d6\u0080\u00d5\u00ae\u00d5\u00b6\u00d5\u00a1\u00d5\u00af\u00d5\u00a1\u00d5\u00b6\u00d5\u00b8\u00d6\u0082\u00d5\u00b4 \u00d5\u00af\u00d5\u00ab\u00d6\u0080\u00d5\u00a1\u00d5\u00bc\u00d5\u00a5\u00d5\u00ac \u00d5\u00a1\u00d5\u00b6\u00d5\u00a3\u00d5\u00ac\u00d5\u00a5\u00d6\u0080\u00d5\u00a5\u00d5\u00b6\u00d5\u00ab \u00d6\u0087 \u00d5\u00a1\u00d5\u00b5\u00d5\u00ac \u00d6\u0085\u00d5\u00bf\u00d5\u00a1\u00d6\u0080 \u00d5\u00ac\u00d5\u00a5\u00d5\u00a6\u00d5\u00b8\u00d6\u0082\u00d5\u00b6\u00d5\u00a5\u00d6\u0080\u00d5\u00ab \u00d5\u00a3\u00d5\u00ab\u00d5\u00bf\u00d5\u00a5\u00d5\u00ac\u00d5\u00ab\u00d6\u0084\u00d5\u00b6\u00d5\u00a5\u00d6\u0080\u00d5\u00a4\n3. \u00d5\u0081\u00d5\u00a5\u00d5\u00bc\u00d6\u0084 \u00d5\u00a2\u00d5\u00a5\u00d6\u0080\u00d5\u00a5\u00d5\u00ac \u00d5\u00a2\u00d5\u00a1\u00d5\u00a6\u00d5\u00b8\u00d6\u0082\u00d5\u00b4 \u00d5\u00b0\u00d5\u00b4\u00d5\u00bf\u00d5\u00b8\u00d6\u0082\u00d5\u00a9\u00d5\u00b5\u00d5\u00b8\u00d6\u0082\u00d5\u00b6\u00d5\u00b6\u00d5\u00a5\u00d6\u0080 \u00d5\u00b8\u00d6\u0082 \u00d5\u00af\u00d5\u00a1\u00d5\u00ba\u00d5\u00a5\u00d6\u0080\n4. \u00d5\u008d\u00d5\u00bf\u00d5\u00a1\u00d5\u00b6\u00d5\u00a1\u00d5\u00ac \u00d5\u00b0\u00d5\u00a1\u00d5\u00be\u00d5\u00a1\u00d5\u00bd\u00d5\u00bf\u00d5\u00a1\u00d5\u00a3\u00d6\u0080\u00d5\u00a5\u00d6\u0080\n5. \u00d4\u00b3\u00d6\u0080\u00d5\u00a5\u00d5\u00ac \u00d5\u00a4\u00d6\u0080\u00d5\u00a1\u00d5\u00b4\u00d5\u00a1\u00d5\u00b7\u00d5\u00b6\u00d5\u00b8\u00d6\u0080\u00d5\u00b0\u00d5\u00a1\u00d5\u00b5\u00d5\u00ab\u00d5\u00b6 \u00d5\u00ae\u00d6\u0080\u00d5\u00a1\u00d5\u00a3\u00d6\u0080\u00d5\u00a5\u00d6\u0080\n\n\u00e2\u009e\u00a1\u00ef\u00b8\u008f\u00d5\u0080\u00d5\u00ab\u00d5\u00b4\u00d5\u00b6\u00d5\u00a1\u00d5\u00af\u00d5\u00a1\u00d5\u00b6 \u00d5\u00a1\u00d5\u00b7\u00d5\u00ad\u00d5\u00a1\u00d5\u00bf\u00d5\u00a1\u00d5\u00b6\u00d6\u0084\u00d5\u00ab \u00d5\u00a2\u00d5\u00b6\u00d5\u00b8\u00d6\u0082\u00d5\u00a9\u00d5\u00a1\u00d5\u00a3\u00d5\u00ab\u00d6\u0080.\n\u00d4\u00bf\u00d5\u00a1\u00d5\u00ba\u00d5\u00a5\u00d6\u0080 \u00d5\u00b0\u00d5\u00a1\u00d5\u00bd\u00d5\u00bf\u00d5\u00a1\u00d5\u00bf\u00d5\u00a5\u00d5\u00ac \u00d5\u00a1\u00d6\u0080\u00d5\u00bf\u00d5\u00a1\u00d5\u00bd\u00d5\u00a1\u00d5\u00b0\u00d5\u00b4\u00d5\u00a1\u00d5\u00b6\u00d5\u00b5\u00d5\u00a1\u00d5\u00b6 \u00d5\u00a3\u00d5\u00b8\u00d6\u0080\u00d5\u00ae\u00d5\u00a8\u00d5\u00b6\u00d5\u00af\u00d5\u00a5\u00d6\u0080\u00d5\u00b6\u00d5\u00a5\u00d6\u0080\u00d5\u00ab \u00d5\u00b0\u00d5\u00a5\u00d5\u00bf\n\n\u00e2\u009e\u00a1\u00ef\u00b8\u008f\u00d4\u00b9\u00d5\u00ab\u00d5\u00b4\u00d5\u00ab\u00d5\u00b6 \u00d5\u00b4\u00d5\u00ab\u00d5\u00a1\u00d5\u00b6\u00d5\u00a1\u00d5\u00ac\u00d5\u00b8\u00d6\u0082 \u00d5\u00b0\u00d5\u00a1\u00d5\u00b4\u00d5\u00a1\u00d6\u0080 \u00d5\u00a1\u00d5\u00b6\u00d5\u00b0\u00d6\u0080\u00d5\u00a1\u00d5\u00aa\u00d5\u00a5\u00d5\u00b7\u00d5\u00bf \u00d5\u00a7.\n\u00d5\u00a1. \u00d4\u00b1\u00d5\u00b6\u00d5\u00a3\u00d5\u00ac\u00d5\u00a5\u00d6\u0080\u00d5\u00a5\u00d5\u00b6 \u00d5\u00ac\u00d5\u00a5\u00d5\u00a6\u00d5\u00be\u00d5\u00ab \u00d5\u00ab\u00d5\u00b4\u00d5\u00a1\u00d6\u0081\u00d5\u00b8\u00d6\u0082\u00d5\u00a9\u00d5\u00b5\u00d5\u00a1\u00d5\u00b6 \u00d5\u00a1\u00d5\u00bc\u00d5\u00b6\u00d5\u00be\u00d5\u00a1\u00d5\u00a6\u00d5\u00b6 B1 \u00d5\u00b4\u00d5\u00a1\u00d5\u00af\u00d5\u00a1\u00d6\u0080\u00d5\u00a4\u00d5\u00a1\u00d5\u00af\n\u00d5\u00a2. \u00d5\u008e\u00d5\u00a5\u00d6\u0080\u00d5\u00bb\u00d5\u00b6\u00d5\u00a1\u00d5\u00aa\u00d5\u00a1\u00d5\u00b4\u00d5\u00af\u00d5\u00a5\u00d5\u00bf\u00d5\u00b6\u00d5\u00a5\u00d6\u0080\u00d5\u00b8\u00d5\u00be (deadline) \u00d5\u00a1\u00d5\u00b7\u00d5\u00ad\u00d5\u00a1\u00d5\u00bf\u00d5\u00a5\u00d5\u00ac\u00d5\u00b8\u00d6\u0082 \u00d5\u00b0\u00d5\u00b6\u00d5\u00a1\u00d6\u0080\u00d5\u00a1\u00d5\u00be\u00d5\u00b8\u00d6\u0080\u00d5\u00b8\u00d6\u0082\u00d5\u00a9\u00d5\u00b5\u00d5\u00b8\u00d6\u0082\u00d5\u00b6\n\n\u00f0\u009f\u0093\u00a9\u00d4\u00b4\u00d5\u00ab\u00d5\u00b4\u00d5\u00a5\u00d5\u00ac\u00d5\u00b8\u00d6\u0082 \u00d5\u00b0\u00d5\u00a1\u00d5\u00b4\u00d5\u00a1\u00d6\u0080 \u00d5\u00af\u00d5\u00a1\u00d6\u0080\u00d5\u00b8\u00d5\u00b2 \u00d5\u00a5\u00d6\u0084 \u00d5\u00b8\u00d6\u0082\u00d5\u00b2\u00d5\u00a1\u00d6\u0080\u00d5\u00af\u00d5\u00a5\u00d5\u00ac \u00d5\u0081\u00d5\u00a5\u00d6\u0080  \u00d5\u00ab\u00d5\u00b6\u00d6\u0084\u00d5\u00b6\u00d5\u00a1\u00d5\u00af\u00d5\u00a5\u00d5\u00b6\u00d5\u00bd\u00d5\u00a1\u00d5\u00a3\u00d6\u0080\u00d5\u00a1\u00d5\u00af\u00d5\u00a1\u00d5\u00b6\u00d5\u00a8 hr.yoclub@gmail.com \u00d5\u00a7\u00d5\u00ac.\u00d5\u00b0\u00d5\u00a1\u00d5\u00bd\u00d6\u0081\u00d5\u00a5\u00d5\u00ab\u00d5\u00b6` subject \u00d5\u00a2\u00d5\u00a1\u00d5\u00aa\u00d5\u00b6\u00d5\u00b8\u00d6\u0082\u00d5\u00b4 \u00d5\u00b6\u00d5\u00b7\u00d5\u00a5\u00d5\u00ac\u00d5\u00b8\u00d5\u00be External Relations Department \u00d6\u0089)"
              }
            }
          ]
        }
      ],
      "data": [
        {
          "post": "\u00c2\u00ab\u00d4\u00b5\u00d6\u0080\u00d5\u00ab\u00d5\u00bf\u00d5\u00a1\u00d5\u00bd\u00d5\u00a1\u00d6\u0080\u00d5\u00a4\u00d5\u00b6\u00d5\u00a5\u00d6\u0080\u00d5\u00ab \u00d5\u0080\u00d5\u00b6\u00d5\u00a1\u00d6\u0080\u00d5\u00a1\u00d5\u00be\u00d5\u00b8\u00d6\u0080\u00d5\u00b8\u00d6\u0082\u00d5\u00a9\u00d5\u00b5\u00d5\u00b8\u00d6\u0082\u00d5\u00b6\u00d5\u00b6\u00d5\u00a5\u00d6\u0080\u00d5\u00ab \u00d4\u00b1\u00d5\u00af\u00d5\u00b8\u00d6\u0082\u00d5\u00b4\u00d5\u00a2\u00c2\u00bb \u00d5\u0080\u00d4\u00bf-\u00d5\u00b6 \u00d5\u00b0\u00d6\u0080\u00d5\u00a1\u00d5\u00be\u00d5\u00ab\u00d6\u0080\u00d5\u00b8\u00d6\u0082\u00d5\u00b4 \u00d5\u00a7 \u00d5\u00af\u00d5\u00a1\u00d5\u00b4\u00d5\u00a1\u00d5\u00be\u00d5\u00b8\u00d6\u0080\u00d5\u00a1\u00d5\u00af\u00d5\u00a1\u00d5\u00b6 \u00d5\u00a1\u00d5\u00b7\u00d5\u00ad\u00d5\u00a1\u00d5\u00bf\u00d5\u00a1\u00d5\u00b6\u00d6\u0084\u00d5\u00b8\u00d5\u00be \u00d5\u00b0\u00d5\u00a5\u00d5\u00bf\u00d5\u00a1\u00d6\u0084\u00d6\u0080\u00d6\u0084\u00d6\u0080\u00d5\u00be\u00d5\u00a1\u00d5\u00ae \u00d5\u00a5\u00d6\u0080\u00d5\u00ab\u00d5\u00bf\u00d5\u00a1\u00d5\u00bd\u00d5\u00a1\u00d6\u0080\u00d5\u00a4\u00d5\u00b6\u00d5\u00a5\u00d6\u0080\u00d5\u00ab\u00d5\u00b6 \u00d5\u00ab\u00d6\u0080 \u00d5\u00a9\u00d5\u00ab\u00d5\u00b4\u00d6\u0089\n\n\u00e2\u009e\u00a1\u00ef\u00b8\u008f\u00d5\u0084\u00d5\u00a5\u00d6\u0080 \u00d5\u00af\u00d5\u00b8\u00d5\u00b2\u00d5\u00b4\u00d5\u00ab\u00d6\u0081 \u00d5\u00a8\u00d5\u00b6\u00d5\u00b1\u00d5\u00a5\u00d5\u00bc\u00d5\u00be\u00d5\u00b8\u00d5\u00b2 \u00d5\u00b0\u00d5\u00b6\u00d5\u00a1\u00d6\u0080\u00d5\u00a1\u00d5\u00be\u00d5\u00b8\u00d6\u0080\u00d5\u00b8\u00d6\u0082\u00d5\u00a9\u00d5\u00b5\u00d5\u00b8\u00d6\u0082\u00d5\u00b6\u00d5\u00b6\u00d5\u00a5\u00d6\u0080.\n1. \u00d5\u0084\u00d5\u00a1\u00d5\u00bd\u00d5\u00b6\u00d5\u00a1\u00d5\u00af\u00d6\u0081\u00d5\u00a5\u00d5\u00ac Erasmus+ \u00d5\u00b4\u00d5\u00ab\u00d5\u00bb\u00d5\u00a1\u00d5\u00a6\u00d5\u00a3\u00d5\u00a1\u00d5\u00b5\u00d5\u00ab\u00d5\u00b6 \u00d6\u0083\u00d5\u00b8\u00d5\u00ad\u00d5\u00a1\u00d5\u00b6\u00d5\u00a1\u00d5\u00af\u00d5\u00b4\u00d5\u00a1\u00d5\u00b6 \u00d5\u00ae\u00d6\u0080\u00d5\u00a1\u00d5\u00a3\u00d6\u0080\u00d5\u00a5\u00d6\u0080\u00d5\u00ab\n2. \u00d4\u00b3\u00d5\u00b8\u00d6\u0080\u00d5\u00ae\u00d5\u00b6\u00d5\u00a1\u00d5\u00af\u00d5\u00a1\u00d5\u00b6\u00d5\u00b8\u00d6\u0082\u00d5\u00b4 \u00d5\u00af\u00d5\u00ab\u00d6\u0080\u00d5\u00a1\u00d5\u00bc\u00d5\u00a5\u00d5\u00ac \u00d5\u00a1\u00d5\u00b6\u00d5\u00a3\u00d5\u00ac\u00d5\u00a5\u00d6\u0080\u00d5\u00a5\u00d5\u00b6\u00d5\u00ab \u00d6\u0087 \u00d5\u00a1\u00d5\u00b5\u00d5\u00ac \u00d6\u0085\u00d5\u00bf\u00d5\u00a1\u00d6\u0080 \u00d5\u00ac\u00d5\u00a5\u00d5\u00a6\u00d5\u00b8\u00d6\u0082\u00d5\u00b6\u00d5\u00a5\u00d6\u0080\u00d5\u00ab \u00d5\u00a3\u00d5\u00ab\u00d5\u00bf\u00d5\u00a5\u00d5\u00ac\u00d5\u00ab\u00d6\u0084\u00d5\u00b6\u00d5\u00a5\u00d6\u0080\u00d5\u00a4\n3. \u00d5\u0081\u00d5\u00a5\u00d5\u00bc\u00d6\u0084 \u00d5\u00a2\u00d5\u00a5\u00d6\u0080\u00d5\u00a5\u00d5\u00ac \u00d5\u00a2\u00d5\u00a1\u00d5\u00a6\u00d5\u00b8\u00d6\u0082\u00d5\u00b4 \u00d5\u00b0\u00d5\u00b4\u00d5\u00bf\u00d5\u00b8\u00d6\u0082\u00d5\u00a9\u00d5\u00b5\u00d5\u00b8\u00d6\u0082\u00d5\u00b6\u00d5\u00b6\u00d5\u00a5\u00d6\u0080 \u00d5\u00b8\u00d6\u0082 \u00d5\u00af\u00d5\u00a1\u00d5\u00ba\u00d5\u00a5\u00d6\u0080\n4. \u00d5\u008d\u00d5\u00bf\u00d5\u00a1\u00d5\u00b6\u00d5\u00a1\u00d5\u00ac \u00d5\u00b0\u00d5\u00a1\u00d5\u00be\u00d5\u00a1\u00d5\u00bd\u00d5\u00bf\u00d5\u00a1\u00d5\u00a3\u00d6\u0080\u00d5\u00a5\u00d6\u0080\n5. \u00d4\u00b3\u00d6\u0080\u00d5\u00a5\u00d5\u00ac \u00d5\u00a4\u00d6\u0080\u00d5\u00a1\u00d5\u00b4\u00d5\u00a1\u00d5\u00b7\u00d5\u00b6\u00d5\u00b8\u00d6\u0080\u00d5\u00b0\u00d5\u00a1\u00d5\u00b5\u00d5\u00ab\u00d5\u00b6 \u00d5\u00ae\u00d6\u0080\u00d5\u00a1\u00d5\u00a3\u00d6\u0080\u00d5\u00a5\u00d6\u0080\n\n\u00e2\u009e\u00a1\u00ef\u00b8\u008f\u00d5\u0080\u00d5\u00ab\u00d5\u00b4\u00d5\u00b6\u00d5\u00a1\u00d5\u00af\u00d5\u00a1\u00d5\u00b6 \u00d5\u00a1\u00d5\u00b7\u00d5\u00ad\u00d5\u00a1\u00d5\u00bf\u00d5\u00a1\u00d5\u00b6\u00d6\u0084\u00d5\u00ab \u00d5\u00a2\u00d5\u00b6\u00d5\u00b8\u00d6\u0082\u00d5\u00a9\u00d5\u00a1\u00d5\u00a3\u00d5\u00ab\u00d6\u0080.\n\u00d4\u00bf\u00d5\u00a1\u00d5\u00ba\u00d5\u00a5\u00d6\u0080 \u00d5\u00b0\u00d5\u00a1\u00d5\u00bd\u00d5\u00bf\u00d5\u00a1\u00d5\u00bf\u00d5\u00a5\u00d5\u00ac \u00d5\u00a1\u00d6\u0080\u00d5\u00bf\u00d5\u00a1\u00d5\u00bd\u00d5\u00a1\u00d5\u00b0\u00d5\u00b4\u00d5\u00a1\u00d5\u00b6\u00d5\u00b5\u00d5\u00a1\u00d5\u00b6 \u00d5\u00a3\u00d5\u00b8\u00d6\u0080\u00d5\u00ae\u00d5\u00a8\u00d5\u00b6\u00d5\u00af\u00d5\u00a5\u00d6\u0080\u00d5\u00b6\u00d5\u00a5\u00d6\u0080\u00d5\u00ab \u00d5\u00b0\u00d5\u00a5\u00d5\u00bf\n\n\u00e2\u009e\u00a1\u00ef\u00b8\u008f\u00d4\u00b9\u00d5\u00ab\u00d5\u00b4\u00d5\u00ab\u00d5\u00b6 \u00d5\u00b4\u00d5\u00ab\u00d5\u00a1\u00d5\u00b6\u00d5\u00a1\u00d5\u00ac\u00d5\u00b8\u00d6\u0082 \u00d5\u00b0\u00d5\u00a1\u00d5\u00b4\u00d5\u00a1\u00d6\u0080 \u00d5\u00a1\u00d5\u00b6\u00d5\u00b0\u00d6\u0080\u00d5\u00a1\u00d5\u00aa\u00d5\u00a5\u00d5\u00b7\u00d5\u00bf \u00d5\u00a7.\n\u00d5\u00a1. \u00d4\u00b1\u00d5\u00b6\u00d5\u00a3\u00d5\u00ac\u00d5\u00a5\u00d6\u0080\u00d5\u00a5\u00d5\u00b6 \u00d5\u00ac\u00d5\u00a5\u00d5\u00a6\u00d5\u00be\u00d5\u00ab \u00d5\u00ab\u00d5\u00b4\u00d5\u00a1\u00d6\u0081\u00d5\u00b8\u00d6\u0082\u00d5\u00a9\u00d5\u00b5\u00d5\u00a1\u00d5\u00b6 \u00d5\u00a1\u00d5\u00bc\u00d5\u00b6\u00d5\u00be\u00d5\u00a1\u00d5\u00a6\u00d5\u00b6 B1 \u00d5\u00b4\u00d5\u00a1\u00d5\u00af\u00d5\u00a1\u00d6\u0080\u00d5\u00a4\u00d5\u00a1\u00d5\u00af\n\u00d5\u00a2. \u00d5\u008e\u00d5\u00a5\u00d6\u0080\u00d5\u00bb\u00d5\u00b6\u00d5\u00a1\u00d5\u00aa\u00d5\u00a1\u00d5\u00b4\u00d5\u00af\u00d5\u00a5\u00d5\u00bf\u00d5\u00b6\u00d5\u00a5\u00d6\u0080\u00d5\u00b8\u00d5\u00be (deadline) \u00d5\u00a1\u00d5\u00b7\u00d5\u00ad\u00d5\u00a1\u00d5\u00bf\u00d5\u00a5\u00d5\u00ac\u00d5\u00b8\u00d6\u0082 \u00d5\u00b0\u00d5\u00b6\u00d5\u00a1\u00d6\u0080\u00d5\u00a1\u00d5\u00be\u00d5\u00b8\u00d6\u0080\u00d5\u00b8\u00d6\u0082\u00d5\u00a9\u00d5\u00b5\u00d5\u00b8\u00d6\u0082\u00d5\u00b6\n\n\u00f0\u009f\u0093\u00a9\u00d4\u00b4\u00d5\u00ab\u00d5\u00b4\u00d5\u00a5\u00d5\u00ac\u00d5\u00b8\u00d6\u0082 \u00d5\u00b0\u00d5\u00a1\u00d5\u00b4\u00d5\u00a1\u00d6\u0080 \u00d5\u00af\u00d5\u00a1\u00d6\u0080\u00d5\u00b8\u00d5\u00b2 \u00d5\u00a5\u00d6\u0084 \u00d5\u00b8\u00d6\u0082\u00d5\u00b2\u00d5\u00a1\u00d6\u0080\u00d5\u00af\u00d5\u00a5\u00d5\u00ac \u00d5\u0081\u00d5\u00a5\u00d6\u0080  \u00d5\u00ab\u00d5\u00b6\u00d6\u0084\u00d5\u00b6\u00d5\u00a1\u00d5\u00af\u00d5\u00a5\u00d5\u00b6\u00d5\u00bd\u00d5\u00a1\u00d5\u00a3\u00d6\u0080\u00d5\u00a1\u00d5\u00af\u00d5\u00a1\u00d5\u00b6\u00d5\u00a8 hr.yoclub@gmail.com \u00d5\u00a7\u00d5\u00ac.\u00d5\u00b0\u00d5\u00a1\u00d5\u00bd\u00d6\u0081\u00d5\u00a5\u00d5\u00ab\u00d5\u00b6` subject \u00d5\u00a2\u00d5\u00a1\u00d5\u00aa\u00d5\u00b6\u00d5\u00b8\u00d6\u0082\u00d5\u00b4 \u00d5\u00b6\u00d5\u00b7\u00d5\u00a5\u00d5\u00ac\u00d5\u00b8\u00d5\u00be External Relations Department \u00d6\u0089)"
        }
      ],
      "title": "Nane Mambreyan posted in ConnACTion."
    },
    {
      "timestamp": 1619590264,
      "attachments": [
        {
          "data": [
            {
              "media": {
                "uri": "your_activity_across_facebook/posts/media/your_posts/179091190_1656386754555321_1580799875805202795_n_1656386747888655.jpg",
                "creation_timestamp": 1619524087,
                "media_metadata": {
                  "photo_metadata": {
                    "exif_data": [
                      {
                        "upload_ip": "37.252.94.55",
                        "taken_timestamp": 1619524090,
                        "orientation": 1
                      }
                    ]
                  }
                },
                "description": "\u00c2\u00ab\u00d4\u00b5\u00d6\u0080\u00d5\u00ab\u00d5\u00bf\u00d5\u00a1\u00d5\u00bd\u00d5\u00a1\u00d6\u0080\u00d5\u00a4\u00d5\u00b6\u00d5\u00a5\u00d6\u0080\u00d5\u00ab \u00d5\u0080\u00d5\u00b6\u00d5\u00a1\u00d6\u0080\u00d5\u00a1\u00d5\u00be\u00d5\u00b8\u00d6\u0080\u00d5\u00b8\u00d6\u0082\u00d5\u00a9\u00d5\u00b5\u00d5\u00b8\u00d6\u0082\u00d5\u00b6\u00d5\u00b6\u00d5\u00a5\u00d6\u0080\u00d5\u00ab \u00d4\u00b1\u00d5\u00af\u00d5\u00b8\u00d6\u0082\u00d5\u00b4\u00d5\u00a2\u00c2\u00bb \u00d5\u0080\u00d4\u00bf-\u00d5\u00b6 \u00d5\u00b0\u00d6\u0080\u00d5\u00a1\u00d5\u00be\u00d5\u00ab\u00d6\u0080\u00d5\u00b8\u00d6\u0082\u00d5\u00b4 \u00d5\u00a7 \u00d5\u00af\u00d5\u00a1\u00d5\u00b4\u00d5\u00a1\u00d5\u00be\u00d5\u00b8\u00d6\u0080\u00d5\u00a1\u00d5\u00af\u00d5\u00a1\u00d5\u00b6 \u00d5\u00a1\u00d5\u00b7\u00d5\u00ad\u00d5\u00a1\u00d5\u00bf\u00d5\u00a1\u00d5\u00b6\u00d6\u0084\u00d5\u00b8\u00d5\u00be \u00d5\u00b0\u00d5\u00a5\u00d5\u00bf\u00d5\u00a1\u00d6\u0084\u00d6\u0080\u00d6\u0084\u00d6\u0080\u00d5\u00be\u00d5\u00a1\u00d5\u00ae \u00d5\u00a5\u00d6\u0080\u00d5\u00ab\u00d5\u00bf\u00d5\u00a1\u00d5\u00bd\u00d5\u00a1\u00d6\u0080\u00d5\u00a4\u00d5\u00b6\u00d5\u00a5\u00d6\u0080\u00d5\u00ab\u00d5\u00b6 \u00d5\u00ab\u00d6\u0080 \u00d5\u00a9\u00d5\u00ab\u00d5\u00b4\u00d6\u0089\n\n\u00e2\u009e\u00a1\u00ef\u00b8\u008f\u00d5\u0084\u00d5\u00a5\u00d6\u0080 \u00d5\u00af\u00d5\u00b8\u00d5\u00b2\u00d5\u00b4\u00d5\u00ab\u00d6\u0081 \u00d5\u00a8\u00d5\u00b6\u00d5\u00b1\u00d5\u00a5\u00d5\u00bc\u00d5\u00be\u00d5\u00b8\u00d5\u00b2 \u00d5\u00b0\u00d5\u00b6\u00d5\u00a1\u00d6\u0080\u00d5\u00a1\u00d5\u00be\u00d5\u00b8\u00d6\u0080\u00d5\u00b8\u00d6\u0082\u00d5\u00a9\u00d5\u00b5\u00d5\u00b8\u00d6\u0082\u00d5\u00b6\u00d5\u00b6\u00d5\u00a5\u00d6\u0080.\n1. \u00d5\u0084\u00d5\u00a1\u00d5\u00bd\u00d5\u00b6\u00d5\u00a1\u00d5\u00af\u00d6\u0081\u00d5\u00a5\u00d5\u00ac Erasmus+ \u00d5\u00b4\u00d5\u00ab\u00d5\u00bb\u00d5\u00a1\u00d5\u00a6\u00d5\u00a3\u00d5\u00a1\u00d5\u00b5\u00d5\u00ab\u00d5\u00b6 \u00d6\u0083\u00d5\u00b8\u00d5\u00ad\u00d5\u00a1\u00d5\u00b6\u00d5\u00a1\u00d5\u00af\u00d5\u00b4\u00d5\u00a1\u00d5\u00b6 \u00d5\u00ae\u00d6\u0080\u00d5\u00a1\u00d5\u00a3\u00d6\u0080\u00d5\u00a5\u00d6\u0080\u00d5\u00ab\n2. \u00d4\u00b3\u00d5\u00b8\u00d6\u0080\u00d5\u00ae\u00d5\u00b6\u00d5\u00a1\u00d5\u00af\u00d5\u00a1\u00d5\u00b6\u00d5\u00b8\u00d6\u0082\u00d5\u00b4 \u00d5\u00af\u00d5\u00ab\u00d6\u0080\u00d5\u00a1\u00d5\u00bc\u00d5\u00a5\u00d5\u00ac \u00d5\u00a1\u00d5\u00b6\u00d5\u00a3\u00d5\u00ac\u00d5\u00a5\u00d6\u0080\u00d5\u00a5\u00d5\u00b6\u00d5\u00ab \u00d6\u0087 \u00d5\u00a1\u00d5\u00b5\u00d5\u00ac \u00d6\u0085\u00d5\u00bf\u00d5\u00a1\u00d6\u0080 \u00d5\u00ac\u00d5\u00a5\u00d5\u00a6\u00d5\u00b8\u00d6\u0082\u00d5\u00b6\u00d5\u00a5\u00d6\u0080\u00d5\u00ab \u00d5\u00a3\u00d5\u00ab\u00d5\u00bf\u00d5\u00a5\u00d5\u00ac\u00d5\u00ab\u00d6\u0084\u00d5\u00b6\u00d5\u00a5\u00d6\u0080\u00d5\u00a4\n3. \u00d5\u0081\u00d5\u00a5\u00d5\u00bc\u00d6\u0084 \u00d5\u00a2\u00d5\u00a5\u00d6\u0080\u00d5\u00a5\u00d5\u00ac \u00d5\u00a2\u00d5\u00a1\u00d5\u00a6\u00d5\u00b8\u00d6\u0082\u00d5\u00b4 \u00d5\u00b0\u00d5\u00b4\u00d5\u00bf\u00d5\u00b8\u00d6\u0082\u00d5\u00a9\u00d5\u00b5\u00d5\u00b8\u00d6\u0082\u00d5\u00b6\u00d5\u00b6\u00d5\u00a5\u00d6\u0080 \u00d5\u00b8\u00d6\u0082 \u00d5\u00af\u00d5\u00a1\u00d5\u00ba\u00d5\u00a5\u00d6\u0080\n4. \u00d5\u008d\u00d5\u00bf\u00d5\u00a1\u00d5\u00b6\u00d5\u00a1\u00d5\u00ac \u00d5\u00b0\u00d5\u00a1\u00d5\u00be\u00d5\u00a1\u00d5\u00bd\u00d5\u00bf\u00d5\u00a1\u00d5\u00a3\u00d6\u0080\u00d5\u00a5\u00d6\u0080\n5. \u00d4\u00b3\u00d6\u0080\u00d5\u00a5\u00d5\u00ac \u00d5\u00a4\u00d6\u0080\u00d5\u00a1\u00d5\u00b4\u00d5\u00a1\u00d5\u00b7\u00d5\u00b6\u00d5\u00b8\u00d6\u0080\u00d5\u00b0\u00d5\u00a1\u00d5\u00b5\u00d5\u00ab\u00d5\u00b6 \u00d5\u00ae\u00d6\u0080\u00d5\u00a1\u00d5\u00a3\u00d6\u0080\u00d5\u00a5\u00d6\u0080\n\n\u00e2\u009e\u00a1\u00ef\u00b8\u008f\u00d5\u0080\u00d5\u00ab\u00d5\u00b4\u00d5\u00b6\u00d5\u00a1\u00d5\u00af\u00d5\u00a1\u00d5\u00b6 \u00d5\u00a1\u00d5\u00b7\u00d5\u00ad\u00d5\u00a1\u00d5\u00bf\u00d5\u00a1\u00d5\u00b6\u00d6\u0084\u00d5\u00ab \u00d5\u00a2\u00d5\u00b6\u00d5\u00b8\u00d6\u0082\u00d5\u00a9\u00d5\u00a1\u00d5\u00a3\u00d5\u00ab\u00d6\u0080.\n\u00d4\u00bf\u00d5\u00a1\u00d5\u00ba\u00d5\u00a5\u00d6\u0080 \u00d5\u00b0\u00d5\u00a1\u00d5\u00bd\u00d5\u00bf\u00d5\u00a1\u00d5\u00bf\u00d5\u00a5\u00d5\u00ac \u00d5\u00a1\u00d6\u0080\u00d5\u00bf\u00d5\u00a1\u00d5\u00bd\u00d5\u00a1\u00d5\u00b0\u00d5\u00b4\u00d5\u00a1\u00d5\u00b6\u00d5\u00b5\u00d5\u00a1\u00d5\u00b6 \u00d5\u00a3\u00d5\u00b8\u00d6\u0080\u00d5\u00ae\u00d5\u00a8\u00d5\u00b6\u00d5\u00af\u00d5\u00a5\u00d6\u0080\u00d5\u00b6\u00d5\u00a5\u00d6\u0080\u00d5\u00ab \u00d5\u00b0\u00d5\u00a5\u00d5\u00bf\n\n\u00e2\u009e\u00a1\u00ef\u00b8\u008f\u00d4\u00b9\u00d5\u00ab\u00d5\u00b4\u00d5\u00ab\u00d5\u00b6 \u00d5\u00b4\u00d5\u00ab\u00d5\u00a1\u00d5\u00b6\u00d5\u00a1\u00d5\u00ac\u00d5\u00b8\u00d6\u0082 \u00d5\u00b0\u00d5\u00a1\u00d5\u00b4\u00d5\u00a1\u00d6\u0080 \u00d5\u00a1\u00d5\u00b6\u00d5\u00b0\u00d6\u0080\u00d5\u00a1\u00d5\u00aa\u00d5\u00a5\u00d5\u00b7\u00d5\u00bf \u00d5\u00a7.\n\u00d5\u00a1. \u00d4\u00b1\u00d5\u00b6\u00d5\u00a3\u00d5\u00ac\u00d5\u00a5\u00d6\u0080\u00d5\u00a5\u00d5\u00b6 \u00d5\u00ac\u00d5\u00a5\u00d5\u00a6\u00d5\u00be\u00d5\u00ab \u00d5\u00ab\u00d5\u00b4\u00d5\u00a1\u00d6\u0081\u00d5\u00b8\u00d6\u0082\u00d5\u00a9\u00d5\u00b5\u00d5\u00a1\u00d5\u00b6 \u00d5\u00a1\u00d5\u00bc\u00d5\u00b6\u00d5\u00be\u00d5\u00a1\u00d5\u00a6\u00d5\u00b6 B1 \u00d5\u00b4\u00d5\u00a1\u00d5\u00af\u00d5\u00a1\u00d6\u0080\u00d5\u00a4\u00d5\u00a1\u00d5\u00af\n\u00d5\u00a2. \u00d5\u008e\u00d5\u00a5\u00d6\u0080\u00d5\u00bb\u00d5\u00b6\u00d5\u00a1\u00d5\u00aa\u00d5\u00a1\u00d5\u00b4\u00d5\u00af\u00d5\u00a5\u00d5\u00bf\u00d5\u00b6\u00d5\u00a5\u00d6\u0080\u00d5\u00b8\u00d5\u00be (deadline) \u00d5\u00a1\u00d5\u00b7\u00d5\u00ad\u00d5\u00a1\u00d5\u00bf\u00d5\u00a5\u00d5\u00ac\u00d5\u00b8\u00d6\u0082 \u00d5\u00b0\u00d5\u00b6\u00d5\u00a1\u00d6\u0080\u00d5\u00a1\u00d5\u00be\u00d5\u00b8\u00d6\u0080\u00d5\u00b8\u00d6\u0082\u00d5\u00a9\u00d5\u00b5\u00d5\u00b8\u00d6\u0082\u00d5\u00b6\n\n\u00f0\u009f\u0093\u00a9\u00d4\u00b4\u00d5\u00ab\u00d5\u00b4\u00d5\u00a5\u00d5\u00ac\u00d5\u00b8\u00d6\u0082 \u00d5\u00b0\u00d5\u00a1\u00d5\u00b4\u00d5\u00a1\u00d6\u0080 \u00d5\u00af\u00d5\u00a1\u00d6\u0080\u00d5\u00b8\u00d5\u00b2 \u00d5\u00a5\u00d6\u0084 \u00d5\u00b8\u00d6\u0082\u00d5\u00b2\u00d5\u00a1\u00d6\u0080\u00d5\u00af\u00d5\u00a5\u00d5\u00ac \u00d5\u0081\u00d5\u00a5\u00d6\u0080  \u00d5\u00ab\u00d5\u00b6\u00d6\u0084\u00d5\u00b6\u00d5\u00a1\u00d5\u00af\u00d5\u00a5\u00d5\u00b6\u00d5\u00bd\u00d5\u00a1\u00d5\u00a3\u00d6\u0080\u00d5\u00a1\u00d5\u00af\u00d5\u00a1\u00d5\u00b6\u00d5\u00a8 hr.yoclub@gmail.com \u00d5\u00a7\u00d5\u00ac.\u00d5\u00b0\u00d5\u00a1\u00d5\u00bd\u00d6\u0081\u00d5\u00a5\u00d5\u00ab\u00d5\u00b6` subject \u00d5\u00a2\u00d5\u00a1\u00d5\u00aa\u00d5\u00b6\u00d5\u00b8\u00d6\u0082\u00d5\u00b4 \u00d5\u00b6\u00d5\u00b7\u00d5\u00a5\u00d5\u00ac\u00d5\u00b8\u00d5\u00be External Relations Department \u00d6\u0089)"
              }
            }
          ]
        }
      ],
      "data": [
        {
          "post": "\u00c2\u00ab\u00d4\u00b5\u00d6\u0080\u00d5\u00ab\u00d5\u00bf\u00d5\u00a1\u00d5\u00bd\u00d5\u00a1\u00d6\u0080\u00d5\u00a4\u00d5\u00b6\u00d5\u00a5\u00d6\u0080\u00d5\u00ab \u00d5\u0080\u00d5\u00b6\u00d5\u00a1\u00d6\u0080\u00d5\u00a1\u00d5\u00be\u00d5\u00b8\u00d6\u0080\u00d5\u00b8\u00d6\u0082\u00d5\u00a9\u00d5\u00b5\u00d5\u00b8\u00d6\u0082\u00d5\u00b6\u00d5\u00b6\u00d5\u00a5\u00d6\u0080\u00d5\u00ab \u00d4\u00b1\u00d5\u00af\u00d5\u00b8\u00d6\u0082\u00d5\u00b4\u00d5\u00a2\u00c2\u00bb \u00d5\u0080\u00d4\u00bf-\u00d5\u00b6 \u00d5\u00b0\u00d6\u0080\u00d5\u00a1\u00d5\u00be\u00d5\u00ab\u00d6\u0080\u00d5\u00b8\u00d6\u0082\u00d5\u00b4 \u00d5\u00a7 \u00d5\u00af\u00d5\u00a1\u00d5\u00b4\u00d5\u00a1\u00d5\u00be\u00d5\u00b8\u00d6\u0080\u00d5\u00a1\u00d5\u00af\u00d5\u00a1\u00d5\u00b6 \u00d5\u00a1\u00d5\u00b7\u00d5\u00ad\u00d5\u00a1\u00d5\u00bf\u00d5\u00a1\u00d5\u00b6\u00d6\u0084\u00d5\u00b8\u00d5\u00be \u00d5\u00b0\u00d5\u00a5\u00d5\u00bf\u00d5\u00a1\u00d6\u0084\u00d6\u0080\u00d6\u0084\u00d6\u0080\u00d5\u00be\u00d5\u00a1\u00d5\u00ae \u00d5\u00a5\u00d6\u0080\u00d5\u00ab\u00d5\u00bf\u00d5\u00a1\u00d5\u00bd\u00d5\u00a1\u00d6\u0080\u00d5\u00a4\u00d5\u00b6\u00d5\u00a5\u00d6\u0080\u00d5\u00ab\u00d5\u00b6 \u00d5\u00ab\u00d6\u0080 \u00d5\u00a9\u00d5\u00ab\u00d5\u00b4\u00d6\u0089\n\n\u00e2\u009e\u00a1\u00ef\u00b8\u008f\u00d5\u0084\u00d5\u00a5\u00d6\u0080 \u00d5\u00af\u00d5\u00b8\u00d5\u00b2\u00d5\u00b4\u00d5\u00ab\u00d6\u0081 \u00d5\u00a8\u00d5\u00b6\u00d5\u00b1\u00d5\u00a5\u00d5\u00bc\u00d5\u00be\u00d5\u00b8\u00d5\u00b2 \u00d5\u00b0\u00d5\u00b6\u00d5\u00a1\u00d6\u0080\u00d5\u00a1\u00d5\u00be\u00d5\u00b8\u00d6\u0080\u00d5\u00b8\u00d6\u0082\u00d5\u00a9\u00d5\u00b5\u00d5\u00b8\u00d6\u0082\u00d5\u00b6\u00d5\u00b6\u00d5\u00a5\u00d6\u0080.\n1. \u00d5\u0084\u00d5\u00a1\u00d5\u00bd\u00d5\u00b6\u00d5\u00a1\u00d5\u00af\u00d6\u0081\u00d5\u00a5\u00d5\u00ac Erasmus+ \u00d5\u00b4\u00d5\u00ab\u00d5\u00bb\u00d5\u00a1\u00d5\u00a6\u00d5\u00a3\u00d5\u00a1\u00d5\u00b5\u00d5\u00ab\u00d5\u00b6 \u00d6\u0083\u00d5\u00b8\u00d5\u00ad\u00d5\u00a1\u00d5\u00b6\u00d5\u00a1\u00d5\u00af\u00d5\u00b4\u00d5\u00a1\u00d5\u00b6 \u00d5\u00ae\u00d6\u0080\u00d5\u00a1\u00d5\u00a3\u00d6\u0080\u00d5\u00a5\u00d6\u0080\u00d5\u00ab\n2. \u00d4\u00b3\u00d5\u00b8\u00d6\u0080\u00d5\u00ae\u00d5\u00b6\u00d5\u00a1\u00d5\u00af\u00d5\u00a1\u00d5\u00b6\u00d5\u00b8\u00d6\u0082\u00d5\u00b4 \u00d5\u00af\u00d5\u00ab\u00d6\u0080\u00d5\u00a1\u00d5\u00bc\u00d5\u00a5\u00d5\u00ac \u00d5\u00a1\u00d5\u00b6\u00d5\u00a3\u00d5\u00ac\u00d5\u00a5\u00d6\u0080\u00d5\u00a5\u00d5\u00b6\u00d5\u00ab \u00d6\u0087 \u00d5\u00a1\u00d5\u00b5\u00d5\u00ac \u00d6\u0085\u00d5\u00bf\u00d5\u00a1\u00d6\u0080 \u00d5\u00ac\u00d5\u00a5\u00d5\u00a6\u00d5\u00b8\u00d6\u0082\u00d5\u00b6\u00d5\u00a5\u00d6\u0080\u00d5\u00ab \u00d5\u00a3\u00d5\u00ab\u00d5\u00bf\u00d5\u00a5\u00d5\u00ac\u00d5\u00ab\u00d6\u0084\u00d5\u00b6\u00d5\u00a5\u00d6\u0080\u00d5\u00a4\n3. \u00d5\u0081\u00d5\u00a5\u00d5\u00bc\u00d6\u0084 \u00d5\u00a2\u00d5\u00a5\u00d6\u0080\u00d5\u00a5\u00d5\u00ac \u00d5\u00a2\u00d5\u00a1\u00d5\u00a6\u00d5\u00b8\u00d6\u0082\u00d5\u00b4 \u00d5\u00b0\u00d5\u00b4\u00d5\u00bf\u00d5\u00b8\u00d6\u0082\u00d5\u00a9\u00d5\u00b5\u00d5\u00b8\u00d6\u0082\u00d5\u00b6\u00d5\u00b6\u00d5\u00a5\u00d6\u0080 \u00d5\u00b8\u00d6\u0082 \u00d5\u00af\u00d5\u00a1\u00d5\u00ba\u00d5\u00a5\u00d6\u0080\n4. \u00d5\u008d\u00d5\u00bf\u00d5\u00a1\u00d5\u00b6\u00d5\u00a1\u00d5\u00ac \u00d5\u00b0\u00d5\u00a1\u00d5\u00be\u00d5\u00a1\u00d5\u00bd\u00d5\u00bf\u00d5\u00a1\u00d5\u00a3\u00d6\u0080\u00d5\u00a5\u00d6\u0080\n5. \u00d4\u00b3\u00d6\u0080\u00d5\u00a5\u00d5\u00ac \u00d5\u00a4\u00d6\u0080\u00d5\u00a1\u00d5\u00b4\u00d5\u00a1\u00d5\u00b7\u00d5\u00b6\u00d5\u00b8\u00d6\u0080\u00d5\u00b0\u00d5\u00a1\u00d5\u00b5\u00d5\u00ab\u00d5\u00b6 \u00d5\u00ae\u00d6\u0080\u00d5\u00a1\u00d5\u00a3\u00d6\u0080\u00d5\u00a5\u00d6\u0080\n\n\u00e2\u009e\u00a1\u00ef\u00b8\u008f\u00d5\u0080\u00d5\u00ab\u00d5\u00b4\u00d5\u00b6\u00d5\u00a1\u00d5\u00af\u00d5\u00a1\u00d5\u00b6 \u00d5\u00a1\u00d5\u00b7\u00d5\u00ad\u00d5\u00a1\u00d5\u00bf\u00d5\u00a1\u00d5\u00b6\u00d6\u0084\u00d5\u00ab \u00d5\u00a2\u00d5\u00b6\u00d5\u00b8\u00d6\u0082\u00d5\u00a9\u00d5\u00a1\u00d5\u00a3\u00d5\u00ab\u00d6\u0080.\n\u00d4\u00bf\u00d5\u00a1\u00d5\u00ba\u00d5\u00a5\u00d6\u0080 \u00d5\u00b0\u00d5\u00a1\u00d5\u00bd\u00d5\u00bf\u00d5\u00a1\u00d5\u00bf\u00d5\u00a5\u00d5\u00ac \u00d5\u00a1\u00d6\u0080\u00d5\u00bf\u00d5\u00a1\u00d5\u00bd\u00d5\u00a1\u00d5\u00b0\u00d5\u00b4\u00d5\u00a1\u00d5\u00b6\u00d5\u00b5\u00d5\u00a1\u00d5\u00b6 \u00d5\u00a3\u00d5\u00b8\u00d6\u0080\u00d5\u00ae\u00d5\u00a8\u00d5\u00b6\u00d5\u00af\u00d5\u00a5\u00d6\u0080\u00d5\u00b6\u00d5\u00a5\u00d6\u0080\u00d5\u00ab \u00d5\u00b0\u00d5\u00a5\u00d5\u00bf\n\n\u00e2\u009e\u00a1\u00ef\u00b8\u008f\u00d4\u00b9\u00d5\u00ab\u00d5\u00b4\u00d5\u00ab\u00d5\u00b6 \u00d5\u00b4\u00d5\u00ab\u00d5\u00a1\u00d5\u00b6\u00d5\u00a1\u00d5\u00ac\u00d5\u00b8\u00d6\u0082 \u00d5\u00b0\u00d5\u00a1\u00d5\u00b4\u00d5\u00a1\u00d6\u0080 \u00d5\u00a1\u00d5\u00b6\u00d5\u00b0\u00d6\u0080\u00d5\u00a1\u00d5\u00aa\u00d5\u00a5\u00d5\u00b7\u00d5\u00bf \u00d5\u00a7.\n\u00d5\u00a1. \u00d4\u00b1\u00d5\u00b6\u00d5\u00a3\u00d5\u00ac\u00d5\u00a5\u00d6\u0080\u00d5\u00a5\u00d5\u00b6 \u00d5\u00ac\u00d5\u00a5\u00d5\u00a6\u00d5\u00be\u00d5\u00ab \u00d5\u00ab\u00d5\u00b4\u00d5\u00a1\u00d6\u0081\u00d5\u00b8\u00d6\u0082\u00d5\u00a9\u00d5\u00b5\u00d5\u00a1\u00d5\u00b6 \u00d5\u00a1\u00d5\u00bc\u00d5\u00b6\u00d5\u00be\u00d5\u00a1\u00d5\u00a6\u00d5\u00b6 B1 \u00d5\u00b4\u00d5\u00a1\u00d5\u00af\u00d5\u00a1\u00d6\u0080\u00d5\u00a4\u00d5\u00a1\u00d5\u00af\n\u00d5\u00a2. \u00d5\u008e\u00d5\u00a5\u00d6\u0080\u00d5\u00bb\u00d5\u00b6\u00d5\u00a1\u00d5\u00aa\u00d5\u00a1\u00d5\u00b4\u00d5\u00af\u00d5\u00a5\u00d5\u00bf\u00d5\u00b6\u00d5\u00a5\u00d6\u0080\u00d5\u00b8\u00d5\u00be (deadline) \u00d5\u00a1\u00d5\u00b7\u00d5\u00ad\u00d5\u00a1\u00d5\u00bf\u00d5\u00a5\u00d5\u00ac\u00d5\u00b8\u00d6\u0082 \u00d5\u00b0\u00d5\u00b6\u00d5\u00a1\u00d6\u0080\u00d5\u00a1\u00d5\u00be\u00d5\u00b8\u00d6\u0080\u00d5\u00b8\u00d6\u0082\u00d5\u00a9\u00d5\u00b5\u00d5\u00b8\u00d6\u0082\u00d5\u00b6\n\n\u00f0\u009f\u0093\u00a9\u00d4\u00b4\u00d5\u00ab\u00d5\u00b4\u00d5\u00a5\u00d5\u00ac\u00d5\u00b8\u00d6\u0082 \u00d5\u00b0\u00d5\u00a1\u00d5\u00b4\u00d5\u00a1\u00d6\u0080 \u00d5\u00af\u00d5\u00a1\u00d6\u0080\u00d5\u00b8\u00d5\u00b2 \u00d5\u00a5\u00d6\u0084 \u00d5\u00b8\u00d6\u0082\u00d5\u00b2\u00d5\u00a1\u00d6\u0080\u00d5\u00af\u00d5\u00a5\u00d5\u00ac \u00d5\u0081\u00d5\u00a5\u00d6\u0080  \u00d5\u00ab\u00d5\u00b6\u00d6\u0084\u00d5\u00b6\u00d5\u00a1\u00d5\u00af\u00d5\u00a5\u00d5\u00b6\u00d5\u00bd\u00d5\u00a1\u00d5\u00a3\u00d6\u0080\u00d5\u00a1\u00d5\u00af\u00d5\u00a1\u00d5\u00b6\u00d5\u00a8 hr.yoclub@gmail.com \u00d5\u00a7\u00d5\u00ac.\u00d5\u00b0\u00d5\u00a1\u00d5\u00bd\u00d6\u0081\u00d5\u00a5\u00d5\u00ab\u00d5\u00b6` subject \u00d5\u00a2\u00d5\u00a1\u00d5\u00aa\u00d5\u00b6\u00d5\u00b8\u00d6\u0082\u00d5\u00b4 \u00d5\u00b6\u00d5\u00b7\u00d5\u00a5\u00d5\u00ac\u00d5\u00b8\u00d5\u00be External Relations Department \u00d6\u0089)"
        }
      ],
      "title": "Nane Mambreyan posted in Volunteering opportunities."
    },
    {
      "timestamp": 1619621973,
      "data": [
        {
          "post": "Dear friends, could you tell me what's the matter with Er+ application forms?  There are huge differences betweenn KA 152 (YE) application forms published on the official website of Er+ and the one on webgate. The thing is that we have used the form from the Erasmus+ website when writing the project, and now we confront with the webgate's form, which is somewhat similar to the old YE form."
        }
      ],
      "title": "Nane Mambreyan posted in Erasmus+ KA1 & KA2."
    },
    {
      "timestamp": 1619622361,
      "data": [
        {
          "post": "Dear friends, could you tell me what's the matter with Er+ application forms?  There are huge differences betweenn KA 152 (YE) application forms published on the official website of Er+ and the one on webgate. The thing is that we have used the form from the Erasmus+ website when writing the project, and now we confront with the webgate's form, which is somewhat similar to the old YE form."
        }
      ],
      "title": "Nane Mambreyan posted in Erasmus Plus Projects."
    },
    {
      "timestamp": 1619622753,
      "data": [
        {
          "post": "Dear friends, could you tell me what's the matter with Er+ application forms?  There are huge differences betweenn KA 152 (YE) application forms published on the official website of Er+ and the one on webgate. The thing is that we have used the form from the Erasmus+ website when writing the project, and now we confront with the webgate's form, which is somewhat similar to the old YE form."
        }
      ],
      "title": "Nane Mambreyan posted in Erasmus+."
    },
    {
      "timestamp": 1619809121,
      "attachments": [
        {
          "data": [
            {
              "media": {
                "uri": "your_activity_across_facebook/posts/media/your_posts/179104711_1656386007888729_4959773926990201248_n_1656386004555396.jpg",
                "creation_timestamp": 1619524006,
                "media_metadata": {
                  "photo_metadata": {
                    "exif_data": [
                      {
                        "upload_ip": "37.252.94.55",
                        "taken_timestamp": 1619524009,
                        "orientation": 1
                      }
                    ]
                  }
                },
                "description": "\u00c2\u00ab\u00d4\u00b5\u00d6\u0080\u00d5\u00ab\u00d5\u00bf\u00d5\u00a1\u00d5\u00bd\u00d5\u00a1\u00d6\u0080\u00d5\u00a4\u00d5\u00b6\u00d5\u00a5\u00d6\u0080\u00d5\u00ab \u00d5\u0080\u00d5\u00b6\u00d5\u00a1\u00d6\u0080\u00d5\u00a1\u00d5\u00be\u00d5\u00b8\u00d6\u0080\u00d5\u00b8\u00d6\u0082\u00d5\u00a9\u00d5\u00b5\u00d5\u00b8\u00d6\u0082\u00d5\u00b6\u00d5\u00b6\u00d5\u00a5\u00d6\u0080\u00d5\u00ab \u00d4\u00b1\u00d5\u00af\u00d5\u00b8\u00d6\u0082\u00d5\u00b4\u00d5\u00a2\u00c2\u00bb \u00d5\u0080\u00d4\u00bf-\u00d5\u00b6 \u00d5\u00b0\u00d6\u0080\u00d5\u00a1\u00d5\u00be\u00d5\u00ab\u00d6\u0080\u00d5\u00b8\u00d6\u0082\u00d5\u00b4 \u00d5\u00a7 \u00d5\u00af\u00d5\u00a1\u00d5\u00b4\u00d5\u00a1\u00d5\u00be\u00d5\u00b8\u00d6\u0080\u00d5\u00a1\u00d5\u00af\u00d5\u00a1\u00d5\u00b6 \u00d5\u00a1\u00d5\u00b7\u00d5\u00ad\u00d5\u00a1\u00d5\u00bf\u00d5\u00a1\u00d5\u00b6\u00d6\u0084\u00d5\u00b8\u00d5\u00be \u00d5\u00b0\u00d5\u00a5\u00d5\u00bf\u00d5\u00a1\u00d6\u0084\u00d6\u0080\u00d6\u0084\u00d6\u0080\u00d5\u00be\u00d5\u00a1\u00d5\u00ae \u00d5\u00a5\u00d6\u0080\u00d5\u00ab\u00d5\u00bf\u00d5\u00a1\u00d5\u00bd\u00d5\u00a1\u00d6\u0080\u00d5\u00a4\u00d5\u00b6\u00d5\u00a5\u00d6\u0080\u00d5\u00ab\u00d5\u00b6 \u00d5\u00ab\u00d6\u0080 \u00d5\u00a9\u00d5\u00ab\u00d5\u00b4\u00d6\u0089\n\n\u00e2\u009e\u00a1\u00ef\u00b8\u008f\u00d5\u0084\u00d5\u00a5\u00d6\u0080 \u00d5\u00af\u00d5\u00b8\u00d5\u00b2\u00d5\u00b4\u00d5\u00ab\u00d6\u0081 \u00d5\u00a8\u00d5\u00b6\u00d5\u00b1\u00d5\u00a5\u00d5\u00bc\u00d5\u00be\u00d5\u00b8\u00d5\u00b2 \u00d5\u00b0\u00d5\u00b6\u00d5\u00a1\u00d6\u0080\u00d5\u00a1\u00d5\u00be\u00d5\u00b8\u00d6\u0080\u00d5\u00b8\u00d6\u0082\u00d5\u00a9\u00d5\u00b5\u00d5\u00b8\u00d6\u0082\u00d5\u00b6\u00d5\u00b6\u00d5\u00a5\u00d6\u0080.\n1. \u00d5\u0084\u00d5\u00a1\u00d5\u00bd\u00d5\u00b6\u00d5\u00a1\u00d5\u00af\u00d6\u0081\u00d5\u00a5\u00d5\u00ac Erasmus+ \u00d5\u00b4\u00d5\u00ab\u00d5\u00bb\u00d5\u00a1\u00d5\u00a6\u00d5\u00a3\u00d5\u00a1\u00d5\u00b5\u00d5\u00ab\u00d5\u00b6 \u00d6\u0083\u00d5\u00b8\u00d5\u00ad\u00d5\u00a1\u00d5\u00b6\u00d5\u00a1\u00d5\u00af\u00d5\u00b4\u00d5\u00a1\u00d5\u00b6 \u00d5\u00ae\u00d6\u0080\u00d5\u00a1\u00d5\u00a3\u00d6\u0080\u00d5\u00a5\u00d6\u0080\u00d5\u00ab\n2. \u00d4\u00b3\u00d5\u00b8\u00d6\u0080\u00d5\u00ae\u00d5\u00b6\u00d5\u00a1\u00d5\u00af\u00d5\u00a1\u00d5\u00b6\u00d5\u00b8\u00d6\u0082\u00d5\u00b4 \u00d5\u00af\u00d5\u00ab\u00d6\u0080\u00d5\u00a1\u00d5\u00bc\u00d5\u00a5\u00d5\u00ac \u00d5\u00a1\u00d5\u00b6\u00d5\u00a3\u00d5\u00ac\u00d5\u00a5\u00d6\u0080\u00d5\u00a5\u00d5\u00b6\u00d5\u00ab \u00d6\u0087 \u00d5\u00a1\u00d5\u00b5\u00d5\u00ac \u00d6\u0085\u00d5\u00bf\u00d5\u00a1\u00d6\u0080 \u00d5\u00ac\u00d5\u00a5\u00d5\u00a6\u00d5\u00b8\u00d6\u0082\u00d5\u00b6\u00d5\u00a5\u00d6\u0080\u00d5\u00ab \u00d5\u00a3\u00d5\u00ab\u00d5\u00bf\u00d5\u00a5\u00d5\u00ac\u00d5\u00ab\u00d6\u0084\u00d5\u00b6\u00d5\u00a5\u00d6\u0080\u00d5\u00a4\n3. \u00d5\u0081\u00d5\u00a5\u00d5\u00bc\u00d6\u0084 \u00d5\u00a2\u00d5\u00a5\u00d6\u0080\u00d5\u00a5\u00d5\u00ac \u00d5\u00a2\u00d5\u00a1\u00d5\u00a6\u00d5\u00b8\u00d6\u0082\u00d5\u00b4 \u00d5\u00b0\u00d5\u00b4\u00d5\u00bf\u00d5\u00b8\u00d6\u0082\u00d5\u00a9\u00d5\u00b5\u00d5\u00b8\u00d6\u0082\u00d5\u00b6\u00d5\u00b6\u00d5\u00a5\u00d6\u0080 \u00d5\u00b8\u00d6\u0082 \u00d5\u00af\u00d5\u00a1\u00d5\u00ba\u00d5\u00a5\u00d6\u0080\n4. \u00d5\u008d\u00d5\u00bf\u00d5\u00a1\u00d5\u00b6\u00d5\u00a1\u00d5\u00ac \u00d5\u00b0\u00d5\u00a1\u00d5\u00be\u00d5\u00a1\u00d5\u00bd\u00d5\u00bf\u00d5\u00a1\u00d5\u00a3\u00d6\u0080\u00d5\u00a5\u00d6\u0080\n5. \u00d4\u00b3\u00d6\u0080\u00d5\u00a5\u00d5\u00ac \u00d5\u00a4\u00d6\u0080\u00d5\u00a1\u00d5\u00b4\u00d5\u00a1\u00d5\u00b7\u00d5\u00b6\u00d5\u00b8\u00d6\u0080\u00d5\u00b0\u00d5\u00a1\u00d5\u00b5\u00d5\u00ab\u00d5\u00b6 \u00d5\u00ae\u00d6\u0080\u00d5\u00a1\u00d5\u00a3\u00d6\u0080\u00d5\u00a5\u00d6\u0080\n\n\u00e2\u009e\u00a1\u00ef\u00b8\u008f\u00d5\u0080\u00d5\u00ab\u00d5\u00b4\u00d5\u00b6\u00d5\u00a1\u00d5\u00af\u00d5\u00a1\u00d5\u00b6 \u00d5\u00a1\u00d5\u00b7\u00d5\u00ad\u00d5\u00a1\u00d5\u00bf\u00d5\u00a1\u00d5\u00b6\u00d6\u0084\u00d5\u00ab \u00d5\u00a2\u00d5\u00b6\u00d5\u00b8\u00d6\u0082\u00d5\u00a9\u00d5\u00a1\u00d5\u00a3\u00d5\u00ab\u00d6\u0080.\n\u00d4\u00bf\u00d5\u00a1\u00d5\u00ba\u00d5\u00a5\u00d6\u0080 \u00d5\u00b0\u00d5\u00a1\u00d5\u00bd\u00d5\u00bf\u00d5\u00a1\u00d5\u00bf\u00d5\u00a5\u00d5\u00ac \u00d5\u00a1\u00d6\u0080\u00d5\u00bf\u00d5\u00a1\u00d5\u00bd\u00d5\u00a1\u00d5\u00b0\u00d5\u00b4\u00d5\u00a1\u00d5\u00b6\u00d5\u00b5\u00d5\u00a1\u00d5\u00b6 \u00d5\u00a3\u00d5\u00b8\u00d6\u0080\u00d5\u00ae\u00d5\u00a8\u00d5\u00b6\u00d5\u00af\u00d5\u00a5\u00d6\u0080\u00d5\u00b6\u00d5\u00a5\u00d6\u0080\u00d5\u00ab \u00d5\u00b0\u00d5\u00a5\u00d5\u00bf\n\n\u00e2\u009e\u00a1\u00ef\u00b8\u008f\u00d4\u00b9\u00d5\u00ab\u00d5\u00b4\u00d5\u00ab\u00d5\u00b6 \u00d5\u00b4\u00d5\u00ab\u00d5\u00a1\u00d5\u00b6\u00d5\u00a1\u00d5\u00ac\u00d5\u00b8\u00d6\u0082 \u00d5\u00b0\u00d5\u00a1\u00d5\u00b4\u00d5\u00a1\u00d6\u0080 \u00d5\u00a1\u00d5\u00b6\u00d5\u00b0\u00d6\u0080\u00d5\u00a1\u00d5\u00aa\u00d5\u00a5\u00d5\u00b7\u00d5\u00bf \u00d5\u00a7.\n\u00d5\u00a1. \u00d4\u00b1\u00d5\u00b6\u00d5\u00a3\u00d5\u00ac\u00d5\u00a5\u00d6\u0080\u00d5\u00a5\u00d5\u00b6 \u00d5\u00ac\u00d5\u00a5\u00d5\u00a6\u00d5\u00be\u00d5\u00ab \u00d5\u00ab\u00d5\u00b4\u00d5\u00a1\u00d6\u0081\u00d5\u00b8\u00d6\u0082\u00d5\u00a9\u00d5\u00b5\u00d5\u00a1\u00d5\u00b6 \u00d5\u00a1\u00d5\u00bc\u00d5\u00b6\u00d5\u00be\u00d5\u00a1\u00d5\u00a6\u00d5\u00b6 B1 \u00d5\u00b4\u00d5\u00a1\u00d5\u00af\u00d5\u00a1\u00d6\u0080\u00d5\u00a4\u00d5\u00a1\u00d5\u00af\n\u00d5\u00a2. \u00d5\u008e\u00d5\u00a5\u00d6\u0080\u00d5\u00bb\u00d5\u00b6\u00d5\u00a1\u00d5\u00aa\u00d5\u00a1\u00d5\u00b4\u00d5\u00af\u00d5\u00a5\u00d5\u00bf\u00d5\u00b6\u00d5\u00a5\u00d6\u0080\u00d5\u00b8\u00d5\u00be (deadline) \u00d5\u00a1\u00d5\u00b7\u00d5\u00ad\u00d5\u00a1\u00d5\u00bf\u00d5\u00a5\u00d5\u00ac\u00d5\u00b8\u00d6\u0082 \u00d5\u00b0\u00d5\u00b6\u00d5\u00a1\u00d6\u0080\u00d5\u00a1\u00d5\u00be\u00d5\u00b8\u00d6\u0080\u00d5\u00b8\u00d6\u0082\u00d5\u00a9\u00d5\u00b5\u00d5\u00b8\u00d6\u0082\u00d5\u00b6\n\n\u00f0\u009f\u0093\u00a9\u00d4\u00b4\u00d5\u00ab\u00d5\u00b4\u00d5\u00a5\u00d5\u00ac\u00d5\u00b8\u00d6\u0082 \u00d5\u00b0\u00d5\u00a1\u00d5\u00b4\u00d5\u00a1\u00d6\u0080 \u00d5\u00af\u00d5\u00a1\u00d6\u0080\u00d5\u00b8\u00d5\u00b2 \u00d5\u00a5\u00d6\u0084 \u00d5\u00b8\u00d6\u0082\u00d5\u00b2\u00d5\u00a1\u00d6\u0080\u00d5\u00af\u00d5\u00a5\u00d5\u00ac \u00d5\u0081\u00d5\u00a5\u00d6\u0080  \u00d5\u00ab\u00d5\u00b6\u00d6\u0084\u00d5\u00b6\u00d5\u00a1\u00d5\u00af\u00d5\u00a5\u00d5\u00b6\u00d5\u00bd\u00d5\u00a1\u00d5\u00a3\u00d6\u0080\u00d5\u00a1\u00d5\u00af\u00d5\u00a1\u00d5\u00b6\u00d5\u00a8 hr.yoclub@gmail.com \u00d5\u00a7\u00d5\u00ac.\u00d5\u00b0\u00d5\u00a1\u00d5\u00bd\u00d6\u0081\u00d5\u00a5\u00d5\u00ab\u00d5\u00b6` subject \u00d5\u00a2\u00d5\u00a1\u00d5\u00aa\u00d5\u00b6\u00d5\u00b8\u00d6\u0082\u00d5\u00b4 \u00d5\u00b6\u00d5\u00b7\u00d5\u00a5\u00d5\u00ac\u00d5\u00b8\u00d5\u00be External Relations Department \u00d6\u0089)"
              }
            }
          ]
        }
      ],
      "data": [
        {
          "post": "\u00c2\u00ab\u00d4\u00b5\u00d6\u0080\u00d5\u00ab\u00d5\u00bf\u00d5\u00a1\u00d5\u00bd\u00d5\u00a1\u00d6\u0080\u00d5\u00a4\u00d5\u00b6\u00d5\u00a5\u00d6\u0080\u00d5\u00ab \u00d5\u0080\u00d5\u00b6\u00d5\u00a1\u00d6\u0080\u00d5\u00a1\u00d5\u00be\u00d5\u00b8\u00d6\u0080\u00d5\u00b8\u00d6\u0082\u00d5\u00a9\u00d5\u00b5\u00d5\u00b8\u00d6\u0082\u00d5\u00b6\u00d5\u00b6\u00d5\u00a5\u00d6\u0080\u00d5\u00ab \u00d4\u00b1\u00d5\u00af\u00d5\u00b8\u00d6\u0082\u00d5\u00b4\u00d5\u00a2\u00c2\u00bb \u00d5\u0080\u00d4\u00bf-\u00d5\u00b6 \u00d5\u00b0\u00d6\u0080\u00d5\u00a1\u00d5\u00be\u00d5\u00ab\u00d6\u0080\u00d5\u00b8\u00d6\u0082\u00d5\u00b4 \u00d5\u00a7 \u00d5\u00af\u00d5\u00a1\u00d5\u00b4\u00d5\u00a1\u00d5\u00be\u00d5\u00b8\u00d6\u0080\u00d5\u00a1\u00d5\u00af\u00d5\u00a1\u00d5\u00b6 \u00d5\u00a1\u00d5\u00b7\u00d5\u00ad\u00d5\u00a1\u00d5\u00bf\u00d5\u00a1\u00d5\u00b6\u00d6\u0084\u00d5\u00b8\u00d5\u00be \u00d5\u00b0\u00d5\u00a5\u00d5\u00bf\u00d5\u00a1\u00d6\u0084\u00d6\u0080\u00d6\u0084\u00d6\u0080\u00d5\u00be\u00d5\u00a1\u00d5\u00ae \u00d5\u00a5\u00d6\u0080\u00d5\u00ab\u00d5\u00bf\u00d5\u00a1\u00d5\u00bd\u00d5\u00a1\u00d6\u0080\u00d5\u00a4\u00d5\u00b6\u00d5\u00a5\u00d6\u0080\u00d5\u00ab\u00d5\u00b6 \u00d5\u00ab\u00d6\u0080 \u00d5\u00a9\u00d5\u00ab\u00d5\u00b4\u00d6\u0089\n\n\u00e2\u009e\u00a1\u00ef\u00b8\u008f\u00d5\u0084\u00d5\u00a5\u00d6\u0080 \u00d5\u00af\u00d5\u00b8\u00d5\u00b2\u00d5\u00b4\u00d5\u00ab\u00d6\u0081 \u00d5\u00a8\u00d5\u00b6\u00d5\u00b1\u00d5\u00a5\u00d5\u00bc\u00d5\u00be\u00d5\u00b8\u00d5\u00b2 \u00d5\u00b0\u00d5\u00b6\u00d5\u00a1\u00d6\u0080\u00d5\u00a1\u00d5\u00be\u00d5\u00b8\u00d6\u0080\u00d5\u00b8\u00d6\u0082\u00d5\u00a9\u00d5\u00b5\u00d5\u00b8\u00d6\u0082\u00d5\u00b6\u00d5\u00b6\u00d5\u00a5\u00d6\u0080.\n1. \u00d5\u0084\u00d5\u00a1\u00d5\u00bd\u00d5\u00b6\u00d5\u00a1\u00d5\u00af\u00d6\u0081\u00d5\u00a5\u00d5\u00ac Erasmus+ \u00d5\u00b4\u00d5\u00ab\u00d5\u00bb\u00d5\u00a1\u00d5\u00a6\u00d5\u00a3\u00d5\u00a1\u00d5\u00b5\u00d5\u00ab\u00d5\u00b6 \u00d6\u0083\u00d5\u00b8\u00d5\u00ad\u00d5\u00a1\u00d5\u00b6\u00d5\u00a1\u00d5\u00af\u00d5\u00b4\u00d5\u00a1\u00d5\u00b6 \u00d5\u00ae\u00d6\u0080\u00d5\u00a1\u00d5\u00a3\u00d6\u0080\u00d5\u00a5\u00d6\u0080\u00d5\u00ab\n2. \u00d4\u00b3\u00d5\u00b8\u00d6\u0080\u00d5\u00ae\u00d5\u00b6\u00d5\u00a1\u00d5\u00af\u00d5\u00a1\u00d5\u00b6\u00d5\u00b8\u00d6\u0082\u00d5\u00b4 \u00d5\u00af\u00d5\u00ab\u00d6\u0080\u00d5\u00a1\u00d5\u00bc\u00d5\u00a5\u00d5\u00ac \u00d5\u00a1\u00d5\u00b6\u00d5\u00a3\u00d5\u00ac\u00d5\u00a5\u00d6\u0080\u00d5\u00a5\u00d5\u00b6\u00d5\u00ab \u00d6\u0087 \u00d5\u00a1\u00d5\u00b5\u00d5\u00ac \u00d6\u0085\u00d5\u00bf\u00d5\u00a1\u00d6\u0080 \u00d5\u00ac\u00d5\u00a5\u00d5\u00a6\u00d5\u00b8\u00d6\u0082\u00d5\u00b6\u00d5\u00a5\u00d6\u0080\u00d5\u00ab \u00d5\u00a3\u00d5\u00ab\u00d5\u00bf\u00d5\u00a5\u00d5\u00ac\u00d5\u00ab\u00d6\u0084\u00d5\u00b6\u00d5\u00a5\u00d6\u0080\u00d5\u00a4\n3. \u00d5\u0081\u00d5\u00a5\u00d5\u00bc\u00d6\u0084 \u00d5\u00a2\u00d5\u00a5\u00d6\u0080\u00d5\u00a5\u00d5\u00ac \u00d5\u00a2\u00d5\u00a1\u00d5\u00a6\u00d5\u00b8\u00d6\u0082\u00d5\u00b4 \u00d5\u00b0\u00d5\u00b4\u00d5\u00bf\u00d5\u00b8\u00d6\u0082\u00d5\u00a9\u00d5\u00b5\u00d5\u00b8\u00d6\u0082\u00d5\u00b6\u00d5\u00b6\u00d5\u00a5\u00d6\u0080 \u00d5\u00b8\u00d6\u0082 \u00d5\u00af\u00d5\u00a1\u00d5\u00ba\u00d5\u00a5\u00d6\u0080\n4. \u00d5\u008d\u00d5\u00bf\u00d5\u00a1\u00d5\u00b6\u00d5\u00a1\u00d5\u00ac \u00d5\u00b0\u00d5\u00a1\u00d5\u00be\u00d5\u00a1\u00d5\u00bd\u00d5\u00bf\u00d5\u00a1\u00d5\u00a3\u00d6\u0080\u00d5\u00a5\u00d6\u0080\n5. \u00d4\u00b3\u00d6\u0080\u00d5\u00a5\u00d5\u00ac \u00d5\u00a4\u00d6\u0080\u00d5\u00a1\u00d5\u00b4\u00d5\u00a1\u00d5\u00b7\u00d5\u00b6\u00d5\u00b8\u00d6\u0080\u00d5\u00b0\u00d5\u00a1\u00d5\u00b5\u00d5\u00ab\u00d5\u00b6 \u00d5\u00ae\u00d6\u0080\u00d5\u00a1\u00d5\u00a3\u00d6\u0080\u00d5\u00a5\u00d6\u0080\n\n\u00e2\u009e\u00a1\u00ef\u00b8\u008f\u00d5\u0080\u00d5\u00ab\u00d5\u00b4\u00d5\u00b6\u00d5\u00a1\u00d5\u00af\u00d5\u00a1\u00d5\u00b6 \u00d5\u00a1\u00d5\u00b7\u00d5\u00ad\u00d5\u00a1\u00d5\u00bf\u00d5\u00a1\u00d5\u00b6\u00d6\u0084\u00d5\u00ab \u00d5\u00a2\u00d5\u00b6\u00d5\u00b8\u00d6\u0082\u00d5\u00a9\u00d5\u00a1\u00d5\u00a3\u00d5\u00ab\u00d6\u0080.\n\u00d4\u00bf\u00d5\u00a1\u00d5\u00ba\u00d5\u00a5\u00d6\u0080 \u00d5\u00b0\u00d5\u00a1\u00d5\u00bd\u00d5\u00bf\u00d5\u00a1\u00d5\u00bf\u00d5\u00a5\u00d5\u00ac \u00d5\u00a1\u00d6\u0080\u00d5\u00bf\u00d5\u00a1\u00d5\u00bd\u00d5\u00a1\u00d5\u00b0\u00d5\u00b4\u00d5\u00a1\u00d5\u00b6\u00d5\u00b5\u00d5\u00a1\u00d5\u00b6 \u00d5\u00a3\u00d5\u00b8\u00d6\u0080\u00d5\u00ae\u00d5\u00a8\u00d5\u00b6\u00d5\u00af\u00d5\u00a5\u00d6\u0080\u00d5\u00b6\u00d5\u00a5\u00d6\u0080\u00d5\u00ab \u00d5\u00b0\u00d5\u00a5\u00d5\u00bf\n\n\u00e2\u009e\u00a1\u00ef\u00b8\u008f\u00d4\u00b9\u00d5\u00ab\u00d5\u00b4\u00d5\u00ab\u00d5\u00b6 \u00d5\u00b4\u00d5\u00ab\u00d5\u00a1\u00d5\u00b6\u00d5\u00a1\u00d5\u00ac\u00d5\u00b8\u00d6\u0082 \u00d5\u00b0\u00d5\u00a1\u00d5\u00b4\u00d5\u00a1\u00d6\u0080 \u00d5\u00a1\u00d5\u00b6\u00d5\u00b0\u00d6\u0080\u00d5\u00a1\u00d5\u00aa\u00d5\u00a5\u00d5\u00b7\u00d5\u00bf \u00d5\u00a7.\n\u00d5\u00a1. \u00d4\u00b1\u00d5\u00b6\u00d5\u00a3\u00d5\u00ac\u00d5\u00a5\u00d6\u0080\u00d5\u00a5\u00d5\u00b6 \u00d5\u00ac\u00d5\u00a5\u00d5\u00a6\u00d5\u00be\u00d5\u00ab \u00d5\u00ab\u00d5\u00b4\u00d5\u00a1\u00d6\u0081\u00d5\u00b8\u00d6\u0082\u00d5\u00a9\u00d5\u00b5\u00d5\u00a1\u00d5\u00b6 \u00d5\u00a1\u00d5\u00bc\u00d5\u00b6\u00d5\u00be\u00d5\u00a1\u00d5\u00a6\u00d5\u00b6 B1 \u00d5\u00b4\u00d5\u00a1\u00d5\u00af\u00d5\u00a1\u00d6\u0080\u00d5\u00a4\u00d5\u00a1\u00d5\u00af\n\u00d5\u00a2. \u00d5\u008e\u00d5\u00a5\u00d6\u0080\u00d5\u00bb\u00d5\u00b6\u00d5\u00a1\u00d5\u00aa\u00d5\u00a1\u00d5\u00b4\u00d5\u00af\u00d5\u00a5\u00d5\u00bf\u00d5\u00b6\u00d5\u00a5\u00d6\u0080\u00d5\u00b8\u00d5\u00be (deadline) \u00d5\u00a1\u00d5\u00b7\u00d5\u00ad\u00d5\u00a1\u00d5\u00bf\u00d5\u00a5\u00d5\u00ac\u00d5\u00b8\u00d6\u0082 \u00d5\u00b0\u00d5\u00b6\u00d5\u00a1\u00d6\u0080\u00d5\u00a1\u00d5\u00be\u00d5\u00b8\u00d6\u0080\u00d5\u00b8\u00d6\u0082\u00d5\u00a9\u00d5\u00b5\u00d5\u00b8\u00d6\u0082\u00d5\u00b6\n\n\u00f0\u009f\u0093\u00a9\u00d4\u00b4\u00d5\u00ab\u00d5\u00b4\u00d5\u00a5\u00d5\u00ac\u00d5\u00b8\u00d6\u0082 \u00d5\u00b0\u00d5\u00a1\u00d5\u00b4\u00d5\u00a1\u00d6\u0080 \u00d5\u00af\u00d5\u00a1\u00d6\u0080\u00d5\u00b8\u00d5\u00b2 \u00d5\u00a5\u00d6\u0084 \u00d5\u00b8\u00d6\u0082\u00d5\u00b2\u00d5\u00a1\u00d6\u0080\u00d5\u00af\u00d5\u00a5\u00d5\u00ac \u00d5\u0081\u00d5\u00a5\u00d6\u0080  \u00d5\u00ab\u00d5\u00b6\u00d6\u0084\u00d5\u00b6\u00d5\u00a1\u00d5\u00af\u00d5\u00a5\u00d5\u00b6\u00d5\u00bd\u00d5\u00a1\u00d5\u00a3\u00d6\u0080\u00d5\u00a1\u00d5\u00af\u00d5\u00a1\u00d5\u00b6\u00d5\u00a8 hr.yoclub@gmail.com \u00d5\u00a7\u00d5\u00ac.\u00d5\u00b0\u00d5\u00a1\u00d5\u00bd\u00d6\u0081\u00d5\u00a5\u00d5\u00ab\u00d5\u00b6` subject \u00d5\u00a2\u00d5\u00a1\u00d5\u00aa\u00d5\u00b6\u00d5\u00b8\u00d6\u0082\u00d5\u00b4 \u00d5\u00b6\u00d5\u00b7\u00d5\u00a5\u00d5\u00ac\u00d5\u00b8\u00d5\u00be External Relations Department \u00d6\u0089)"
        }
      ],
      "title": "Nane Mambreyan posted in \u00d5\u0080\u00d5\u00a1\u00d5\u00b5 \u00d5\u00af\u00d5\u00a1\u00d5\u00b4\u00d5\u00a1\u00d5\u00be\u00d5\u00b8\u00d6\u0080\u00d5\u00a1\u00d5\u00af\u00d5\u00a1\u00d5\u00b6 \u00d5\u00a1\u00d5\u00bd\u00d5\u00b8\u00d6\u0081\u00d5\u00ab\u00d5\u00a1\u00d6\u0081\u00d5\u00ab\u00d5\u00a1 - AVA Youth NGO."
    },
    {
      "timestamp": 1620257187,
      "data": [
        {
          "post": "Dear friends,\nYOC NGO is looking for MUTUAL partnership. If you are interested in KA152 project and if you can involve us in your Er+ project for this deadline as well, please email yongo.armenia.partners@gmail.com by indicating \"Mutual Partnership\" in the subject line."
        }
      ],
      "title": "Nane Mambreyan posted in Erasmus+."
    },
    {
      "timestamp": 1620257263,
      "data": [
        {
          "post": "Dear friends,\nYOC NGO is looking for MUTUAL partnership. If you are interested in KA152 project and if you can involve us in your Er+ project for this deadline as well, please email yongo.armenia.partners@gmail.com by indicating \"Mutual Partnership\" in the subject line."
        }
      ],
      "title": "Nane Mambreyan posted in Erasmus+ KA1 & KA2."
    },
    {
      "timestamp": 1620257301,
      "data": [
        {
          "post": "Dear friends,\nYOC NGO is looking for MUTUAL partnership. If you are interested in KA152 project and if you can involve us in your Er+ project for this deadline as well, please email yongo.armenia.partners@gmail.com by indicating \"Mutual Partnership\" in the subject line."
        }
      ],
      "title": "Nane Mambreyan posted in Erasmus+ partner search (the original !)."
    },
    {
      "timestamp": 1620257325,
      "data": [
        {
          "post": "Dear friends,\nYOC NGO is looking for MUTUAL partnership. If you are interested in KA152 project and if you can involve us in your Er+ project for this deadline as well, please email yongo.armenia.partners@gmail.com by indicating \"Mutual Partnership\" in the subject line."
        }
      ],
      "title": "Nane Mambreyan posted in Erasmus+ Projects And Partners Searching."
    },
    {
      "timestamp": 1620282259,
      "data": [
        {
          "post": "Dear friends,\nYOC NGO is looking for MUTUAL partnership. If you are interested in KA152 project and if you can involve us in your Er+ project for this deadline as well, please email yongo.armenia.partners@gmail.com by indicating \"Mutual Partnership\" in the subject line."
        }
      ],
      "title": "Nane Mambreyan posted in Erasmus+ Partnerships Platform."
    },
    {
      "timestamp": 1629471589,
      "data": [
        {
          "post": "Guys, I'm trying to find my classmates, so please, let me know if you have one of the following courses\n\nDiscrete Mathematics -B\nCalculus: Single Variable - C\nUnderstanding the Twentieth Century through Music\nIntroduction to Computer Science - A\nFreshman Seminar 1 - S\nPhysical Education - R"
        }
      ],
      "title": "Nane Mambreyan posted in AUA Undergraduate Students."
    },
    {
      "timestamp": 1637746150,
      "attachments": [
        {
          "data": [
            {
              "media": {
                "uri": "your_activity_across_facebook/posts/media/your_posts/260815529_1807323779461617_3846378559575447699_n_1807323796128282.jpg",
                "creation_timestamp": 1637746147,
                "media_metadata": {
                  "photo_metadata": {
                    "exif_data": [
                      {
                        "iso": 219,
                        "focal_length": "4740/1000",
                        "upload_ip": "5.77.254.89",
                        "taken_timestamp": 1637744649,
                        "modified_timestamp": 1637744649,
                        "camera_make": "Xiaomi",
                        "camera_model": "M2101K7BG",
                        "exposure": "299980/10000000",
                        "f_stop": "1790/1000",
                        "orientation": 1,
                        "original_width": 3472,
                        "original_height": 4624
                      }
                    ]
                  }
                },
                "description": "Simona Mkhitaryan.\nFound in cafeteria, take it from MB security."
              }
            }
          ]
        }
      ],
      "data": [
        {
          "post": "Simona Mkhitaryan.\nFound in cafeteria, take it from MB security."
        }
      ],
      "title": "Nane Mambreyan posted in AUA Undergraduate Students."
    },
    {
      "timestamp": 1644253871,
      "data": [
        {
          "post": "Guys, is there anybody who has saved previous year exam samples of Multi Variable or Calculus 2?"
        }
      ],
      "title": "Nane Mambreyan posted in AUA Undergraduate Students."
    },
    {
      "timestamp": 1647347290,
      "attachments": [
        {
          "data": [
            {
              "media": {
                "uri": "your_activity_across_facebook/posts/media/your_posts/275638548_1883838815143446_2267880908168499584_n_1883838571810137.jpg",
                "creation_timestamp": 1647347288,
                "media_metadata": {
                  "photo_metadata": {
                    "exif_data": [
                      {
                        "iso": 373,
                        "focal_length": "4740/1000",
                        "upload_ip": "37.252.93.247",
                        "taken_timestamp": 1647325617,
                        "modified_timestamp": 1647325617,
                        "camera_make": "Xiaomi",
                        "camera_model": "M2101K7BG",
                        "exposure": "299980/10000000",
                        "f_stop": "1790/1000",
                        "orientation": 1
                      }
                    ]
                  }
                },
                "description": "Found in 208M, take it from MB security"
              }
            }
          ]
        }
      ],
      "data": [
        {
          "post": "Found in 208M, take it from MB security"
        }
      ],
      "title": "Nane Mambreyan posted in AUA Undergraduate Students."
    },
    {
      "timestamp": 1656357886,
      "data": [
        {
          "post": "Hi guys, any feedback on Armenian L&L with Marachlian Harout (mainly, his grading and workload)?"
        }
      ],
      "title": "Nane Mambreyan posted in AUA Undergraduate Students."
    },
    {
      "timestamp": 1659442682,
      "data": [
        {
          "post": "Hi guys, can you send me the syllabus and the slides of Data Structures/Algorithms in DS? \nnane_mambreyan@edu.aua.am\nThanks in advance))\n\nUpdate: only the slides"
        }
      ],
      "title": "Nane Mambreyan posted in AUA Undergraduate Students."
    },
    {
      "timestamp": 1677525015,
      "attachments": [
        {
          "data": [
            {
              "media": {
                "uri": "your_activity_across_facebook/posts/media/your_posts/332910954_437014851936467_2530891368533294516_n_2152751164918875.jpg",
                "creation_timestamp": 1677525013,
                "media_metadata": {
                  "photo_metadata": {
                    "exif_data": [
                      {
                        "upload_ip": "37.252.80.166",
                        "taken_timestamp": 1677525015,
                        "orientation": 1,
                        "original_width": 1011,
                        "original_height": 1330
                      }
                    ]
                  }
                },
                "description": "I lost my necklace on the 4th floor (PAB). Please, let me know if you've found it."
              }
            }
          ]
        }
      ],
      "data": [
        {
          "post": "I lost my necklace on the 4th floor (PAB). Please, let me know if you've found it."
        }
      ],
      "title": "Nane Mambreyan posted in AUA Undergraduate Students."
    },
    {
      "timestamp": 1702292566,
      "attachments": [
        {
          "data": [
            {
              "media": {
                "uri": "your_activity_across_facebook/posts/media/your_posts/409622678_2330612543799402_7530658864513881281_n_2330612477132742.jpg",
                "creation_timestamp": 1702292563,
                "media_metadata": {
                  "photo_metadata": {
                    "exif_data": [
                      {
                        "iso": 660,
                        "focal_length": "4740/1000",
                        "upload_ip": "87.241.150.57",
                        "taken_timestamp": 1702220715,
                        "modified_timestamp": 1702220715,
                        "camera_make": "Xiaomi",
                        "camera_model": "M2101K7BG",
                        "exposure": "500020/10000000",
                        "f_stop": "1790/1000",
                        "orientation": 1,
                        "original_width": 3472,
                        "original_height": 4624
                      }
                    ]
                  }
                },
                "description": "MB security"
              }
            }
          ]
        }
      ],
      "data": [
        {
          "post": "MB security"
        }
      ],
      "title": "Nane Mambreyan posted in AUA Undergraduate Students."
    },
    {
      "timestamp": 1704867171,
      "data": [
        {
          "post": "Hi everyone, any feedback on Special Topics in Social Sciences with Molly Freeman (workload, exams/assignments, grading)?"
        }
      ],
      "title": "Nane Mambreyan posted in AUA Undergraduate Students."
    }
  ]
}