[
  {
    "timestamp": 1637745486,
    "media": [
      
    ],
    "label_values": [
      {
        "label": "Requestor name",
        "value": "Nane Mambreyan"
      },
      {
        "label": "Requestee name",
        "value": "Nane Mambreyan"
      }
    ]
  },
  {
    "timestamp": 1637745486,
    "media": [
      
    ],
    "label_values": [
      {
        "label": "Group name",
        "value": "Aurora Forum Young Experts"
      },
      {
        "label": "Requestor name",
        "value": "Nane Mambreyan"
      },
      {
        "label": "Requestee name",
        "value": "Nane Mambreyan"
      }
    ]
  },
  {
    "timestamp": 1637745486,
    "media": [
      
    ],
    "label_values": [
      {
        "label": "Group name",
        "value": "i Teen/\u00d4\u00b5\u00d5\u00bd \u00d5\u00a4\u00d5\u00a5\u00d5\u00bc\u00d5\u00a1\u00d5\u00b0\u00d5\u00a1\u00d5\u00bd \u00d5\u00a5\u00d5\u00b4"
      },
      {
        "label": "Requestor name",
        "value": "Nane Mambreyan"
      },
      {
        "label": "Requestee name",
        "value": "Nane Mambreyan"
      }
    ]
  },
  {
    "timestamp": 1637745486,
    "media": [
      
    ],
    "label_values": [
      {
        "label": "Group name",
        "value": "Aurora Forum Volunteers"
      },
      {
        "label": "Requestor name",
        "value": "Nane Mambreyan"
      },
      {
        "label": "Requestee name",
        "value": "Nane Mambreyan"
      }
    ]
  }
]