{
  "group_comments_v2": [
    {
      "timestamp": 1480420243,
      "data": [
        {
          "comment": {
            "timestamp": 1480420243,
            "comment": "Ha shat lava",
            "author": "Nane Mambreyan",
            "group": "9\u00d4\u00b1 \u00d5\u00a4\u00d5\u00a1\u00d5\u00bd\u00d5\u00a1\u00d6\u0080\u00d5\u00a1\u00d5\u00b6"
          }
        }
      ],
      "title": "Nane Mambreyan commented on Edgar Mihranyan's post."
    },
    {
      "timestamp": 1483211330,
      "data": [
        {
          "comment": {
            "timestamp": 1483211330,
            "comment": "Shnorhakalutyun @nker Soxomonyan jan ... shnorhavor Dzer Nor Tarin",
            "author": "Nane Mambreyan",
            "group": "9\u00d4\u00b1 \u00d5\u00a4\u00d5\u00a1\u00d5\u00bd\u00d5\u00a1\u00d6\u0080\u00d5\u00a1\u00d5\u00b6"
          }
        }
      ],
      "title": "Nane Mambreyan commented on \u00d4\u00b1\u00d6\u0080\u00d5\u00a1\u00d5\u00b4 \u00d5\u008d\u00d5\u00b8\u00d5\u00b2\u00d5\u00b8\u00d5\u00b4\u00d5\u00b8\u00d5\u00b6\u00d5\u00b5\u00d5\u00a1\u00d5\u00b6's post."
    },
    {
      "timestamp": 1491080330,
      "data": [
        {
          "comment": {
            "timestamp": 1491080330,
            "comment": "\u00f0\u009f\u0098\u0082\u00f0\u009f\u0098\u00b3\u00f0\u009f\u0098\u0083 lav kporcem bolorin asem",
            "author": "Nane Mambreyan",
            "group": "9\u00d4\u00b1 \u00d5\u00a4\u00d5\u00a1\u00d5\u00bd\u00d5\u00a1\u00d6\u0080\u00d5\u00a1\u00d5\u00b6"
          }
        }
      ],
      "title": "Nane Mambreyan commented on \u00d4\u00b1\u00d6\u0080\u00d5\u00a1\u00d5\u00b4 \u00d5\u008d\u00d5\u00b8\u00d5\u00b2\u00d5\u00b8\u00d5\u00b4\u00d5\u00b8\u00d5\u00b6\u00d5\u00b5\u00d5\u00a1\u00d5\u00b6's post."
    },
    {
      "timestamp": 1492276810,
      "data": [
        {
          "comment": {
            "timestamp": 1492276810,
            "comment": "Orhnyal e harutyun@ Qristosi",
            "author": "Nane Mambreyan",
            "group": "9\u00d4\u00b1 \u00d5\u00a4\u00d5\u00a1\u00d5\u00bd\u00d5\u00a1\u00d6\u0080\u00d5\u00a1\u00d5\u00b6"
          }
        }
      ],
      "title": "Nane Mambreyan commented on \u00d4\u00b1\u00d6\u0080\u00d5\u00a1\u00d5\u00b4 \u00d5\u008d\u00d5\u00b8\u00d5\u00b2\u00d5\u00b8\u00d5\u00b4\u00d5\u00b8\u00d5\u00b6\u00d5\u00b5\u00d5\u00a1\u00d5\u00b6's post."
    },
    {
      "timestamp": 1495135119,
      "data": [
        {
          "comment": {
            "timestamp": 1495135119,
            "comment": "Hima 11 ,2:30 te 3\u00f0\u009f\u0098\u00a1 . Erexeq jan verjnakan jam aseq eli",
            "author": "Nane Mambreyan",
            "group": "9\u00d4\u00b1 \u00d5\u00a4\u00d5\u00a1\u00d5\u00bd\u00d5\u00a1\u00d6\u0080\u00d5\u00a1\u00d5\u00b6"
          }
        }
      ],
      "title": "Nane Mambreyan commented on Arpy Simonian's post."
    },
    {
      "timestamp": 1495135258,
      "data": [
        {
          "comment": {
            "timestamp": 1495135258,
            "comment": "Lav 3 in.Apres\u00f0\u009f\u0098\u009a",
            "author": "Nane Mambreyan",
            "group": "9\u00d4\u00b1 \u00d5\u00a4\u00d5\u00a1\u00d5\u00bd\u00d5\u00a1\u00d6\u0080\u00d5\u00a1\u00d5\u00b6"
          }
        }
      ],
      "title": "Nane Mambreyan commented on Arpy Simonian's post."
    },
    {
      "timestamp": 1495218385,
      "data": [
        {
          "comment": {
            "timestamp": 1495218385,
            "comment": "Mi chanaparheq hl@ stexaaa\u00f0\u009f\u0098\u00a2\u00e2\u009d\u00a4\u00e2\u009d\u00a4",
            "author": "Nane Mambreyan",
            "group": "9\u00d4\u00b1 \u00d5\u00a4\u00d5\u00a1\u00d5\u00bd\u00d5\u00a1\u00d6\u0080\u00d5\u00a1\u00d5\u00b6"
          }
        }
      ],
      "title": "Nane Mambreyan commented on Alex Mikaelyan's post."
    },
    {
      "timestamp": 1514827678,
      "data": [
        {
          "comment": {
            "timestamp": 1514827678,
            "comment": "Shaat shnorhakalutyun @nker Soxomonyan\u00e2\u009d\u00a4\u00e2\u009d\u00a4",
            "author": "Nane Mambreyan",
            "group": "9\u00d4\u00b1 \u00d5\u00a4\u00d5\u00a1\u00d5\u00bd\u00d5\u00a1\u00d6\u0080\u00d5\u00a1\u00d5\u00b6"
          }
        }
      ],
      "title": "Nane Mambreyan commented on \u00d4\u00b1\u00d6\u0080\u00d5\u00a1\u00d5\u00b4 \u00d5\u008d\u00d5\u00b8\u00d5\u00b2\u00d5\u00b8\u00d5\u00b4\u00d5\u00b8\u00d5\u00b6\u00d5\u00b5\u00d5\u00a1\u00d5\u00b6's post."
    },
    {
      "timestamp": 1530649210,
      "data": [
        {
          "comment": {
            "timestamp": 1530649210,
            "comment": "Shnorhakal em shat @nker Soghomonyan jan\u00f0\u009f\u0092\u009c\u00e2\u009d\u00a4\u00ef\u00b8\u008f\u00f0\u009f\u0092\u009b\u00f0\u009f\u0092\u009a\u00f0\u009f\u0092\u0099\u00f0\u009f\u0098\u0098",
            "author": "Nane Mambreyan",
            "group": "9\u00d4\u00b1 \u00d5\u00a4\u00d5\u00a1\u00d5\u00bd\u00d5\u00a1\u00d6\u0080\u00d5\u00a1\u00d5\u00b6"
          }
        }
      ],
      "title": "Nane Mambreyan commented on \u00d4\u00b1\u00d6\u0080\u00d5\u00a1\u00d5\u00b4 \u00d5\u008d\u00d5\u00b8\u00d5\u00b2\u00d5\u00b8\u00d5\u00b4\u00d5\u00b8\u00d5\u00b6\u00d5\u00b5\u00d5\u00a1\u00d5\u00b6's post."
    },
    {
      "timestamp": 1535919248,
      "data": [
        {
          "comment": {
            "timestamp": 1535919248,
            "comment": "Shat shnorhakal em mer @nker Soghomonyan \u00f0\u009f\u0092\u009c\u00f0\u009f\u0092\u009a\u00e2\u009d\u00a4\u00ef\u00b8\u008f\u00f0\u009f\u0092\u0099",
            "author": "Nane Mambreyan",
            "group": "9\u00d4\u00b1 \u00d5\u00a4\u00d5\u00a1\u00d5\u00bd\u00d5\u00a1\u00d6\u0080\u00d5\u00a1\u00d5\u00b6"
          }
        }
      ],
      "title": "Nane Mambreyan commented on \u00d4\u00b1\u00d6\u0080\u00d5\u00a1\u00d5\u00b4 \u00d5\u008d\u00d5\u00b8\u00d5\u00b2\u00d5\u00b8\u00d5\u00b4\u00d5\u00b8\u00d5\u00b6\u00d5\u00b5\u00d5\u00a1\u00d5\u00b6's post."
    },
    {
      "timestamp": 1592395608,
      "data": [
        {
          "comment": {
            "timestamp": 1592395608,
            "comment": "\u00e2\u009c\u0094\u00ef\u00b8\u008f",
            "author": "Nane Mambreyan",
            "group": "\u00d5\u008d\u00d5\u00b8\u00d6\u0081\u00d5\u00ab\u00d5\u00a1\u00d5\u00ac\u00d5\u00a1\u00d5\u00af\u00d5\u00a1\u00d5\u00b6 \u00d6\u0081\u00d5\u00a1\u00d5\u00b6\u00d6\u0081\u00d5\u00a5\u00d6\u0080\u00d5\u00b8\u00d6\u0082\u00d5\u00b4 \u00d5\u00bc\u00d5\u00a1\u00d5\u00a6\u00d5\u00b4\u00d5\u00a1\u00d5\u00be\u00d5\u00a1\u00d6\u0080\u00d5\u00a1\u00d5\u00af\u00d5\u00a1\u00d5\u00b6 \u00d5\u00a1\u00d5\u00bc\u00d5\u00a1\u00d5\u00bb\u00d5\u00a1\u00d5\u00a4\u00d6\u0080\u00d5\u00a1\u00d5\u00b6\u00d6\u0084\u00d5\u00b6\u00d5\u00a5\u00d6\u0080"
          }
        }
      ],
      "title": "Nane Mambreyan commented on Lilit Guroghlyan's post."
    },
    {
      "timestamp": 1592746401,
      "data": [
        {
          "comment": {
            "timestamp": 1592746401,
            "comment": "\u00d4\u00bf\u00d5\u00bf\u00d6\u0080\u00d5\u00a1\u00d5\u00b4\u00d5\u00a1\u00d5\u00a4\u00d6\u0080\u00d5\u00a5\u00d6\u0084 \u00d6\u0086\u00d5\u00a2. \u00d5\u00ba\u00d6\u0080\u00d5\u00b8\u00d6\u0086\u00d5\u00ab\u00d5\u00ac\u00d5\u00b6\u00d5\u00a5\u00d6\u0080?",
            "author": "Nane Mambreyan",
            "group": "\u00d5\u008d\u00d5\u00b8\u00d6\u0081\u00d5\u00ab\u00d5\u00a1\u00d5\u00ac\u00d5\u00a1\u00d5\u00af\u00d5\u00a1\u00d5\u00b6 \u00d6\u0081\u00d5\u00a1\u00d5\u00b6\u00d6\u0081\u00d5\u00a5\u00d6\u0080\u00d5\u00b8\u00d6\u0082\u00d5\u00b4 \u00d5\u00bc\u00d5\u00a1\u00d5\u00a6\u00d5\u00b4\u00d5\u00a1\u00d5\u00be\u00d5\u00a1\u00d6\u0080\u00d5\u00a1\u00d5\u00af\u00d5\u00a1\u00d5\u00b6 \u00d5\u00a1\u00d5\u00bc\u00d5\u00a1\u00d5\u00bb\u00d5\u00a1\u00d5\u00a4\u00d6\u0080\u00d5\u00a1\u00d5\u00b6\u00d6\u0084\u00d5\u00b6\u00d5\u00a5\u00d6\u0080"
          }
        }
      ],
      "title": "Nane Mambreyan commented on Lilit Guroghlyan's post."
    },
    {
      "timestamp": 1595248060,
      "data": [
        {
          "comment": {
            "timestamp": 1595248060,
            "comment": "+",
            "author": "Nane Mambreyan",
            "group": "APY Volunteers"
          }
        }
      ],
      "title": "Nane Mambreyan commented on Diana Babakhanyan's post."
    },
    {
      "timestamp": 1595782614,
      "data": [
        {
          "comment": {
            "timestamp": 1595782614,
            "comment": "Areg Amirjanyan",
            "author": "Nane Mambreyan",
            "group": "Volunteering opportunities"
          }
        }
      ],
      "title": "Nane Mambreyan commented on Sargis Khachatrian's post."
    },
    {
      "timestamp": 1596224792,
      "data": [
        {
          "comment": {
            "timestamp": 1596224792,
            "comment": "\u00d5\u0084\u00d5\u00a1\u00d6\u0080 \u00d4\u00bf\u00d5\u00b5\u00d5\u00b8\u00d6\u0082\u00d5\u00ba\u00d5\u00a5\u00d5\u00ac\u00d5\u00b5\u00d5\u00a1\u00d5\u00b6 \u00d5\u00a1\u00d5\u00b7\u00d5\u00ad\u00d5\u00a1\u00d5\u00bf\u00d5\u00a5\u00d5\u00ac\u00d5\u00b8\u00d6\u0082 \u00d5\u00a5\u00d5\u00b6\u00d6\u0084 \u00d5\u00a1\u00d5\u00bc\u00d6\u0081\u00d5\u00a1\u00d5\u00b6\u00d6\u0081 \u00d5\u00b0\u00d5\u00a1\u00d6\u0080\u00d5\u00a9\u00d5\u00a1\u00d5\u00af\u00d5\u00b8\u00d6\u0082\u00d5\u00b4\u00d6\u0089 \u00d4\u00b5\u00d5\u00a9\u00d5\u00a5 \u00d5\u00b0\u00d5\u00a5\u00d5\u00bf\u00d5\u00a1\u00d6\u0084\u00d6\u0080\u00d6\u0084\u00d6\u0080\u00d5\u00be\u00d5\u00a1\u00d5\u00ae \u00d5\u00a5\u00d6\u0084, \u00d5\u00a3\u00d6\u0080\u00d5\u00a5\u00d6\u0084 \u00d5\u00a1\u00d5\u00b6\u00d5\u00b1\u00d5\u00b6\u00d5\u00a1\u00d5\u00af\u00d5\u00a1\u00d5\u00b6 \u00d5\u00b6\u00d5\u00a1\u00d5\u00b4\u00d5\u00a1\u00d5\u00af\u00d5\u00b8\u00d5\u00be, \u00d5\u00bd\u00d5\u00ab\u00d6\u0080\u00d5\u00b8\u00d5\u00be \u00d5\u00af\u00d5\u00b4\u00d5\u00a1\u00d5\u00b6\u00d6\u0080\u00d5\u00a1\u00d5\u00b4\u00d5\u00a1\u00d5\u00bd\u00d5\u00b6\u00d5\u00a5\u00d5\u00b4\u00d6\u0089",
            "author": "Nane Mambreyan",
            "group": "Volunteering opportunities"
          }
        }
      ],
      "title": "Nane Mambreyan replied to \u00d5\u0084\u00d5\u00a1\u00d6\u0080 \u00d4\u00bf\u00d5\u00b5\u00d5\u00b8\u00d6\u0082\u00d5\u00ba\u00d5\u00a5\u00d5\u00ac\u00d5\u00b5\u00d5\u00a1\u00d5\u00b6's comment."
    },
    {
      "timestamp": 1596272640,
      "data": [
        {
          "comment": {
            "timestamp": 1596272640,
            "comment": "\u00d5\u0084\u00d5\u00a5\u00d6\u0080\u00d5\u00ab \u00d5\u0081\u00d5\u00a5\u00d5\u00a6 \u00d5\u00a1\u00d5\u00b6\u00d5\u00b1\u00d5\u00b6\u00d5\u00a1\u00d5\u00af\u00d5\u00a1\u00d5\u00b6 \u00d5\u00b6\u00d5\u00a1\u00d5\u00b4\u00d5\u00a1\u00d5\u00af\u00d5\u00b8\u00d5\u00be \u00d5\u00ba\u00d5\u00a1\u00d5\u00bf\u00d5\u00a1\u00d5\u00bd\u00d5\u00ad\u00d5\u00a1\u00d5\u00b6\u00d5\u00a5\u00d5\u00ac \u00d5\u00a5\u00d5\u00b4\u00d6\u0089",
            "author": "Nane Mambreyan",
            "group": "Volunteering opportunities"
          }
        }
      ],
      "title": "Nane Mambreyan replied to \u00d5\u0084\u00d5\u00a1\u00d6\u0080 \u00d4\u00bf\u00d5\u00b5\u00d5\u00b8\u00d6\u0082\u00d5\u00ba\u00d5\u00a5\u00d5\u00ac\u00d5\u00b5\u00d5\u00a1\u00d5\u00b6's comment."
    },
    {
      "timestamp": 1596278549,
      "data": [
        {
          "comment": {
            "timestamp": 1596278549,
            "comment": "Nare Stepanyan \u00d5\u00bb\u00d5\u00a1\u00d5\u00b6\n\u00d5\u008e\u00d5\u00a1\u00d5\u00b0\u00d5\u00a5 \u00d5\u0084\u00d5\u00a1\u00d6\u0080\u00d5\u00a4\u00d5\u00b8\u00d5\u00b5\u00d5\u00a1\u00d5\u00b6 \u00d6\u0087\n\u00d4\u00b3\u00d5\u00b8\u00d5\u00bc \u00d4\u00b5\u00d5\u00b2\u00d5\u00ab\u00d5\u00a1\u00d5\u00a6\u00d5\u00a1\u00d6\u0080\u00d5\u00b5\u00d5\u00a1\u00d5\u00b6 -\u00d5\u00b6 \u00d5\u00a5\u00d5\u00b6  \u00d5\u00af\u00d5\u00a1\u00d5\u00a6\u00d5\u00b4\u00d5\u00a1\u00d5\u00af\u00d5\u00a5\u00d6\u0080\u00d5\u00ba\u00d5\u00ab\u00d5\u00b9\u00d5\u00b6\u00d5\u00a5\u00d6\u0080\u00d5\u00a8\u00d6\u0089",
            "author": "Nane Mambreyan",
            "group": "Volunteering opportunities"
          }
        }
      ],
      "title": "Nane Mambreyan replied to Nare Stepanyan's comment."
    },
    {
      "timestamp": 1596398359,
      "data": [
        {
          "comment": {
            "timestamp": 1596398359,
            "comment": "Areg Amirjanyan \u00d4\u00b3\u00d5\u00b8\u00d5\u00bc \u00d4\u00b5\u00d5\u00b2\u00d5\u00ab\u00d5\u00a1\u00d5\u00a6\u00d5\u00a1\u00d6\u0080\u00d5\u00b5\u00d5\u00a1\u00d5\u00b6 \u00d5\u008e\u00d5\u00a1\u00d5\u00b0\u00d5\u00a5 \u00d5\u0084\u00d5\u00a1\u00d6\u0080\u00d5\u00a4\u00d5\u00b8\u00d5\u00b5\u00d5\u00a1\u00d5\u00b6 Salbina Sahakyan",
            "author": "Nane Mambreyan",
            "group": "Volunteam"
          }
        }
      ],
      "title": "Nane Mambreyan commented on Armen Mrt Tsaturyan's post."
    },
    {
      "timestamp": 1596628159,
      "data": [
        {
          "comment": {
            "timestamp": 1596628159,
            "comment": "Areg Amirjanyan",
            "author": "Nane Mambreyan",
            "group": "Volunteam"
          }
        }
      ],
      "title": "Nane Mambreyan commented on Nancy Mkrtchyan's post."
    },
    {
      "timestamp": 1597142036,
      "data": [
        {
          "comment": {
            "timestamp": 1597142036,
            "comment": "Areg Amirjanyan Salbina Sahakyan Mariam Hakobyan ",
            "author": "Nane Mambreyan",
            "group": "Volunteering opportunities"
          }
        }
      ],
      "title": "Nane Mambreyan commented on Mariam Gyurjyan's post."
    },
    {
      "timestamp": 1597692086,
      "data": [
        {
          "comment": {
            "timestamp": 1597692086,
            "comment": "\u00d4\u00bf\u00d5\u00a1\u00d5\u00bd\u00d5\u00a5\u00d5\u009e\u00d6\u0084 \u00d5\u00b8\u00d6\u0080\u00d6\u0084\u00d5\u00a1\u00d5\u00b6 \u00d5\u00a7 \u00d5\u00bf\u00d6\u0087\u00d5\u00a5\u00d5\u00ac\u00d5\u00b8\u00d6\u0082 \u00d5\u00af\u00d5\u00a1\u00d5\u00b4\u00d5\u00a1\u00d5\u00be\u00d5\u00b8\u00d6\u0080\u00d5\u00a1\u00d5\u00af\u00d5\u00a1\u00d5\u00b6 \u00d5\u00a1\u00d5\u00b7\u00d5\u00ad\u00d5\u00a1\u00d5\u00bf\u00d5\u00a1\u00d5\u00b6\u00d6\u0084\u00d5\u00a8 \u00d6\u0087 \u00d5\u00a1\u00d6\u0080\u00d5\u00a4\u00d5\u00b5\u00d5\u00b8\u00d6\u0084 \u00d5\u00bf\u00d6\u0080\u00d5\u00be\u00d5\u00a5\u00d5\u00ac\u00d5\u00b8\u00d6\u0082 \u00d5\u00a7 \u00d5\u00b0\u00d5\u00a1\u00d5\u00be\u00d5\u00a1\u00d5\u00bd\u00d5\u00bf\u00d5\u00a1\u00d5\u00a3\u00d5\u00ab\u00d6\u0080",
            "author": "Nane Mambreyan",
            "group": "FYCA VOLUNTEERS"
          }
        }
      ],
      "title": "Nane Mambreyan commented on Anna Jotyan's post."
    },
    {
      "timestamp": 1607441434,
      "data": [
        {
          "comment": {
            "timestamp": 1607441434,
            "comment": "\u00d0\u009a\u00d0\u00bd\u00d0\u00b0\u00d1\u0080\u00d0\u00b8\u00d0\u00ba \u00d0\u0090\u00d1\u0080\u00d1\u0083\u00d1\u0082\u00d1\u008e\u00d0\u00bd\u00d1\u008f\u00d0\u00bd",
            "author": "Nane Mambreyan",
            "group": "Erasmus+"
          }
        }
      ],
      "title": "Nane Mambreyan commented on Ragnar Lachance's post."
    },
    {
      "timestamp": 1607528169,
      "data": [
        {
          "comment": {
            "timestamp": 1607528169,
            "comment": "Qnarik Harutyunyan",
            "author": "Nane Mambreyan",
            "group": "Erasmus + Projectss"
          }
        }
      ],
      "title": "Nane Mambreyan commented on Aivars Bachkurs's post."
    },
    {
      "timestamp": 1609610122,
      "data": [
        {
          "comment": {
            "timestamp": 1609610122,
            "comment": "Kais Soui please check the contact email. I have sent you our PIF.",
            "author": "Nane Mambreyan",
            "group": "Erasmus Plus Projects"
          }
        }
      ],
      "title": "Nane Mambreyan commented on Kais Soui's post."
    },
    {
      "timestamp": 1612270781,
      "data": [
        {
          "comment": {
            "timestamp": 1612270781,
            "comment": "Anna Yesayan ",
            "author": "Nane Mambreyan",
            "group": "Erasmus+"
          }
        }
      ],
      "title": "Nane Mambreyan commented on Anna S\u00c3\u00b3jka's post."
    },
    {
      "timestamp": 1612450166,
      "data": [
        {
          "comment": {
            "timestamp": 1612450166,
            "comment": "Tigran Avagyan ",
            "author": "Nane Mambreyan",
            "group": "Youth Opportunities Club"
          }
        }
      ],
      "title": "Nane Mambreyan commented on Vard Mkrtchian's post."
    },
    {
      "timestamp": 1612970489,
      "data": [
        {
          "comment": {
            "timestamp": 1612970489,
            "comment": "Anna Yesayan ",
            "author": "Nane Mambreyan",
            "group": "Erasmus+ KA1 & KA2"
          }
        }
      ],
      "title": "Nane Mambreyan commented on Nan Ka's post."
    },
    {
      "timestamp": 1613667963,
      "data": [
        {
          "comment": {
            "timestamp": 1613667963,
            "comment": "+",
            "author": "Nane Mambreyan",
            "group": "Volunteam"
          }
        }
      ],
      "title": "Nane Mambreyan commented on Nancy Mkrtchyan's post."
    },
    {
      "timestamp": 1614254674,
      "data": [
        {
          "comment": {
            "timestamp": 1614254674,
            "comment": "Toma  Grigoryan ",
            "author": "Nane Mambreyan",
            "group": "Erasmus+ Partnerships Platform"
          }
        }
      ],
      "title": "Nane Mambreyan commented on Agnieszka Klajbor's post."
    },
    {
      "timestamp": 1614342295,
      "data": [
        {
          "comment": {
            "timestamp": 1614342295,
            "comment": "Toma  Grigoryan just fill in the form",
            "author": "Nane Mambreyan",
            "group": "Erasmus+ Partnerships Platform"
          }
        }
      ],
      "title": "Nane Mambreyan replied to Toma  Grigoryan's comment."
    },
    {
      "timestamp": 1614450545,
      "data": [
        {
          "comment": {
            "timestamp": 1614450545,
            "comment": "Toma  Grigoryan ",
            "author": "Nane Mambreyan",
            "group": "Erasmus+"
          }
        }
      ],
      "title": "Nane Mambreyan commented on Megan McFarlane's post."
    },
    {
      "timestamp": 1614628224,
      "data": [
        {
          "comment": {
            "timestamp": 1614628224,
            "comment": " Toma  Grigoryan ",
            "author": "Nane Mambreyan",
            "group": "Erasmus+ Partnerships Platform"
          }
        }
      ],
      "title": "Nane Mambreyan commented on Jihen Trabelsi Kraiem's post."
    },
    {
      "timestamp": 1614669424,
      "data": [
        {
          "comment": {
            "timestamp": 1614669424,
            "comment": "Toma  Grigoryan ",
            "author": "Nane Mambreyan",
            "group": "Erasmus Plus Projects"
          }
        }
      ],
      "title": "Nane Mambreyan commented on Gianfranco Pistone's post."
    },
    {
      "timestamp": 1614693006,
      "title": "Nane Mambreyan commented on a post."
    },
    {
      "timestamp": 1614794948,
      "title": "Nane Mambreyan commented on a post."
    },
    {
      "timestamp": 1615868360,
      "data": [
        {
          "comment": {
            "timestamp": 1615868360,
            "comment": " Toma  Grigoryan Qnarik Harutyunyan ",
            "author": "Nane Mambreyan",
            "group": "Erasmus+ Partnerships Platform"
          }
        }
      ],
      "title": "Nane Mambreyan commented on Murat Aydo\u00c4\u009fmu\u00c5\u009f's post."
    },
    {
      "timestamp": 1616387232,
      "data": [
        {
          "comment": {
            "timestamp": 1616387232,
            "comment": "Can you please mention the source of your information?",
            "author": "Nane Mambreyan",
            "group": "Erasmus+"
          }
        }
      ],
      "title": "Nane Mambreyan commented on Erhan G\u00c3\u00bcng\u00c3\u00b6r's post."
    },
    {
      "timestamp": 1616424444,
      "data": [
        {
          "comment": {
            "timestamp": 1616424444,
            "comment": "+",
            "author": "Nane Mambreyan",
            "group": "Erasmus+"
          }
        }
      ],
      "title": "Nane Mambreyan commented on \u00ce\u0096\u00cf\u0089\u00ce\u00b7 \u00ce\u00a7\u00ce\u00b1\u00cf\u0081\u00ce\u00b9 \u00ce\u00a3\u00ce\u00b1\u00ce\u00bc\u00ce\u00b5\u00ce\u00bd\u00ce\u00b7's post."
    },
    {
      "timestamp": 1616514995,
      "data": [
        {
          "comment": {
            "timestamp": 1616514995,
            "comment": "Toma  Grigoryan ",
            "author": "Nane Mambreyan",
            "group": "Erasmus+"
          }
        }
      ],
      "title": "Nane Mambreyan commented on Europe Connexion's post."
    },
    {
      "timestamp": 1616764452,
      "data": [
        {
          "comment": {
            "timestamp": 1616764452,
            "comment": "Toma  Grigoryan",
            "author": "Nane Mambreyan",
            "group": "Erasmus+"
          }
        }
      ],
      "title": "Nane Mambreyan commented on Erhan G\u00c3\u00bcng\u00c3\u00b6r's post."
    },
    {
      "timestamp": 1616833035,
      "data": [
        {
          "comment": {
            "timestamp": 1616833035,
            "comment": "Hasan Baba  Which one is for the Youth Exchange? The numeric code (KA 105) has been changed, I guess.",
            "author": "Nane Mambreyan",
            "group": "Erasmus+ Partnerships Platform"
          }
        }
      ],
      "title": "Nane Mambreyan commented on Hasan Baba's post."
    },
    {
      "timestamp": 1616833309,
      "data": [
        {
          "comment": {
            "timestamp": 1616833309,
            "comment": "Which form is for the Youth Exchange? The numeric code (KA 105) has been changed, I guess.",
            "author": "Nane Mambreyan",
            "group": "Erasmus+ KA1 & KA2"
          }
        }
      ],
      "title": "Nane Mambreyan commented on Veli Elyak's post."
    },
    {
      "timestamp": 1616834849,
      "data": [
        {
          "comment": {
            "timestamp": 1616834849,
            "comment": "Veli Elyak okay, many thanks",
            "author": "Nane Mambreyan",
            "group": "Erasmus+ KA1 & KA2"
          }
        }
      ],
      "title": "Nane Mambreyan replied to her own comment."
    },
    {
      "timestamp": 1616876313,
      "data": [
        {
          "comment": {
            "timestamp": 1616876313,
            "comment": "Toma  Grigoryan ",
            "author": "Nane Mambreyan",
            "group": "Erasmus+"
          }
        }
      ],
      "title": "Nane Mambreyan commented on Emre Deveci's post."
    },
    {
      "timestamp": 1617295289,
      "data": [
        {
          "comment": {
            "timestamp": 1617295289,
            "comment": "Toma Grigoryan ",
            "author": "Nane Mambreyan",
            "group": "Erasmus+"
          }
        }
      ],
      "title": "Nane Mambreyan commented on Ida Serena Fragale's post."
    },
    {
      "timestamp": 1617356070,
      "data": [
        {
          "comment": {
            "timestamp": 1617356070,
            "comment": "Toma  Grigoryan ",
            "author": "Nane Mambreyan",
            "group": "Erasmus+ Partnerships Platform"
          }
        }
      ],
      "title": "Nane Mambreyan commented on Phil Milazzo's post."
    },
    {
      "timestamp": 1617641202,
      "data": [
        {
          "comment": {
            "timestamp": 1617641202,
            "comment": "Toma Grigoryan ",
            "author": "Nane Mambreyan",
            "group": "Erasmus+ Projects"
          }
        }
      ],
      "title": "Nane Mambreyan commented on Mustafa Ayd\u00c4\u00b1n's post."
    },
    {
      "timestamp": 1618051257,
      "data": [
        {
          "comment": {
            "timestamp": 1618051257,
            "comment": "Toma  Grigoryan ",
            "author": "Nane Mambreyan",
            "group": "Erasmus Ka2 partnerships"
          }
        }
      ],
      "title": "Nane Mambreyan commented on Claudia Lanteri's post."
    },
    {
      "timestamp": 1618062883,
      "data": [
        {
          "comment": {
            "timestamp": 1618062883,
            "comment": "Toma  Grigoryan ",
            "author": "Nane Mambreyan",
            "group": "Erasmus+ partner search (the original !)"
          }
        }
      ],
      "title": "Nane Mambreyan commented on George K Georgiou's post."
    },
    {
      "timestamp": 1618304948,
      "data": [
        {
          "comment": {
            "timestamp": 1618304948,
            "comment": "Toma  Grigoryan ",
            "author": "Nane Mambreyan",
            "group": "Erasmus+ Partner Search"
          }
        }
      ],
      "title": "Nane Mambreyan commented on Ambra Di Pietro's post."
    },
    {
      "timestamp": 1618312527,
      "data": [
        {
          "comment": {
            "timestamp": 1618312527,
            "comment": "Toma  Grigoryan ",
            "author": "Nane Mambreyan",
            "group": "Erasmus+ partner search (the original !)"
          }
        }
      ],
      "title": "Nane Mambreyan commented on In\u00c3\u00aas GC's post."
    },
    {
      "timestamp": 1619546682,
      "data": [
        {
          "comment": {
            "timestamp": 1619546682,
            "comment": "yongo.armenia.partners@gmail.com, working on a mutual basis",
            "author": "Nane Mambreyan",
            "group": "Erasmus+ Partnerships Platform"
          }
        }
      ],
      "title": "Nane Mambreyan commented on Gizem G\u00c3\u00bclmez's post."
    },
    {
      "timestamp": 1619623041,
      "data": [
        {
          "comment": {
            "timestamp": 1619623041,
            "comment": "Valentina Gambiro\u00c5\u00bea Stakovi\u00c4\u0087 Sure, many thanks",
            "author": "Nane Mambreyan",
            "group": "Erasmus+ KA1 & KA2"
          }
        }
      ],
      "title": "Nane Mambreyan replied to Valentina Gambiro\u00c5\u00bea Stakovi\u00c4\u0087's comment."
    },
    {
      "timestamp": 1620132007,
      "data": [
        {
          "comment": {
            "timestamp": 1620132007,
            "comment": "Toma  Grigoryan ",
            "author": "Nane Mambreyan",
            "group": "Erasmus+ Partnerships Platform"
          }
        }
      ],
      "title": "Nane Mambreyan commented on Cristiano Buonocore's post."
    },
    {
      "timestamp": 1620198182,
      "title": "Nane Mambreyan commented on a post."
    },
    {
      "timestamp": 1624299075,
      "data": [
        {
          "comment": {
            "timestamp": 1624299075,
            "comment": "++++++",
            "author": "Nane Mambreyan",
            "group": "AUA Undergraduate Class of 2025"
          }
        }
      ],
      "title": "Nane Mambreyan commented on Arina Zohrabian's post."
    },
    {
      "timestamp": 1624452544,
      "data": [
        {
          "comment": {
            "timestamp": 1624452544,
            "comment": "\u00d4\u00bb\u00d5\u00b6\u00d5\u00a5\u00d5\u00bd\u00d5\u00a1 \u00d4\u00b1\u00d5\u00be\u00d5\u00a1\u00d5\u00a3\u00d5\u00b5\u00d5\u00a1\u00d5\u00b6 ",
            "author": "Nane Mambreyan",
            "group": "Erasmus+ projects"
          }
        }
      ],
      "title": "Nane Mambreyan commented on Veronica Spada's post."
    },
    {
      "timestamp": 1624695163,
      "data": [
        {
          "comment": {
            "timestamp": 1624695163,
            "comment": "Looking forward to it:)",
            "author": "Nane Mambreyan",
            "group": "AUA Undergraduate Class of 2025"
          }
        }
      ],
      "title": "Nane Mambreyan commented on Narek Meloyan's post."
    },
    {
      "timestamp": 1629800990,
      "data": [
        {
          "comment": {
            "timestamp": 1629800990,
            "comment": "Areg Amirjanyan ",
            "author": "Nane Mambreyan",
            "group": "AUA Undergraduate Students"
          }
        }
      ],
      "title": "Nane Mambreyan commented on Monica Martirosyan's post."
    },
    {
      "timestamp": 1631194969,
      "data": [
        {
          "comment": {
            "timestamp": 1631194969,
            "comment": "Done",
            "author": "Nane Mambreyan",
            "group": "AUA Undergraduate Students"
          }
        }
      ],
      "title": "Nane Mambreyan commented on Elen  Janoyan's post."
    },
    {
      "timestamp": 1631195092,
      "data": [
        {
          "comment": {
            "timestamp": 1631195092,
            "comment": "Understanding.. music done",
            "author": "Nane Mambreyan",
            "group": "AUA Undergraduate Students"
          }
        }
      ],
      "title": "Nane Mambreyan commented on Denis Khachatryan's post."
    },
    {
      "timestamp": 1637860443,
      "data": [
        {
          "comment": {
            "timestamp": 1637860443,
            "comment": "Selia Mardirosi Syuzi Sargsyan",
            "author": "Nane Mambreyan",
            "group": "AUA Undergraduate Students"
          }
        }
      ],
      "title": "Nane Mambreyan commented on Lilit Hayrumyan's post."
    },
    {
      "timestamp": 1641305766,
      "data": [
        {
          "comment": {
            "timestamp": 1641305766,
            "comment": "Programming for ds+\nPhysics+",
            "author": "Nane Mambreyan",
            "group": "AUA Undergraduate Students"
          }
        }
      ],
      "title": "Nane Mambreyan commented on Hovo Hovhannisyan's post."
    },
    {
      "timestamp": 1641327814,
      "data": [
        {
          "comment": {
            "timestamp": 1641327814,
            "comment": "FS+",
            "author": "Nane Mambreyan",
            "group": "AUA Undergraduate Students"
          }
        }
      ],
      "title": "Nane Mambreyan commented on Monica Ghavalyan's post."
    },
    {
      "timestamp": 1641327882,
      "data": [
        {
          "comment": {
            "timestamp": 1641327882,
            "comment": "Calc+",
            "author": "Nane Mambreyan",
            "group": "AUA Undergraduate Students"
          }
        }
      ],
      "title": "Nane Mambreyan commented on Ani Aloyan's post."
    },
    {
      "timestamp": 1641380366,
      "data": [
        {
          "comment": {
            "timestamp": 1641380366,
            "comment": "Yoga+",
            "author": "Nane Mambreyan",
            "group": "AUA Undergraduate Students"
          }
        }
      ],
      "title": "Nane Mambreyan commented on Sona Balakhchian's post."
    },
    {
      "timestamp": 1641409388,
      "data": [
        {
          "comment": {
            "timestamp": 1641409388,
            "comment": "Music theory+",
            "author": "Nane Mambreyan",
            "group": "AUA Undergraduate Students"
          }
        }
      ],
      "title": "Nane Mambreyan commented on Yuri Ghalachyan's post."
    },
    {
      "timestamp": 1644258629,
      "data": [
        {
          "comment": {
            "timestamp": 1644258629,
            "comment": "Harout Mirzakhanyan thanks:)",
            "author": "Nane Mambreyan",
            "group": "AUA Undergraduate Students"
          }
        }
      ],
      "title": "Nane Mambreyan replied to Harout Mirzakhanian's comment."
    },
    {
      "timestamp": 1659449529,
      "data": [
        {
          "comment": {
            "timestamp": 1659449529,
            "comment": "\u00f0\u009f\u0098\u0098thx",
            "author": "Nane Mambreyan",
            "group": "AUA Undergraduate Students"
          }
        }
      ],
      "title": "Nane Mambreyan replied to Ellen Galoyan's comment."
    },
    {
      "timestamp": 1661153562,
      "data": [
        {
          "comment": {
            "timestamp": 1661153562,
            "comment": "Prob+",
            "author": "Nane Mambreyan",
            "group": "AUA Undergraduate Students"
          }
        }
      ],
      "title": "Nane Mambreyan commented on Monica Ghavalyan's post."
    },
    {
      "timestamp": 1661183966,
      "data": [
        {
          "comment": {
            "timestamp": 1661183966,
            "comment": "Armenian+",
            "author": "Nane Mambreyan",
            "group": "AUA Undergraduate Students"
          }
        }
      ],
      "title": "Nane Mambreyan commented on Milena Petrosyan's post."
    },
    {
      "timestamp": 1661184042,
      "data": [
        {
          "comment": {
            "timestamp": 1661184042,
            "comment": "Linear+",
            "author": "Nane Mambreyan",
            "group": "AUA Undergraduate Students"
          }
        }
      ],
      "title": "Nane Mambreyan commented on Lily Ivanyan's post."
    },
    {
      "timestamp": 1661186169,
      "data": [
        {
          "comment": {
            "timestamp": 1661186169,
            "comment": "+",
            "author": "Nane Mambreyan",
            "group": "AUA Undergraduate Students"
          }
        }
      ],
      "title": "Nane Mambreyan commented on Adrine A-yan's post."
    },
    {
      "timestamp": 1673810569,
      "data": [
        {
          "comment": {
            "timestamp": 1673810569,
            "comment": "Stat+",
            "author": "Nane Mambreyan",
            "group": "AUA Undergraduate Students"
          }
        }
      ],
      "title": "Nane Mambreyan commented on Monica Ghavalyan's post."
    },
    {
      "timestamp": 1689668288,
      "data": [
        {
          "comment": {
            "timestamp": 1689668288,
            "comment": "Surely Gohar. She is veery understanding, kind, supportive, her classes are usually not boring, her grading is 10/10. It's enough to show some interest and engagement to get an A (without even doing the readings).",
            "author": "Nane Mambreyan",
            "group": "AUA Undergraduate Students"
          }
        }
      ],
      "title": "Nane Mambreyan commented on \u00d4\u00b1\u00d5\u00b6\u00d5\u00a1\u00d5\u00b0\u00d5\u00ab\u00d5\u00bf \u00d5\u008d\u00d5\u00a1\u00d5\u00b0\u00d5\u00a1\u00d5\u00af\u00d5\u00b5\u00d5\u00a1\u00d5\u00b6's post."
    },
    {
      "timestamp": 1689696288,
      "data": [
        {
          "comment": {
            "timestamp": 1689696288,
            "comment": "None of them is good. Still, Aram is definitely better, more unbiased, rational and fair when it comes to grading, he also puts more effort in class. His material is more practical, there are not too many proofs, he is more likely to solve relevant problems rather than prove some unnecessary stuff.",
            "author": "Nane Mambreyan",
            "group": "AUA Undergraduate Students"
          }
        }
      ],
      "title": "Nane Mambreyan commented on \u00d4\u00b1\u00d5\u00b6\u00d5\u00ab \u00d5\u0084\u00d5\u00ab\u00d6\u0084\u00d5\u00a1\u00d5\u00b5\u00d5\u00a5\u00d5\u00ac\u00d5\u00b5\u00d5\u00a1\u00d5\u00b6's post."
    },
    {
      "timestamp": 1704867413,
      "data": [
        {
          "comment": {
            "timestamp": 1704867413,
            "comment": "Ashot Voskanyan 1,4,6",
            "author": "Nane Mambreyan",
            "group": "AUA Undergraduate Students"
          }
        }
      ],
      "title": "Nane Mambreyan replied to Ashot Voskanyan's comment."
    },
    {
      "timestamp": 1704885142,
      "data": [
        {
          "comment": {
            "timestamp": 1704885142,
            "comment": "Thanks, Shoghik jan. What do you mean by weekly learning summary?",
            "author": "Nane Mambreyan",
            "group": "AUA Undergraduate Students"
          }
        }
      ],
      "title": "Nane Mambreyan replied to Shoghik Gevorgyan's comment."
    },
    {
      "timestamp": 1704896697,
      "data": [
        {
          "comment": {
            "timestamp": 1704896697,
            "comment": "Ok, thanks\u00f0\u009f\u00a4\u008d",
            "author": "Nane Mambreyan",
            "group": "AUA Undergraduate Students"
          }
        }
      ],
      "title": "Nane Mambreyan replied to Shoghik Gevorgyan's comment."
    },
    {
      "timestamp": 1704905255,
      "data": [
        {
          "comment": {
            "timestamp": 1704905255,
            "comment": "\u00d5\u008d\u00d5\u00ab\u00d5\u00ac\u00d5\u00be\u00d5\u00ab \u00d4\u00b5\u00d5\u00b2\u00d5\u00ab\u00d5\u00a1\u00d5\u00a6\u00d5\u00a1\u00d6\u0080\u00d5\u00b5\u00d5\u00a1\u00d5\u00b6 thanks\u00f0\u009f\u00a4\u008d",
            "author": "Nane Mambreyan",
            "group": "AUA Undergraduate Students"
          }
        }
      ],
      "title": "Nane Mambreyan commented on her own post."
    }
  ]
}