{
  "groups_joined_v2": [
    {
      "timestamp": 1450882146,
      "data": [
        {
          "name": "Football World"
        }
      ],
      "title": "You stopped being a member of Football World."
    },
    {
      "timestamp": 1451986110,
      "data": [
        {
          "name": "InBlog Official Group"
        }
      ],
      "title": "You stopped being a member of InBlog Official Group."
    },
    {
      "timestamp": 1458241840,
      "data": [
        {
          "name": "\u00d5\u008d\u00d5\u00ab\u00d6\u0080\u00d5\u00b8\u00d5\u00b2 \u00d5\u008d\u00d6\u0080\u00d5\u00bf\u00d5\u00a5\u00d6\u0080"
        }
      ],
      "title": "You stopped being a member of \u00d5\u008d\u00d5\u00ab\u00d6\u0080\u00d5\u00b8\u00d5\u00b2 \u00d5\u008d\u00d6\u0080\u00d5\u00bf\u00d5\u00a5\u00d6\u0080."
    },
    {
      "timestamp": 1458762194,
      "data": [
        {
          "name": "inMall"
        }
      ],
      "title": "You stopped being a member of inMall."
    },
    {
      "timestamp": 1465405479,
      "title": "You stopped being a member of \u00d4\u00bb\u00d5\u00b4\u00d5\u00a1\u00d6\u0081\u00d5\u00ab\u00d6\u0080 \u00d5\u0096\u00d5\u00b8\u00d6\u0082\u00d5\u00bf\u00d5\u00a2\u00d5\u00b8\u00d5\u00ac\u00d5\u00ab \u00d5\u0084\u00d5\u00a1\u00d5\u00bd\u00d5\u00ab\u00d5\u00b6 \u00d4\u00b1\u00d5\u00b4\u00d5\u00a5\u00d5\u00b6 \u00d4\u00bb\u00d5\u00b6\u00d5\u00b9."
    },
    {
      "timestamp": 1465884318,
      "data": [
        {
          "name": "Character Design Challenge!"
        }
      ],
      "title": "You stopped being a member of Character Design Challenge!"
    },
    {
      "timestamp": 1465884547,
      "data": [
        {
          "name": "\u00d5\u0088\u00d6\u0082\u00d6\u0080\u00d5\u00a1\u00d5\u00ad \u00d5\u00a7\u00d5\u00bb\u00e2\u0098\u00ba"
        }
      ],
      "title": "You stopped being a member of \u00d5\u0088\u00d6\u0082\u00d6\u0080\u00d5\u00a1\u00d5\u00ad \u00d5\u00a7\u00d5\u00bb\u00e2\u0098\u00ba."
    },
    {
      "timestamp": 1474914115,
      "data": [
        {
          "name": "9\u00d4\u00b1 \u00d5\u00a4\u00d5\u00a1\u00d5\u00bd\u00d5\u00a1\u00d6\u0080\u00d5\u00a1\u00d5\u00b6"
        }
      ],
      "title": "You became a member of 9\u00d4\u00b1 \u00d5\u00a4\u00d5\u00a1\u00d5\u00bd\u00d5\u00a1\u00d6\u0080\u00d5\u00a1\u00d5\u00b6."
    },
    {
      "timestamp": 1489495907,
      "data": [
        {
          "name": "Humor \u00d4\u00b1\u00d5\u00b6\u00d5\u00af\u00d5\u00a5\u00d5\u00b2\u00d5\u00ae \u00d4\u00be\u00d5\u00ab\u00d5\u00ae\u00d5\u00a1\u00d5\u00b2"
        }
      ],
      "title": "You stopped being a member of Humor \u00d4\u00b1\u00d5\u00b6\u00d5\u00af\u00d5\u00a5\u00d5\u00b2\u00d5\u00ae \u00d4\u00be\u00d5\u00ab\u00d5\u00ae\u00d5\u00a1\u00d5\u00b2."
    },
    {
      "timestamp": 1490507094,
      "title": "You stopped being a member of Style by Varuj."
    },
    {
      "timestamp": 1499709726,
      "title": "You stopped being a member of \u00d5\u0096\u00d5\u00b8\u00d6\u0082\u00d5\u00bf\u00d5\u00a2\u00d5\u00b8\u00d5\u00ac\u00d5\u00a1\u00d5\u00b5\u00d5\u00ab\u00d5\u00b6 \u00d5\u00a1\u00d5\u00bc\u00d6\u0085\u00d6\u0080\u00d5\u00b5\u00d5\u00a1."
    },
    {
      "timestamp": 1503225502,
      "data": [
        {
          "name": "\u00d5\u008c\u00d5\u00a5\u00d5\u00a1\u00d5\u00ac \u00d5\u0084\u00d5\u00a1\u00d5\u00a4\u00d6\u0080\u00d5\u00ab\u00d5\u00a4\u00d5\u00ab \u00d5\u00a5\u00d6\u0080\u00d5\u00af\u00d6\u0080\u00d5\u00ba\u00d5\u00a1\u00d5\u00a3\u00d5\u00b8\u00d6\u0082\u00d5\u00b6\u00d5\u00a5\u00d6\u0080\u00d5\u00ab \u00d5\u00ad\u00d5\u00b8\u00d6\u0082\u00d5\u00b4\u00d5\u00a2"
        }
      ],
      "title": "You stopped being a member of \u00d5\u008c\u00d5\u00a5\u00d5\u00a1\u00d5\u00ac \u00d5\u0084\u00d5\u00a1\u00d5\u00a4\u00d6\u0080\u00d5\u00ab\u00d5\u00a4\u00d5\u00ab \u00d5\u00a5\u00d6\u0080\u00d5\u00af\u00d6\u0080\u00d5\u00ba\u00d5\u00a1\u00d5\u00a3\u00d5\u00b8\u00d6\u0082\u00d5\u00b6\u00d5\u00a5\u00d6\u0080\u00d5\u00ab \u00d5\u00ad\u00d5\u00b8\u00d6\u0082\u00d5\u00b4\u00d5\u00a2."
    },
    {
      "timestamp": 1505161531,
      "data": [
        {
          "name": "NART Business Support"
        }
      ],
      "title": "You stopped being a member of NART Business Support."
    },
    {
      "timestamp": 1509130308,
      "data": [
        {
          "name": "Hayk Nahapet Tour"
        }
      ],
      "title": "You stopped being a member of Hayk Nahapet Tour."
    },
    {
      "timestamp": 1515444151,
      "data": [
        {
          "name": "\u00d5\u0088\u00d5\u0092\u00d5\u0090\u00d4\u00b1\u00d4\u00bd \u00d4\u00ba\u00d4\u00b1\u00d5\u0084\u00d4\u00b1\u00d5\u0086\u00d5\u0091"
        }
      ],
      "title": "You stopped being a member of \u00d5\u0088\u00d5\u0092\u00d5\u0090\u00d4\u00b1\u00d4\u00bd \u00d4\u00ba\u00d4\u00b1\u00d5\u0084\u00d4\u00b1\u00d5\u0086\u00d5\u0091."
    },
    {
      "timestamp": 1523974617,
      "data": [
        {
          "name": "ASHXATANQ, (PNTRUM EM) (ARAJARKUM EM)"
        }
      ],
      "title": "You stopped being a member of ASHXATANQ, (PNTRUM EM) (ARAJARKUM EM)."
    },
    {
      "timestamp": 1527090587,
      "data": [
        {
          "name": "\u00d5\u008f\u00d5\u0086\u00d5\u008f\u00d4\u00b5\u00d5\u008d\u00d4\u00b1\u00d4\u00b3\u00d4\u00b5\u00d5\u008f / TNTESAGET / \u00d0\u00a2\u00d0\u00bd\u00d1\u0082\u00d0\u00b5\u00d1\u0081\u00d0\u00b3\u00d0\u00b5\u00d1\u0082 (\u00d1\u008d\u00d0\u00ba\u00d0\u00be\u00d0\u00bd\u00d0\u00be\u00d0\u00bc\u00d0\u00b8\u00d1\u0081\u00d1\u0082)"
        }
      ],
      "title": "You stopped being a member of \u00d5\u008f\u00d5\u0086\u00d5\u008f\u00d4\u00b5\u00d5\u008d\u00d4\u00b1\u00d4\u00b3\u00d4\u00b5\u00d5\u008f / TNTESAGET / \u00d0\u00a2\u00d0\u00bd\u00d1\u0082\u00d0\u00b5\u00d1\u0081\u00d0\u00b3\u00d0\u00b5\u00d1\u0082 (\u00d1\u008d\u00d0\u00ba\u00d0\u00be\u00d0\u00bd\u00d0\u00be\u00d0\u00bc\u00d0\u00b8\u00d1\u0081\u00d1\u0082)."
    },
    {
      "timestamp": 1533835845,
      "data": [
        {
          "name": "Amen inch futboli masin"
        }
      ],
      "title": "You stopped being a member of Amen inch futboli masin."
    },
    {
      "timestamp": 1553453933,
      "data": [
        {
          "name": "\u00d4\u00bb\u00d5\u00b6\u00d5\u00b1 \u00d5\u00ba\u00d5\u00a5\u00d5\u00bf\u00d6\u0084 \u00d5\u00a1 \u00d5\u00a7\u00d5\u00bd\u00d5\u00ab\u00d5\u00b6\u00d5\u00b9 \u00d5\u00a2\u00d5\u00a1\u00d5\u00b6\u00d5\u00a8 --- \u00d0\u009c\u00d0\u00bd\u00d0\u00b5 \u00d0\u00bd\u00d1\u0083\u00d0\u00b6\u00d0\u00bd\u00d0\u00be \u00d0\u00ba\u00d0\u00be\u00d0\u00b5-\u00d1\u0087\u00d1\u0082\u00d0\u00be"
        }
      ],
      "title": "You became a member of \u00d4\u00bb\u00d5\u00b6\u00d5\u00b1 \u00d5\u00ba\u00d5\u00a5\u00d5\u00bf\u00d6\u0084 \u00d5\u00a1 \u00d5\u00a7\u00d5\u00bd\u00d5\u00ab\u00d5\u00b6\u00d5\u00b9 \u00d5\u00a2\u00d5\u00a1\u00d5\u00b6\u00d5\u00a8 --- \u00d0\u009c\u00d0\u00bd\u00d0\u00b5 \u00d0\u00bd\u00d1\u0083\u00d0\u00b6\u00d0\u00bd\u00d0\u00be \u00d0\u00ba\u00d0\u00be\u00d0\u00b5-\u00d1\u0087\u00d1\u0082\u00d0\u00be."
    },
    {
      "timestamp": 1568232661,
      "data": [
        {
          "name": "Learn Public Speaking"
        }
      ],
      "title": "You stopped being a member of Learn Public Speaking."
    },
    {
      "timestamp": 1570647118,
      "data": [
        {
          "name": "United Armenian Volunteers League - UAVL group"
        }
      ],
      "title": "You became a member of United Armenian Volunteers League - UAVL group."
    },
    {
      "timestamp": 1571633198,
      "data": [
        {
          "name": "\u00d5\u0080\u00d5\u00a1\u00d5\u00b5 \u00d4\u00bf\u00d5\u00a1\u00d5\u00b4\u00d5\u00a1\u00d5\u00be\u00d5\u00b8\u00d6\u0080\u00d5\u00b6\u00d5\u00a5\u00d6\u0080\u00d5\u00ab \u00d4\u00b2\u00d5\u00a1\u00d5\u00b6\u00d5\u00af"
        }
      ],
      "title": "You became a member of \u00d5\u0080\u00d5\u00a1\u00d5\u00b5 \u00d4\u00bf\u00d5\u00a1\u00d5\u00b4\u00d5\u00a1\u00d5\u00be\u00d5\u00b8\u00d6\u0080\u00d5\u00b6\u00d5\u00a5\u00d6\u0080\u00d5\u00ab \u00d4\u00b2\u00d5\u00a1\u00d5\u00b6\u00d5\u00af."
    },
    {
      "timestamp": 1578663098,
      "data": [
        {
          "name": "ConnACTion"
        }
      ],
      "title": "You became a member of ConnACTion."
    },
    {
      "timestamp": 1583013452,
      "data": [
        {
          "name": "Volunteam"
        }
      ],
      "title": "You became a member of Volunteam."
    },
    {
      "timestamp": 1583523449,
      "data": [
        {
          "name": "\u00d5\u0080\u00d5\u00a1\u00d5\u00b5\u00d5\u00a5\u00d6\u0080\u00d5\u00a5\u00d5\u00b6 \u00d5\u008e\u00d5\u00ab\u00d6\u0084\u00d5\u00ab\u00d5\u00ba\u00d5\u00a5\u00d5\u00a4\u00d5\u00ab\u00d5\u00a1"
        }
      ],
      "title": "You stopped being a member of \u00d5\u0080\u00d5\u00a1\u00d5\u00b5\u00d5\u00a5\u00d6\u0080\u00d5\u00a5\u00d5\u00b6 \u00d5\u008e\u00d5\u00ab\u00d6\u0084\u00d5\u00ab\u00d5\u00ba\u00d5\u00a5\u00d5\u00a4\u00d5\u00ab\u00d5\u00a1."
    },
    {
      "timestamp": 1583598239,
      "data": [
        {
          "name": "Volunteering opportunities"
        }
      ],
      "title": "You became a member of Volunteering opportunities."
    },
    {
      "timestamp": 1583775209,
      "data": [
        {
          "name": "\u00d5\u0080\u00d5\u00a1\u00d5\u00b5 \u00d5\u00af\u00d5\u00a1\u00d5\u00b4\u00d5\u00a1\u00d5\u00be\u00d5\u00b8\u00d6\u0080\u00d5\u00a1\u00d5\u00af\u00d5\u00a1\u00d5\u00b6 \u00d5\u00a1\u00d5\u00bd\u00d5\u00b8\u00d6\u0081\u00d5\u00ab\u00d5\u00a1\u00d6\u0081\u00d5\u00ab\u00d5\u00a1 - AVA Youth NGO"
        }
      ],
      "title": "You became a member of \u00d5\u0080\u00d5\u00a1\u00d5\u00b5 \u00d5\u00af\u00d5\u00a1\u00d5\u00b4\u00d5\u00a1\u00d5\u00be\u00d5\u00b8\u00d6\u0080\u00d5\u00a1\u00d5\u00af\u00d5\u00a1\u00d5\u00b6 \u00d5\u00a1\u00d5\u00bd\u00d5\u00b8\u00d6\u0081\u00d5\u00ab\u00d5\u00a1\u00d6\u0081\u00d5\u00ab\u00d5\u00a1 - AVA Youth NGO."
    },
    {
      "timestamp": 1583787440,
      "data": [
        {
          "name": "Youth Opportunities Armenia"
        }
      ],
      "title": "You became a member of Youth Opportunities Armenia."
    },
    {
      "timestamp": 1583853239,
      "data": [
        {
          "name": "Silk note volunteers"
        }
      ],
      "title": "You became a member of Silk note volunteers."
    },
    {
      "timestamp": 1586287542,
      "data": [
        {
          "name": "FYCA VOLUNTEERS"
        }
      ],
      "title": "You became a member of FYCA VOLUNTEERS."
    },
    {
      "timestamp": 1592211195,
      "data": [
        {
          "name": "\u00d5\u0084\u00d4\u00bb\u00d5\u008f\u00d5\u0094 \u00d5\u0080\u00d4\u00bf \u00d5\u00b0\u00d5\u00a1\u00d5\u00b6\u00d6\u0080\u00d5\u00a1\u00d5\u00b5\u00d5\u00ab\u00d5\u00b6 \u00d5\u00ad\u00d5\u00b8\u00d6\u0082\u00d5\u00b4\u00d5\u00a2"
        }
      ],
      "title": "You became a member of \u00d5\u0084\u00d4\u00bb\u00d5\u008f\u00d5\u0094 \u00d5\u0080\u00d4\u00bf \u00d5\u00b0\u00d5\u00a1\u00d5\u00b6\u00d6\u0080\u00d5\u00a1\u00d5\u00b5\u00d5\u00ab\u00d5\u00b6 \u00d5\u00ad\u00d5\u00b8\u00d6\u0082\u00d5\u00b4\u00d5\u00a2."
    },
    {
      "timestamp": 1592311654,
      "data": [
        {
          "name": "Volunteer with YCCD"
        }
      ],
      "title": "You became a member of Volunteer with YCCD."
    },
    {
      "timestamp": 1592395403,
      "data": [
        {
          "name": "\u00d5\u008d\u00d5\u00b8\u00d6\u0081\u00d5\u00ab\u00d5\u00a1\u00d5\u00ac\u00d5\u00a1\u00d5\u00af\u00d5\u00a1\u00d5\u00b6 \u00d6\u0081\u00d5\u00a1\u00d5\u00b6\u00d6\u0081\u00d5\u00a5\u00d6\u0080\u00d5\u00b8\u00d6\u0082\u00d5\u00b4 \u00d5\u00bc\u00d5\u00a1\u00d5\u00a6\u00d5\u00b4\u00d5\u00a1\u00d5\u00be\u00d5\u00a1\u00d6\u0080\u00d5\u00a1\u00d5\u00af\u00d5\u00a1\u00d5\u00b6 \u00d5\u00a1\u00d5\u00bc\u00d5\u00a1\u00d5\u00bb\u00d5\u00a1\u00d5\u00a4\u00d6\u0080\u00d5\u00a1\u00d5\u00b6\u00d6\u0084\u00d5\u00b6\u00d5\u00a5\u00d6\u0080"
        }
      ],
      "title": "You became a member of \u00d5\u008d\u00d5\u00b8\u00d6\u0081\u00d5\u00ab\u00d5\u00a1\u00d5\u00ac\u00d5\u00a1\u00d5\u00af\u00d5\u00a1\u00d5\u00b6 \u00d6\u0081\u00d5\u00a1\u00d5\u00b6\u00d6\u0081\u00d5\u00a5\u00d6\u0080\u00d5\u00b8\u00d6\u0082\u00d5\u00b4 \u00d5\u00bc\u00d5\u00a1\u00d5\u00a6\u00d5\u00b4\u00d5\u00a1\u00d5\u00be\u00d5\u00a1\u00d6\u0080\u00d5\u00a1\u00d5\u00af\u00d5\u00a1\u00d5\u00b6 \u00d5\u00a1\u00d5\u00bc\u00d5\u00a1\u00d5\u00bb\u00d5\u00a1\u00d5\u00a4\u00d6\u0080\u00d5\u00a1\u00d5\u00b6\u00d6\u0084\u00d5\u00b6\u00d5\u00a5\u00d6\u0080."
    },
    {
      "timestamp": 1592426695,
      "data": [
        {
          "name": "Ashxatanqner.am"
        }
      ],
      "title": "You stopped being a member of Ashxatanqner.am."
    },
    {
      "timestamp": 1592903876,
      "data": [
        {
          "name": "Youth Opportunities Club NGO"
        }
      ],
      "title": "You became a member of Youth Opportunities Club NGO."
    },
    {
      "timestamp": 1592920035,
      "data": [
        {
          "name": "\u00d4\u00b2\u00d5\u00a1\u00d6\u0080\u00d5\u00ab\u00d6\u0084\u00d5\u00a5\u00d5\u00b4\u00d6\u0083\u00d5\u00ab \u00d6\u0087 \u00d4\u00b2\u00d5\u00a1\u00d6\u0080\u00d5\u00ab \u00d5\u008f\u00d5\u00b6\u00d5\u00a1\u00d5\u00af\u00d5\u00ab \u00d5\u00af\u00d5\u00a1\u00d5\u00b4\u00d5\u00a1\u00d5\u00be\u00d5\u00b8\u00d6\u0080\u00d5\u00b6\u00d5\u00a5\u00d6\u0080\u00d5\u00ab \u00d5\u00ad\u00d5\u00b8\u00d6\u0082\u00d5\u00b4\u00d5\u00a2"
        }
      ],
      "title": "You became a member of \u00d4\u00b2\u00d5\u00a1\u00d6\u0080\u00d5\u00ab\u00d6\u0084\u00d5\u00a5\u00d5\u00b4\u00d6\u0083\u00d5\u00ab \u00d6\u0087 \u00d4\u00b2\u00d5\u00a1\u00d6\u0080\u00d5\u00ab \u00d5\u008f\u00d5\u00b6\u00d5\u00a1\u00d5\u00af\u00d5\u00ab \u00d5\u00af\u00d5\u00a1\u00d5\u00b4\u00d5\u00a1\u00d5\u00be\u00d5\u00b8\u00d6\u0080\u00d5\u00b6\u00d5\u00a5\u00d6\u0080\u00d5\u00ab \u00d5\u00ad\u00d5\u00b8\u00d6\u0082\u00d5\u00b4\u00d5\u00a2."
    },
    {
      "timestamp": 1593207591,
      "data": [
        {
          "name": "English Speaking Circle"
        }
      ],
      "title": "You became a member of English Speaking Circle."
    },
    {
      "timestamp": 1593254295,
      "data": [
        {
          "name": "European Solidarity Corps Opportunities"
        }
      ],
      "title": "You became a member of European Solidarity Corps Opportunities."
    },
    {
      "timestamp": 1593356357,
      "data": [
        {
          "name": "Youth Opportunities Club"
        }
      ],
      "title": "You became a member of Youth Opportunities Club."
    },
    {
      "timestamp": 1593626912,
      "data": [
        {
          "name": "FYCA Online Youth Club"
        }
      ],
      "title": "You became a member of FYCA Online Youth Club."
    },
    {
      "timestamp": 1593790326,
      "data": [
        {
          "name": "Erasmus+ Youth Exchanges"
        }
      ],
      "title": "You became a member of Erasmus+ Youth Exchanges."
    },
    {
      "timestamp": 1593791410,
      "data": [
        {
          "name": "Youth Voice Member's Platform"
        }
      ],
      "title": "You became a member of Youth Voice Member's Platform."
    },
    {
      "timestamp": 1593803366,
      "data": [
        {
          "name": "FYCA"
        }
      ],
      "title": "You became a member of FYCA."
    },
    {
      "timestamp": 1594033255,
      "data": [
        {
          "name": "\u00d4\u00b4\u00d5\u00a1\u00d5\u00bd\u00d5\u00a8\u00d5\u00b6\u00d5\u00a9\u00d5\u00a1\u00d6\u0081\u00d5\u00b6\u00d5\u00a5\u00d6\u0080/Trainings"
        }
      ],
      "title": "You became a member of \u00d4\u00b4\u00d5\u00a1\u00d5\u00bd\u00d5\u00a8\u00d5\u00b6\u00d5\u00a9\u00d5\u00a1\u00d6\u0081\u00d5\u00b6\u00d5\u00a5\u00d6\u0080/Trainings."
    },
    {
      "timestamp": 1594393770,
      "data": [
        {
          "name": "\u00c2\u00ab\u00d5\u0094\u00d5\u00a1\u00d5\u00b6\u00c2\u00bb \u00d5\u00a1\u00d5\u00af\u00d5\u00a1\u00d5\u00a4\u00d5\u00a5\u00d5\u00b4\u00d5\u00ab\u00d5\u00a1\u00d5\u00b6 \u00d5\u00b8\u00d6\u0082\u00d5\u00bd\u00d5\u00b8\u00d6\u0082\u00d6\u0081\u00d5\u00ab\u00d5\u00b9\u00d5\u00b6\u00d5\u00a5\u00d6\u0080\u00d5\u00ab \u00d5\u00b0\u00d5\u00a1\u00d5\u00b4\u00d5\u00a1\u00d6\u0080"
        }
      ],
      "title": "You became a member of \u00c2\u00ab\u00d5\u0094\u00d5\u00a1\u00d5\u00b6\u00c2\u00bb \u00d5\u00a1\u00d5\u00af\u00d5\u00a1\u00d5\u00a4\u00d5\u00a5\u00d5\u00b4\u00d5\u00ab\u00d5\u00a1\u00d5\u00b6 \u00d5\u00b8\u00d6\u0082\u00d5\u00bd\u00d5\u00b8\u00d6\u0082\u00d6\u0081\u00d5\u00ab\u00d5\u00b9\u00d5\u00b6\u00d5\u00a5\u00d6\u0080\u00d5\u00ab \u00d5\u00b0\u00d5\u00a1\u00d5\u00b4\u00d5\u00a1\u00d6\u0080."
    },
    {
      "timestamp": 1594394049,
      "title": "You stopped being a member of \u00d4\u00b1\u00d5\u0086\u00d4\u00b5\u00d4\u00bf\u00d4\u00b4\u00d5\u0088\u00d5\u008f\u00d5\u0086\u00d4\u00b5\u00d5\u0090 , \u00d4\u00b6\u00d5\u008e\u00d4\u00b1\u00d5\u0090\u00d5\u0083\u00d4\u00b1\u00d4\u00bc\u00d4\u00bb \u00d5\u008a\u00d4\u00b1\u00d5\u008f\u00d5\u0084\u00d5\u0088\u00d5\u0092\u00d4\u00b9\u00d5\u0085\u00d5\u0088\u00d5\u0092\u00d5\u0086\u00d5\u0086\u00d4\u00b5\u00d5\u0090, \u00d4\u00bb\u00d5\u0084\u00d4\u00b1\u00d5\u008d\u00d5\u008f\u00d5\u0088\u00d5\u0092\u00d5\u0086 \u00d5\u0084\u00d5\u008f\u00d5\u0094\u00d4\u00b5\u00d5\u0090, \u00d5\u0080\u00d4\u00bb\u00d4\u00b1\u00d5\u0091\u00d5\u0084\u00d5\u0088\u00d5\u0092\u00d5\u0086\u00d5\u0094 \u00d5\u0088\u00d5\u0092 \u00d5\u00aa\u00d5\u008a\u00d4\u00bb\u00d5\u008f."
    },
    {
      "timestamp": 1594394145,
      "data": [
        {
          "name": "APY Volunteers"
        }
      ],
      "title": "You became a member of APY Volunteers."
    },
    {
      "timestamp": 1594394178,
      "data": [
        {
          "name": "ESC - European Solidarity Corps - EVS - European Voluntary Service"
        }
      ],
      "title": "You stopped being a member of ESC - European Solidarity Corps - EVS - European Voluntary Service."
    },
    {
      "timestamp": 1594394529,
      "data": [
        {
          "name": "Be yourself online shop"
        }
      ],
      "title": "You stopped being a member of Be yourself online shop."
    },
    {
      "timestamp": 1594394715,
      "data": [
        {
          "name": "\u00d4\u00b5\u00d6\u0080\u00d5\u00a1\u00d5\u00aa\u00d5\u00b7\u00d5\u00bf\u00d5\u00b8\u00d6\u0082\u00d5\u00a9\u00d5\u00b5\u00d5\u00b8\u00d6\u0082\u00d5\u00b6 (\u00d5\u00ad\u00d5\u00b8\u00d6\u0082\u00d5\u00b4\u00d5\u00a2)"
        }
      ],
      "title": "You became a member of \u00d4\u00b5\u00d6\u0080\u00d5\u00a1\u00d5\u00aa\u00d5\u00b7\u00d5\u00bf\u00d5\u00b8\u00d6\u0082\u00d5\u00a9\u00d5\u00b5\u00d5\u00b8\u00d6\u0082\u00d5\u00b6 (\u00d5\u00ad\u00d5\u00b8\u00d6\u0082\u00d5\u00b4\u00d5\u00a2)."
    },
    {
      "timestamp": 1594396763,
      "data": [
        {
          "name": "PRINCE EA MOTIVATION"
        }
      ],
      "title": "You became a member of PRINCE EA MOTIVATION."
    },
    {
      "timestamp": 1594406003,
      "title": "You stopped being a member of \u00d5\u0080\u00d5\u00ab\u00d5\u00b6\u00d5\u00b9\u00d5\u00a8 \u00d5\u00a1\u00d5\u00bd\u00d5\u00ab\u00d5\u00bd \u00d4\u00be\u00d4\u00b1\u00d4\u00bd\u00d5\u0088\u00d5\u0092\u00d5\u0084 \u00d5\u00b8\u00d6\u0082\u00d5\u00b4 !!!"
    },
    {
      "timestamp": 1594409720,
      "data": [
        {
          "name": "\u00d5\u0080\u00d4\u00b1\u00d5\u0085\u00d5\u008f\u00d4\u00b1\u00d5\u0090\u00d4\u00b1\u00d5\u0090\u00d5\u0088\u00d5\u0092\u00d4\u00b9\u00d5\u0085\u00d5\u0088\u00d5\u0092\u00d5\u0086 \u00d4\u00b5\u00d5\u008e \u00d4\u00b3\u00d5\u0088\u00d5\u008e\u00d4\u00b1\u00d4\u00b6\u00d4\u00b4"
        }
      ],
      "title": "You stopped being a member of \u00d5\u0080\u00d4\u00b1\u00d5\u0085\u00d5\u008f\u00d4\u00b1\u00d5\u0090\u00d4\u00b1\u00d5\u0090\u00d5\u0088\u00d5\u0092\u00d4\u00b9\u00d5\u0085\u00d5\u0088\u00d5\u0092\u00d5\u0086 \u00d4\u00b5\u00d5\u008e \u00d4\u00b3\u00d5\u0088\u00d5\u008e\u00d4\u00b1\u00d4\u00b6\u00d4\u00b4."
    },
    {
      "timestamp": 1594416157,
      "title": "You stopped being a member of \u00d4\u00b1\u00d5\u0086\u00d5\u008e\u00d5\u0083\u00d4\u00b1\u00d5\u0090 \u00d4\u00b3\u00d5\u0088\u00d5\u008e\u00d4\u00b1\u00d4\u00b6\u00d4\u00b4  ANVCHAR GOVAZD."
    },
    {
      "timestamp": 1594558473,
      "data": [
        {
          "name": "\u00d4\u00b5\u00d6\u0080\u00d5\u00ab\u00d5\u00bf\u00d5\u00a1\u00d5\u00bd\u00d5\u00a1\u00d6\u0080\u00d5\u00a4 \u00d5\u00a1\u00d5\u00af\u00d5\u00bf\u00d5\u00ab\u00d5\u00be\u00d5\u00ab\u00d5\u00bd\u00d5\u00bf / Young activist"
        }
      ],
      "title": "You became a member of \u00d4\u00b5\u00d6\u0080\u00d5\u00ab\u00d5\u00bf\u00d5\u00a1\u00d5\u00bd\u00d5\u00a1\u00d6\u0080\u00d5\u00a4 \u00d5\u00a1\u00d5\u00af\u00d5\u00bf\u00d5\u00ab\u00d5\u00be\u00d5\u00ab\u00d5\u00bd\u00d5\u00bf / Young activist."
    },
    {
      "timestamp": 1594568947,
      "data": [
        {
          "name": "\u00d4\u00bc\u00d5\u00b8\u00d6\u0082\u00d6\u0080\u00d5\u00a5\u00d6\u0080 \u00d5\u0080\u00d5\u00a1\u00d5\u00b5\u00d5\u00a1\u00d5\u00bd\u00d5\u00bf\u00d5\u00a1\u00d5\u00b6\u00d5\u00ab\u00d6\u0081 / News from Armenia"
        }
      ],
      "title": "You stopped being a member of \u00d4\u00bc\u00d5\u00b8\u00d6\u0082\u00d6\u0080\u00d5\u00a5\u00d6\u0080 \u00d5\u0080\u00d5\u00a1\u00d5\u00b5\u00d5\u00a1\u00d5\u00bd\u00d5\u00bf\u00d5\u00a1\u00d5\u00b6\u00d5\u00ab\u00d6\u0081 / News from Armenia."
    },
    {
      "timestamp": 1594589060,
      "data": [
        {
          "name": "\u00d4\u00b1\u00d5\u0087\u00d4\u00bd\u00d4\u00b1\u00d5\u008f\u00d4\u00b1\u00d5\u0086\u00d5\u0094  \u00d5\u00b8\u00d6\u0082\u00d5\u00bd\u00d5\u00a1\u00d5\u00b6\u00d5\u00b8\u00d5\u00b2\u00d5\u00b6\u00d5\u00a5\u00d6\u0080\u00d5\u00ab \u00d5\u00b0\u00d5\u00a1\u00d5\u00b4\u00d5\u00a1\u00d6\u0080"
        }
      ],
      "title": "You became a member of \u00d4\u00b1\u00d5\u0087\u00d4\u00bd\u00d4\u00b1\u00d5\u008f\u00d4\u00b1\u00d5\u0086\u00d5\u0094  \u00d5\u00b8\u00d6\u0082\u00d5\u00bd\u00d5\u00a1\u00d5\u00b6\u00d5\u00b8\u00d5\u00b2\u00d5\u00b6\u00d5\u00a5\u00d6\u0080\u00d5\u00ab \u00d5\u00b0\u00d5\u00a1\u00d5\u00b4\u00d5\u00a1\u00d6\u0080."
    },
    {
      "timestamp": 1594710651,
      "data": [
        {
          "name": "Erasmus+"
        }
      ],
      "title": "You became a member of Erasmus+."
    },
    {
      "timestamp": 1594710657,
      "data": [
        {
          "name": "Erasmus+"
        }
      ],
      "title": "You became a member of Erasmus+."
    },
    {
      "timestamp": 1594710668,
      "data": [
        {
          "name": "Erasmus+ Projects And Partners Searching"
        }
      ],
      "title": "You became a member of Erasmus+ Projects And Partners Searching."
    },
    {
      "timestamp": 1594710672,
      "data": [
        {
          "name": "Erasmus+ Youth Projects"
        }
      ],
      "title": "You became a member of Erasmus+ Youth Projects."
    },
    {
      "timestamp": 1594710676,
      "data": [
        {
          "name": "Erasmus+ KA1 & KA2"
        }
      ],
      "title": "You became a member of Erasmus+ KA1 & KA2."
    },
    {
      "timestamp": 1594710682,
      "data": [
        {
          "name": "ERASMUS+ OPPORTUNITIES FOR ALL"
        }
      ],
      "title": "You became a member of ERASMUS+ OPPORTUNITIES FOR ALL."
    },
    {
      "timestamp": 1594710685,
      "data": [
        {
          "name": "Erasmus+ Project & Partner"
        }
      ],
      "title": "You became a member of Erasmus+ Project & Partner."
    },
    {
      "timestamp": 1594710695,
      "data": [
        {
          "name": "EU ERASMUS+ Partnership"
        }
      ],
      "title": "You became a member of EU ERASMUS+ Partnership."
    },
    {
      "timestamp": 1594710699,
      "data": [
        {
          "name": "Erasmus+ Partnerships Platform"
        }
      ],
      "title": "You became a member of Erasmus+ Partnerships Platform."
    },
    {
      "timestamp": 1594710703,
      "data": [
        {
          "name": "Erasmus + Projectss"
        }
      ],
      "title": "You became a member of Erasmus + Projectss."
    },
    {
      "timestamp": 1594710706,
      "data": [
        {
          "name": "COPING-19 Erasmus"
        }
      ],
      "title": "You became a member of COPING-19 Erasmus."
    },
    {
      "timestamp": 1594710725,
      "data": [
        {
          "name": "Erasmus+"
        }
      ],
      "title": "You became a member of Erasmus+."
    },
    {
      "timestamp": 1594710763,
      "data": [
        {
          "name": "Erasmus + PROJECTS PARTNER FINDING"
        }
      ],
      "title": "You became a member of Erasmus + PROJECTS PARTNER FINDING."
    },
    {
      "timestamp": 1594710768,
      "data": [
        {
          "name": "ERASMUS+ KA2 STRATEGIC PARTNERSHIP PROJECTS"
        }
      ],
      "title": "You became a member of ERASMUS+ KA2 STRATEGIC PARTNERSHIP PROJECTS."
    },
    {
      "timestamp": 1594710772,
      "data": [
        {
          "name": "Erasmus + Partner Search"
        }
      ],
      "title": "You became a member of Erasmus + Partner Search."
    },
    {
      "timestamp": 1594710775,
      "data": [
        {
          "name": "Erasmus+ Partner Search"
        }
      ],
      "title": "You became a member of Erasmus+ Partner Search."
    },
    {
      "timestamp": 1594710783,
      "data": [
        {
          "name": "Erasmus+"
        }
      ],
      "title": "You became a member of Erasmus+."
    },
    {
      "timestamp": 1594723007,
      "data": [
        {
          "name": "Erasmus+ [Collaboration, ideas, partner sourcing e.t.c.]"
        }
      ],
      "title": "You became a member of Erasmus+ [Collaboration, ideas, partner sourcing e.t.c.]."
    },
    {
      "timestamp": 1594723024,
      "data": [
        {
          "name": "Erasmus+ 2021-2027 Programme"
        }
      ],
      "title": "You became a member of Erasmus+ 2021-2027 Programme."
    },
    {
      "timestamp": 1594723027,
      "data": [
        {
          "name": "ERASMUS+ FOR ALL"
        }
      ],
      "title": "You became a member of ERASMUS+ FOR ALL."
    },
    {
      "timestamp": 1594727684,
      "data": [
        {
          "name": "Erasmus+ projects"
        }
      ],
      "title": "You became a member of Erasmus+ projects."
    },
    {
      "timestamp": 1594747085,
      "data": [
        {
          "name": "ESC , EVS , ERASMUS+ PROJECTS - Europingram"
        }
      ],
      "title": "You became a member of ESC , EVS , ERASMUS+ PROJECTS - Europingram."
    },
    {
      "timestamp": 1594838736,
      "data": [
        {
          "name": "\u00d4\u00b3\u00d5\u00b8\u00d5\u00be\u00d5\u00a1\u00d5\u00a6\u00d5\u00a4 \u00d5\u00b0\u00d5\u00a1\u00d5\u00b5\u00d5\u00bf\u00d5\u00a1\u00d6\u0080\u00d5\u00a1\u00d6\u0080\u00d5\u00b8\u00d6\u0082\u00d5\u00a9\u00d5\u00b5\u00d5\u00b8\u00d6\u0082\u00d5\u00b6 \u00d5\u00a2\u00d5\u00b8\u00d5\u00ac\u00d5\u00b8\u00d6\u0080\u00d5\u00ab \u00d5\u00b0\u00d5\u00a1\u00d5\u00b4\u00d5\u00a1\u00d6\u0080"
        }
      ],
      "title": "You stopped being a member of \u00d4\u00b3\u00d5\u00b8\u00d5\u00be\u00d5\u00a1\u00d5\u00a6\u00d5\u00a4 \u00d5\u00b0\u00d5\u00a1\u00d5\u00b5\u00d5\u00bf\u00d5\u00a1\u00d6\u0080\u00d5\u00a1\u00d6\u0080\u00d5\u00b8\u00d6\u0082\u00d5\u00a9\u00d5\u00b5\u00d5\u00b8\u00d6\u0082\u00d5\u00b6 \u00d5\u00a2\u00d5\u00b8\u00d5\u00ac\u00d5\u00b8\u00d6\u0080\u00d5\u00ab \u00d5\u00b0\u00d5\u00a1\u00d5\u00b4\u00d5\u00a1\u00d6\u0080."
    },
    {
      "timestamp": 1595174230,
      "data": [
        {
          "name": "Erasmus + internships"
        }
      ],
      "title": "You became a member of Erasmus + internships."
    },
    {
      "timestamp": 1595402910,
      "data": [
        {
          "name": "Erasmus+  KA2"
        }
      ],
      "title": "You became a member of Erasmus+  KA2."
    },
    {
      "timestamp": 1595525003,
      "data": [
        {
          "name": "ESN Yerevan"
        }
      ],
      "title": "You became a member of ESN Yerevan."
    },
    {
      "timestamp": 1595525014,
      "data": [
        {
          "name": "Erasmus Ka2 partnerships"
        }
      ],
      "title": "You became a member of Erasmus Ka2 partnerships."
    },
    {
      "timestamp": 1595525142,
      "data": [
        {
          "name": "Erasmus+ Higher Education. Armenian Community"
        }
      ],
      "title": "You became a member of Erasmus+ Higher Education. Armenian Community."
    },
    {
      "timestamp": 1595525215,
      "data": [
        {
          "name": "Erasmus+ projects"
        }
      ],
      "title": "You became a member of Erasmus+ projects."
    },
    {
      "timestamp": 1595527118,
      "data": [
        {
          "name": "Erasmus+ projects"
        }
      ],
      "title": "You became a member of Erasmus+ projects."
    },
    {
      "timestamp": 1595527332,
      "data": [
        {
          "name": "Erasmus+Moldova"
        }
      ],
      "title": "You became a member of Erasmus+Moldova."
    },
    {
      "timestamp": 1595527839,
      "data": [
        {
          "name": "ERASMUS+ PROJECTS OPPORTUNITIES"
        }
      ],
      "title": "You became a member of ERASMUS+ PROJECTS OPPORTUNITIES."
    },
    {
      "timestamp": 1595528045,
      "data": [
        {
          "name": "Erasmus @ Paris"
        }
      ],
      "title": "You became a member of Erasmus @ Paris."
    },
    {
      "timestamp": 1595534359,
      "data": [
        {
          "name": "Erasmus Plus Projects"
        }
      ],
      "title": "You became a member of Erasmus Plus Projects."
    },
    {
      "timestamp": 1595534505,
      "data": [
        {
          "name": "Erasmus Plus Projects"
        }
      ],
      "title": "You became a member of Erasmus Plus Projects."
    },
    {
      "timestamp": 1595571393,
      "data": [
        {
          "name": "Youth for Erasmus"
        }
      ],
      "title": "You became a member of Youth for Erasmus."
    },
    {
      "timestamp": 1595577903,
      "data": [
        {
          "name": "\u00d5\u008d\u00d5\u00b8\u00d6\u0081\u00d6\u0081\u00d5\u00a1\u00d5\u00b6\u00d6\u0081\u00d5\u00a5\u00d6\u0080 \u00d6\u0087 \u00d5\u00a9\u00d5\u00be\u00d5\u00a1\u00d5\u00b5\u00d5\u00ab\u00d5\u00b6 \u00d5\u00b4\u00d5\u00a1\u00d6\u0080\u00d6\u0084\u00d5\u00a5\u00d5\u00a9\u00d5\u00ab\u00d5\u00b6\u00d5\u00a3"
        }
      ],
      "title": "You became a member of \u00d5\u008d\u00d5\u00b8\u00d6\u0081\u00d6\u0081\u00d5\u00a1\u00d5\u00b6\u00d6\u0081\u00d5\u00a5\u00d6\u0080 \u00d6\u0087 \u00d5\u00a9\u00d5\u00be\u00d5\u00a1\u00d5\u00b5\u00d5\u00ab\u00d5\u00b6 \u00d5\u00b4\u00d5\u00a1\u00d6\u0080\u00d6\u0084\u00d5\u00a5\u00d5\u00a9\u00d5\u00ab\u00d5\u00b6\u00d5\u00a3."
    },
    {
      "timestamp": 1595590092,
      "data": [
        {
          "name": "Erasmus Paris 2023/2024"
        }
      ],
      "title": "You became a member of Erasmus Paris 2023/2024."
    },
    {
      "timestamp": 1595593110,
      "data": [
        {
          "name": "Erasmus+ partner search"
        }
      ],
      "title": "You became a member of Erasmus+ partner search."
    },
    {
      "timestamp": 1595663479,
      "data": [
        {
          "name": "Erasmus+ partner search (the original !)"
        }
      ],
      "title": "You became a member of Erasmus+ partner search (the original !)."
    },
    {
      "timestamp": 1596096630,
      "data": [
        {
          "name": "Regions' Power"
        }
      ],
      "title": "You became a member of Regions' Power."
    },
    {
      "timestamp": 1596150220,
      "data": [
        {
          "name": "VG Armenian Camps"
        }
      ],
      "title": "You became a member of VG Armenian Camps."
    },
    {
      "timestamp": 1596400809,
      "data": [
        {
          "name": "Erasmus+ Project Partner Finding Forum For KA1/KA2"
        }
      ],
      "title": "You stopped being a member of Erasmus+ Project Partner Finding Forum For KA1/KA2."
    },
    {
      "timestamp": 1596532096,
      "data": [
        {
          "name": "MediaInfo \u00e2\u009c\u0094"
        }
      ],
      "title": "You became a member of MediaInfo \u00e2\u009c\u0094."
    },
    {
      "timestamp": 1597178996,
      "data": [
        {
          "name": "YO Members"
        }
      ],
      "title": "You became a member of YO Members."
    },
    {
      "timestamp": 1598205593,
      "data": [
        {
          "name": "\u00d5\u0084\u00d5\u00b8\u00d6\u0082\u00d5\u00bf\u00d6\u0084\u00d5\u00b6 \u00d5\u00a1\u00d5\u00b6\u00d5\u00be\u00d5\u00b3\u00d5\u00a1\u00d6\u0080 \u00d5\u00a7"
        }
      ],
      "title": "You became a member of \u00d5\u0084\u00d5\u00b8\u00d6\u0082\u00d5\u00bf\u00d6\u0084\u00d5\u00b6 \u00d5\u00a1\u00d5\u00b6\u00d5\u00be\u00d5\u00b3\u00d5\u00a1\u00d6\u0080 \u00d5\u00a7."
    },
    {
      "timestamp": 1598289718,
      "title": "You stopped being a member of \u00c2\u00ab\u00d5\u0080\u00d4\u00bf\u00d5\u0084\u00c2\u00bb \u00d4\u00b5\u00d5\u0080\u00d4\u00bf \u00d5\u00a1\u00d5\u00b6\u00d5\u00a4\u00d5\u00a1\u00d5\u00b4\u00d5\u00b6\u00d5\u00a5\u00d6\u0080."
    },
    {
      "timestamp": 1598732814,
      "data": [
        {
          "name": "Erasmus+ 2021-2027 Partners \u00f0\u009f\u008c\u008d"
        }
      ],
      "title": "You became a member of Erasmus+ 2021-2027 Partners \u00f0\u009f\u008c\u008d."
    },
    {
      "timestamp": 1599131394,
      "data": [
        {
          "name": "School for Young Leaders"
        }
      ],
      "title": "You became a member of School for Young Leaders."
    },
    {
      "timestamp": 1599172515,
      "data": [
        {
          "name": "\u00d5\u0084\u00d5\u00a1\u00d6\u0080\u00d5\u00a6\u00d5\u00a5\u00d6\u0080\u00d5\u00ab \u00d5\u00a5\u00d6\u0080\u00d5\u00a5\u00d5\u00ad\u00d5\u00a1\u00d5\u00b6\u00d5\u00a5\u00d6\u0080\u00d5\u00a8 \u00d5\u00b4\u00d5\u00a1\u00d6\u0080\u00d5\u00a6\u00d5\u00a5\u00d6\u0080\u00d5\u00b8\u00d6\u0082\u00d5\u00b4"
        }
      ],
      "title": "You became a member of \u00d5\u0084\u00d5\u00a1\u00d6\u0080\u00d5\u00a6\u00d5\u00a5\u00d6\u0080\u00d5\u00ab \u00d5\u00a5\u00d6\u0080\u00d5\u00a5\u00d5\u00ad\u00d5\u00a1\u00d5\u00b6\u00d5\u00a5\u00d6\u0080\u00d5\u00a8 \u00d5\u00b4\u00d5\u00a1\u00d6\u0080\u00d5\u00a6\u00d5\u00a5\u00d6\u0080\u00d5\u00b8\u00d6\u0082\u00d5\u00b4."
    },
    {
      "timestamp": 1599172854,
      "data": [
        {
          "name": "\u00d4\u00b5\u00d5\u008a\u00d5\u0080 \u00d5\u0088\u00d5\u0092\u00d4\u00bd \u00d4\u00b1\u00d6\u0080\u00d5\u00bf\u00d5\u00a1\u00d6\u0084\u00d5\u00ab\u00d5\u00b6 \u00d5\u00af\u00d5\u00a1\u00d5\u00ba\u00d5\u00a5\u00d6\u0080\u00d5\u00ab \u00d5\u00b0\u00d5\u00a1\u00d5\u00b6\u00d5\u00b1\u00d5\u00b6\u00d5\u00a1\u00d5\u00aa\u00d5\u00b8\u00d5\u00b2\u00d5\u00b8\u00d5\u00be"
        }
      ],
      "title": "You became a member of \u00d4\u00b5\u00d5\u008a\u00d5\u0080 \u00d5\u0088\u00d5\u0092\u00d4\u00bd \u00d4\u00b1\u00d6\u0080\u00d5\u00bf\u00d5\u00a1\u00d6\u0084\u00d5\u00ab\u00d5\u00b6 \u00d5\u00af\u00d5\u00a1\u00d5\u00ba\u00d5\u00a5\u00d6\u0080\u00d5\u00ab \u00d5\u00b0\u00d5\u00a1\u00d5\u00b6\u00d5\u00b1\u00d5\u00b6\u00d5\u00a1\u00d5\u00aa\u00d5\u00b8\u00d5\u00b2\u00d5\u00b8\u00d5\u00be."
    },
    {
      "timestamp": 1599174867,
      "data": [
        {
          "name": "Your Opportunities FB Group!!!"
        }
      ],
      "title": "You became a member of Your Opportunities FB Group!!!"
    },
    {
      "timestamp": 1599181021,
      "data": [
        {
          "name": "\u00d4\u00bb\u00d5\u00b4 \u00d5\u00bd\u00d6\u0080\u00d5\u00bf\u00d5\u00ab \u00d6\u0084\u00d5\u00a1\u00d5\u00b2\u00d5\u00a1\u00d6\u0084 \u00d4\u00b1\u00d6\u0080\u00d5\u00bf\u00d5\u00a1\u00d5\u00b7\u00d5\u00a1\u00d5\u00bf"
        }
      ],
      "title": "You became a member of \u00d4\u00bb\u00d5\u00b4 \u00d5\u00bd\u00d6\u0080\u00d5\u00bf\u00d5\u00ab \u00d6\u0084\u00d5\u00a1\u00d5\u00b2\u00d5\u00a1\u00d6\u0084 \u00d4\u00b1\u00d6\u0080\u00d5\u00bf\u00d5\u00a1\u00d5\u00b7\u00d5\u00a1\u00d5\u00bf."
    },
    {
      "timestamp": 1599192242,
      "data": [
        {
          "name": "Jobs and Internships in Armenia"
        }
      ],
      "title": "You became a member of Jobs and Internships in Armenia."
    },
    {
      "timestamp": 1599194174,
      "data": [
        {
          "name": "\u00d5\u0088\u00d6\u0082\u00d5\u009e\u00d6\u0080 \u00d5\u00a3\u00d5\u00b6\u00d5\u00a1\u00d5\u00ac, \u00d5\u00b8\u00d6\u0080\u00d5\u00bf\u00d5\u00a5\u00d5\u009e\u00d5\u00b2 \u00d5\u00a5\u00d5\u00bd \u00d5\u00a5\u00d5\u00b2\u00d5\u00a5\u00d5\u00ac / Armenia"
        }
      ],
      "title": "You became a member of \u00d5\u0088\u00d6\u0082\u00d5\u009e\u00d6\u0080 \u00d5\u00a3\u00d5\u00b6\u00d5\u00a1\u00d5\u00ac, \u00d5\u00b8\u00d6\u0080\u00d5\u00bf\u00d5\u00a5\u00d5\u009e\u00d5\u00b2 \u00d5\u00a5\u00d5\u00bd \u00d5\u00a5\u00d5\u00b2\u00d5\u00a5\u00d5\u00ac / Armenia."
    },
    {
      "timestamp": 1599200266,
      "data": [
        {
          "name": "\u00d4\u00b5\u00d6\u0080\u00d5\u00ab\u00d5\u00bf\u00d5\u00a1\u00d5\u00bd\u00d5\u00a1\u00d6\u0080\u00d5\u00a4\u00d5\u00b6\u00d5\u00a5\u00d6\u0080\u00d5\u00ab \u00d5\u00a1\u00d5\u00af\u00d5\u00b8\u00d6\u0082\u00d5\u00b4\u00d5\u00a2"
        }
      ],
      "title": "You became a member of \u00d4\u00b5\u00d6\u0080\u00d5\u00ab\u00d5\u00bf\u00d5\u00a1\u00d5\u00bd\u00d5\u00a1\u00d6\u0080\u00d5\u00a4\u00d5\u00b6\u00d5\u00a5\u00d6\u0080\u00d5\u00ab \u00d5\u00a1\u00d5\u00af\u00d5\u00b8\u00d6\u0082\u00d5\u00b4\u00d5\u00a2."
    },
    {
      "timestamp": 1599335462,
      "data": [
        {
          "name": "\u00d5\u0095\u00d5\u00a3\u00d5\u00b6\u00d5\u00a5\u00d6\u0084 \u00d5\u00a3\u00d5\u00bf\u00d5\u00b6\u00d5\u00a5\u00d5\u00b4 :-) Ogneq gtnem :-)"
        }
      ],
      "title": "You became a member of \u00d5\u0095\u00d5\u00a3\u00d5\u00b6\u00d5\u00a5\u00d6\u0084 \u00d5\u00a3\u00d5\u00bf\u00d5\u00b6\u00d5\u00a5\u00d5\u00b4 :-) Ogneq gtnem :-)."
    },
    {
      "timestamp": 1599338209,
      "data": [
        {
          "name": "\u00d5\u008d\u00d5\u00ba\u00d5\u00ab\u00d5\u00bf\u00d5\u00a1\u00d5\u00af\u00d5\u00ab \u00d4\u00b1\u00d5\u00af\u00d5\u00bf\u00d5\u00ab\u00d5\u00be \u00d4\u00b5\u00d6\u0080\u00d5\u00ab\u00d5\u00bf\u00d5\u00a1\u00d5\u00bd\u00d5\u00a1\u00d6\u0080\u00d5\u00a4\u00d5\u00b6\u00d5\u00a5\u00d6\u0080"
        }
      ],
      "title": "You became a member of \u00d5\u008d\u00d5\u00ba\u00d5\u00ab\u00d5\u00bf\u00d5\u00a1\u00d5\u00af\u00d5\u00ab \u00d4\u00b1\u00d5\u00af\u00d5\u00bf\u00d5\u00ab\u00d5\u00be \u00d4\u00b5\u00d6\u0080\u00d5\u00ab\u00d5\u00bf\u00d5\u00a1\u00d5\u00bd\u00d5\u00a1\u00d6\u0080\u00d5\u00a4\u00d5\u00b6\u00d5\u00a5\u00d6\u0080."
    },
    {
      "timestamp": 1599339575,
      "data": [
        {
          "name": "\u00d4\u00b5\u00d5\u00bd \u00d4\u00b1\u00d6\u0080\u00d5\u00bf\u00d5\u00ab\u00d5\u00bd\u00d5\u00bf \u00d4\u00b5\u00d5\u00b4"
        }
      ],
      "title": "You became a member of \u00d4\u00b5\u00d5\u00bd \u00d4\u00b1\u00d6\u0080\u00d5\u00bf\u00d5\u00ab\u00d5\u00bd\u00d5\u00bf \u00d4\u00b5\u00d5\u00b4."
    },
    {
      "timestamp": 1599379539,
      "data": [
        {
          "name": "\u00c2\u00ab\u00d4\u00bf\u00d5\u0090\u00d4\u00b9\u00d5\u0088\u00d5\u0092\u00d4\u00b9\u00d5\u0085\u00d4\u00b1\u00d5\u0086 \u00d4\u00b6\u00d4\u00b1\u00d5\u0090\u00d4\u00b3\u00d4\u00b1\u00d5\u0091\u00d5\u0084\u00d4\u00b1\u00d5\u0086 \u00d4\u00b5\u00d5\u008e \u00d4\u00bf\u00d4\u00b1\u00d5\u008c\u00d4\u00b1\u00d5\u008e\u00d4\u00b1\u00d5\u0090\u00d5\u0084\u00d4\u00b1\u00d5\u0086\u00c2\u00bb  \u00d5\u0080\u00d4\u00bb\u00d5\u0084\u00d5\u0086\u00d4\u00b1\u00d4\u00b4\u00d5\u0090\u00d4\u00b1\u00d5\u0084"
        }
      ],
      "title": "You became a member of \u00c2\u00ab\u00d4\u00bf\u00d5\u0090\u00d4\u00b9\u00d5\u0088\u00d5\u0092\u00d4\u00b9\u00d5\u0085\u00d4\u00b1\u00d5\u0086 \u00d4\u00b6\u00d4\u00b1\u00d5\u0090\u00d4\u00b3\u00d4\u00b1\u00d5\u0091\u00d5\u0084\u00d4\u00b1\u00d5\u0086 \u00d4\u00b5\u00d5\u008e \u00d4\u00bf\u00d4\u00b1\u00d5\u008c\u00d4\u00b1\u00d5\u008e\u00d4\u00b1\u00d5\u0090\u00d5\u0084\u00d4\u00b1\u00d5\u0086\u00c2\u00bb  \u00d5\u0080\u00d4\u00bb\u00d5\u0084\u00d5\u0086\u00d4\u00b1\u00d4\u00b4\u00d5\u0090\u00d4\u00b1\u00d5\u0084."
    },
    {
      "timestamp": 1601495046,
      "data": [
        {
          "name": "\u00d4\u00bf\u00d5\u00a1\u00d5\u00b4\u00d5\u00a1\u00d5\u00be\u00d5\u00b8\u00d6\u0080\u00d5\u00b6\u00d5\u00a5\u00d6\u0080 #\u00d5\u0080\u00d4\u00b1\u00d5\u0082\u00d4\u00b9\u00d4\u00b5\u00d4\u00bc\u00d5\u0088\u00d5\u0092\u00d4\u00b5\u00d5\u0086\u00d5\u0094"
        }
      ],
      "title": "You became a member of \u00d4\u00bf\u00d5\u00a1\u00d5\u00b4\u00d5\u00a1\u00d5\u00be\u00d5\u00b8\u00d6\u0080\u00d5\u00b6\u00d5\u00a5\u00d6\u0080 #\u00d5\u0080\u00d4\u00b1\u00d5\u0082\u00d4\u00b9\u00d4\u00b5\u00d4\u00bc\u00d5\u0088\u00d5\u0092\u00d4\u00b5\u00d5\u0086\u00d5\u0094."
    },
    {
      "timestamp": 1603956350,
      "data": [
        {
          "name": "\u00d4\u00b6\u00d4\u00b1\u00d5\u0090\u00d4\u00b3\u00d4\u00b1\u00d5\u0091\u00d5\u0088\u00d5\u0092\u00d5\u0084 \u00d5\u0080\u00d5\u00a1\u00d5\u00bd\u00d5\u00a1\u00d6\u0080\u00d5\u00a1\u00d5\u00af\u00d5\u00a1\u00d5\u00af\u00d5\u00a1\u00d5\u00b6 \u00d5\u0087\u00d5\u00a1\u00d6\u0080\u00d5\u00aa\u00d5\u00b8\u00d6\u0082\u00d5\u00b4"
        }
      ],
      "title": "You became a member of \u00d4\u00b6\u00d4\u00b1\u00d5\u0090\u00d4\u00b3\u00d4\u00b1\u00d5\u0091\u00d5\u0088\u00d5\u0092\u00d5\u0084 \u00d5\u0080\u00d5\u00a1\u00d5\u00bd\u00d5\u00a1\u00d6\u0080\u00d5\u00a1\u00d5\u00af\u00d5\u00a1\u00d5\u00af\u00d5\u00a1\u00d5\u00b6 \u00d5\u0087\u00d5\u00a1\u00d6\u0080\u00d5\u00aa\u00d5\u00b8\u00d6\u0082\u00d5\u00b4."
    },
    {
      "timestamp": 1607029877,
      "data": [
        {
          "name": "United Erasmus+ Community (2021-2027)"
        }
      ],
      "title": "You became a member of United Erasmus+ Community (2021-2027)."
    },
    {
      "timestamp": 1607073110,
      "data": [
        {
          "name": "Erasmus Barcelona 2023 - 2024"
        }
      ],
      "title": "You became a member of Erasmus Barcelona 2023 - 2024."
    },
    {
      "timestamp": 1607073961,
      "data": [
        {
          "name": "Erasmus Madrid 2024/2025 (Official)"
        }
      ],
      "title": "You became a member of Erasmus Madrid 2024/2025 (Official)."
    },
    {
      "timestamp": 1607077047,
      "data": [
        {
          "name": "ERASMUS VALENCIA 2023/2024 (Rooms/ Apartments/ University/ Trips/ Parties)"
        }
      ],
      "title": "You became a member of ERASMUS VALENCIA 2023/2024 (Rooms/ Apartments/ University/ Trips/ Parties)."
    },
    {
      "timestamp": 1607110041,
      "data": [
        {
          "name": "ERASMUS VALENCIA (official group) 2023 - 2024"
        }
      ],
      "title": "You became a member of ERASMUS VALENCIA (official group) 2023 - 2024."
    },
    {
      "timestamp": 1607269550,
      "data": [
        {
          "name": "\u00f0\u009f\u0092\u0096ERASMUS VALENCIA 2020/2021\u00f0\u009f\u0092\u0096 Parties, Events, Rooms & Apartments"
        }
      ],
      "title": "You became a member of \u00f0\u009f\u0092\u0096ERASMUS VALENCIA 2020/2021\u00f0\u009f\u0092\u0096 Parties, Events, Rooms & Apartments."
    },
    {
      "timestamp": 1607406329,
      "data": [
        {
          "name": "ERASMUS+ Projects"
        }
      ],
      "title": "You became a member of ERASMUS+ Projects."
    },
    {
      "timestamp": 1607541304,
      "data": [
        {
          "name": "\u00e2\u0098\u0085 Erasmus Valencia \u00e2\u0098\u00852020/2021"
        }
      ],
      "title": "You stopped being a member of \u00e2\u0098\u0085 Erasmus Valencia \u00e2\u0098\u00852020/2021."
    },
    {
      "timestamp": 1607693650,
      "data": [
        {
          "name": "Erasmus Plus Project Expert"
        }
      ],
      "title": "You became a member of Erasmus Plus Project Expert."
    },
    {
      "timestamp": 1608191440,
      "data": [
        {
          "name": "Learn English"
        }
      ],
      "title": "You stopped being a member of Learn English."
    },
    {
      "timestamp": 1608420388,
      "data": [
        {
          "name": "European Solidarity Corps \u00e2\u009c\u0085"
        }
      ],
      "title": "You became a member of European Solidarity Corps \u00e2\u009c\u0085."
    },
    {
      "timestamp": 1608836220,
      "data": [
        {
          "name": "Erasmus+ 2021 \u00e2\u0080\u0093 2027 \u00e2\u0080\u0093 Mobility Opportunities for All"
        }
      ],
      "title": "You became a member of Erasmus+ 2021 \u00e2\u0080\u0093 2027 \u00e2\u0080\u0093 Mobility Opportunities for All."
    },
    {
      "timestamp": 1609446230,
      "data": [
        {
          "name": "\u00d5\u0080\u00d5\u00a1\u00d5\u00b5\u00d5\u00a1\u00d5\u00bd\u00d5\u00bf\u00d5\u00a1\u00d5\u00b6\u00d5\u00a8 \u00d5\u0080\u00d5\u00a5\u00d5\u00b6\u00d6\u0081 \u00d5\u0080\u00d5\u00ab\u00d5\u00b4\u00d5\u00a1 / Real Time Armenia"
        }
      ],
      "title": "You became a member of \u00d5\u0080\u00d5\u00a1\u00d5\u00b5\u00d5\u00a1\u00d5\u00bd\u00d5\u00bf\u00d5\u00a1\u00d5\u00b6\u00d5\u00a8 \u00d5\u0080\u00d5\u00a5\u00d5\u00b6\u00d6\u0081 \u00d5\u0080\u00d5\u00ab\u00d5\u00b4\u00d5\u00a1 / Real Time Armenia."
    },
    {
      "timestamp": 1609760085,
      "data": [
        {
          "name": "\u00d5\u0088\u00d5\u00be \u00d5\u00b8\u00d5\u00b6\u00d6\u0081 \u00d5\u00b8\u00d6\u0082\u00d5\u00a6\u00d5\u00ab"
        }
      ],
      "title": "You became a member of \u00d5\u0088\u00d5\u00be \u00d5\u00b8\u00d5\u00b6\u00d6\u0081 \u00d5\u00b8\u00d6\u0082\u00d5\u00a6\u00d5\u00ab."
    },
    {
      "timestamp": 1611514613,
      "data": [
        {
          "name": "Avid Pro Tools | First Users"
        }
      ],
      "title": "You became a member of Avid Pro Tools | First Users."
    },
    {
      "timestamp": 1613159427,
      "data": [
        {
          "name": "\u00e2\u0099\u00a9 \u00e2\u0099\u00aa \u00e2\u0099\u00ab \u00e2\u0099\u00ac\u00d0\u009a\u00d1\u0080\u00d0\u00b0\u00d1\u0081\u00d0\u00b8\u00d0\u00b2\u00d1\u008b\u00d0\u00b5   \u00d0\u00bf\u00d0\u00b5\u00d1\u0081\u00d0\u00bd\u00d0\u00b8 \u00d0\u00b8 \u00d0\u00ba\u00d0\u00bb\u00d0\u00b8\u00d0\u00bf\u00d1\u008b\u00e2\u0099\u00a9 \u00e2\u0099\u00aa \u00e2\u0099\u00ab \u00e2\u0099\u00ac.\u00ce\u00b9ll\u00ce\u00b9l\u00ce\u00b9.\u00ce\u00b9l."
        }
      ],
      "title": "You became a member of \u00e2\u0099\u00a9 \u00e2\u0099\u00aa \u00e2\u0099\u00ab \u00e2\u0099\u00ac\u00d0\u009a\u00d1\u0080\u00d0\u00b0\u00d1\u0081\u00d0\u00b8\u00d0\u00b2\u00d1\u008b\u00d0\u00b5   \u00d0\u00bf\u00d0\u00b5\u00d1\u0081\u00d0\u00bd\u00d0\u00b8 \u00d0\u00b8 \u00d0\u00ba\u00d0\u00bb\u00d0\u00b8\u00d0\u00bf\u00d1\u008b\u00e2\u0099\u00a9 \u00e2\u0099\u00aa \u00e2\u0099\u00ab \u00e2\u0099\u00ac.\u00ce\u00b9ll\u00ce\u00b9l\u00ce\u00b9.\u00ce\u00b9l."
    },
    {
      "timestamp": 1614016647,
      "data": [
        {
          "name": "Lusavan - \u00d5\u0089\u00d5\u00a1\u00d6\u0080\u00d5\u00a5\u00d5\u00b6\u00d6\u0081\u00d5\u00a1\u00d5\u00be\u00d5\u00a1\u00d5\u00b6, \u00d4\u00b1\u00d5\u00ac\u00d5\u00a1\u00d6\u0083\u00d5\u00a1\u00d6\u0080\u00d5\u00bd, \u00d4\u00b1\u00d6\u0080\u00d5\u00a6\u00d5\u00a1\u00d5\u00af\u00d5\u00a1\u00d5\u00b6, \u00d4\u00b2\u00d5\u00bb\u00d5\u00b6\u00d5\u00ab, \u00d4\u00bf\u00d5\u00a1\u00d6\u0080\u00d5\u00a5\u00d5\u00b6\u00d5\u00ab\u00d5\u00bd, \u00d5\u0096\u00d5\u00a1\u00d5\u00b6\u00d5\u00bf\u00d5\u00a1\u00d5\u00b6"
        }
      ],
      "title": "You became a member of Lusavan - \u00d5\u0089\u00d5\u00a1\u00d6\u0080\u00d5\u00a5\u00d5\u00b6\u00d6\u0081\u00d5\u00a1\u00d5\u00be\u00d5\u00a1\u00d5\u00b6, \u00d4\u00b1\u00d5\u00ac\u00d5\u00a1\u00d6\u0083\u00d5\u00a1\u00d6\u0080\u00d5\u00bd, \u00d4\u00b1\u00d6\u0080\u00d5\u00a6\u00d5\u00a1\u00d5\u00af\u00d5\u00a1\u00d5\u00b6, \u00d4\u00b2\u00d5\u00bb\u00d5\u00b6\u00d5\u00ab, \u00d4\u00bf\u00d5\u00a1\u00d6\u0080\u00d5\u00a5\u00d5\u00b6\u00d5\u00ab\u00d5\u00bd, \u00d5\u0096\u00d5\u00a1\u00d5\u00b6\u00d5\u00bf\u00d5\u00a1\u00d5\u00b6."
    },
    {
      "timestamp": 1615718069,
      "data": [
        {
          "name": "WE ACT!"
        }
      ],
      "title": "You became a member of WE ACT!"
    },
    {
      "timestamp": 1616539206,
      "data": [
        {
          "name": "\u00d4\u00b1\u00d5\u00b7\u00d5\u00ad\u00d5\u00a1\u00d5\u00bf\u00d5\u00a1\u00d5\u00b6\u00d6\u0084 / Ashxatanq"
        }
      ],
      "title": "You became a member of \u00d4\u00b1\u00d5\u00b7\u00d5\u00ad\u00d5\u00a1\u00d5\u00bf\u00d5\u00a1\u00d5\u00b6\u00d6\u0084 / Ashxatanq."
    },
    {
      "timestamp": 1616539413,
      "data": [
        {
          "name": "Freelance work / \u00d5\u0096\u00d6\u0080\u00d5\u00ab\u00d5\u00ac\u00d5\u00a1\u00d5\u00b6\u00d5\u00bd \u00d5\u00a1\u00d5\u00b7\u00d5\u00ad\u00d5\u00a1\u00d5\u00bf\u00d5\u00a1\u00d5\u00b6\u00d6\u0084"
        }
      ],
      "title": "You became a member of Freelance work / \u00d5\u0096\u00d6\u0080\u00d5\u00ab\u00d5\u00ac\u00d5\u00a1\u00d5\u00b6\u00d5\u00bd \u00d5\u00a1\u00d5\u00b7\u00d5\u00ad\u00d5\u00a1\u00d5\u00bf\u00d5\u00a1\u00d5\u00b6\u00d6\u0084."
    },
    {
      "timestamp": 1616569579,
      "data": [
        {
          "name": "Erasmus+ KA1 Partner Search"
        }
      ],
      "title": "You became a member of Erasmus+ KA1 Partner Search."
    },
    {
      "timestamp": 1616569584,
      "data": [
        {
          "name": "Erasmus + 2014-2020 Program"
        }
      ],
      "title": "You became a member of Erasmus + 2014-2020 Program."
    },
    {
      "timestamp": 1616569587,
      "data": [
        {
          "name": "Erasmus+ & Youth in Action partner search italia"
        }
      ],
      "title": "You became a member of Erasmus+ & Youth in Action partner search italia."
    },
    {
      "timestamp": 1616569591,
      "data": [
        {
          "name": "Erasmus+ Projects"
        }
      ],
      "title": "You became a member of Erasmus+ Projects."
    },
    {
      "timestamp": 1616569605,
      "data": [
        {
          "name": "Erasmus+ UK opportunities"
        }
      ],
      "title": "You became a member of Erasmus+ UK opportunities."
    },
    {
      "timestamp": 1616572449,
      "data": [
        {
          "name": "\u00d4\u00b3\u00d5\u00b8\u00d6\u0080\u00d5\u00ae_\u00d5\u00af\u00d5\u00a1/\u00d4\u00b1\u00d5\u00b7\u00d5\u00ad\u00d5\u00a1\u00d5\u00bf\u00d5\u00a1\u00d5\u00b6\u00d6\u0084/\u00d4\u00b9\u00d5\u00a1\u00d6\u0083\u00d5\u00b8\u00d6\u0082\u00d6\u0080_\u00d4\u00b1\u00d5\u00b7\u00d5\u00ad\u00d5\u00a1\u00d5\u00bf\u00d5\u00a1\u00d5\u00bf\u00d5\u00a5\u00d5\u00b2\u00d5\u00a5\u00d6\u0080/Job/gorc_ka/\u00d1\u0080\u00d0\u00b0\u00d0\u00b1\u00d0\u00be\u00d1\u0082\u00d0\u00b0"
        }
      ],
      "title": "You became a member of \u00d4\u00b3\u00d5\u00b8\u00d6\u0080\u00d5\u00ae_\u00d5\u00af\u00d5\u00a1/\u00d4\u00b1\u00d5\u00b7\u00d5\u00ad\u00d5\u00a1\u00d5\u00bf\u00d5\u00a1\u00d5\u00b6\u00d6\u0084/\u00d4\u00b9\u00d5\u00a1\u00d6\u0083\u00d5\u00b8\u00d6\u0082\u00d6\u0080_\u00d4\u00b1\u00d5\u00b7\u00d5\u00ad\u00d5\u00a1\u00d5\u00bf\u00d5\u00a1\u00d5\u00bf\u00d5\u00a5\u00d5\u00b2\u00d5\u00a5\u00d6\u0080/Job/gorc_ka/\u00d1\u0080\u00d0\u00b0\u00d0\u00b1\u00d0\u00be\u00d1\u0082\u00d0\u00b0."
    },
    {
      "timestamp": 1616616593,
      "data": [
        {
          "name": "Easy Erasmus"
        }
      ],
      "title": "You became a member of Easy Erasmus."
    },
    {
      "timestamp": 1617122256,
      "data": [
        {
          "name": "Erasmus+ Projects & Partner Search [For all kind of projects]"
        }
      ],
      "title": "You became a member of Erasmus+ Projects & Partner Search [For all kind of projects]."
    },
    {
      "timestamp": 1619633575,
      "data": [
        {
          "name": "Erasmus + KA210 (Small Scale Partnerships) Partner Search and Network"
        }
      ],
      "title": "You became a member of Erasmus + KA210 (Small Scale Partnerships) Partner Search and Network."
    },
    {
      "timestamp": 1620302929,
      "data": [
        {
          "name": "Erasmus+ Internships"
        }
      ],
      "title": "You became a member of Erasmus+ Internships."
    },
    {
      "timestamp": 1621396462,
      "data": [
        {
          "name": "Night Code"
        }
      ],
      "title": "You became a member of Night Code."
    },
    {
      "timestamp": 1621869475,
      "data": [
        {
          "name": "AUA Undergraduate Class of 2025"
        }
      ],
      "title": "You became a member of AUA Undergraduate Class of 2025."
    },
    {
      "timestamp": 1623409702,
      "data": [
        {
          "name": "Environment as a Culture of Education"
        }
      ],
      "title": "You became a member of Environment as a Culture of Education."
    },
    {
      "timestamp": 1623748514,
      "data": [
        {
          "name": "JS Volunteers"
        }
      ],
      "title": "You stopped being a member of JS Volunteers."
    },
    {
      "timestamp": 1625220331,
      "data": [
        {
          "name": "english_armenia \u00f0\u009f\u0087\u00ba\u00f0\u009f\u0087\u00b8 \u00f0\u009f\u0087\u00a6\u00f0\u009f\u0087\u00b2"
        }
      ],
      "title": "You became a member of english_armenia \u00f0\u009f\u0087\u00ba\u00f0\u009f\u0087\u00b8 \u00f0\u009f\u0087\u00a6\u00f0\u009f\u0087\u00b2."
    },
    {
      "timestamp": 1625509508,
      "data": [
        {
          "name": "Learn Creative, Act Creative, Youth Exchange"
        }
      ],
      "title": "You became a member of Learn Creative, Act Creative, Youth Exchange."
    },
    {
      "timestamp": 1626114757,
      "data": [
        {
          "name": "\u00d4\u00bc\u00d4\u00b1\u00d5\u008e\u00d4\u00b1\u00d4\u00b3\u00d5\u0088\u00d5\u0092\u00d5\u0085\u00d5\u0086 \u00d4\u00b3\u00d5\u0088\u00d5\u0090\u00d4\u00be\u00d4\u00b1\u00d5\u008f\u00d5\u0088\u00d5\u0092\u00d5\u0086\u00d4\u00b5\u00d5\u0090\u00d4\u00b8"
        }
      ],
      "title": "You became a member of \u00d4\u00bc\u00d4\u00b1\u00d5\u008e\u00d4\u00b1\u00d4\u00b3\u00d5\u0088\u00d5\u0092\u00d5\u0085\u00d5\u0086 \u00d4\u00b3\u00d5\u0088\u00d5\u0090\u00d4\u00be\u00d4\u00b1\u00d5\u008f\u00d5\u0088\u00d5\u0092\u00d5\u0086\u00d4\u00b5\u00d5\u0090\u00d4\u00b8."
    },
    {
      "timestamp": 1627138666,
      "data": [
        {
          "name": "AUA Undergraduate Students"
        }
      ],
      "title": "You became a member of AUA Undergraduate Students."
    },
    {
      "timestamp": 1642277202,
      "data": [
        {
          "name": "Careercenter (\u00d4\u00b3\u00d5\u00bf\u00d5\u00ab\u00d6\u0080 \u00d6\u0084\u00d5\u00b8 \u00d5\u00a5\u00d6\u0080\u00d5\u00a1\u00d5\u00a6\u00d5\u00a1\u00d5\u00ae \u00d5\u00a1\u00d5\u00b7\u00d5\u00ad\u00d5\u00a1\u00d5\u00bf\u00d5\u00a1\u00d5\u00b6\u00d6\u0084\u00d5\u00a8)"
        }
      ],
      "title": "You became a member of Careercenter (\u00d4\u00b3\u00d5\u00bf\u00d5\u00ab\u00d6\u0080 \u00d6\u0084\u00d5\u00b8 \u00d5\u00a5\u00d6\u0080\u00d5\u00a1\u00d5\u00a6\u00d5\u00a1\u00d5\u00ae \u00d5\u00a1\u00d5\u00b7\u00d5\u00ad\u00d5\u00a1\u00d5\u00bf\u00d5\u00a1\u00d5\u00b6\u00d6\u0084\u00d5\u00a8)."
    },
    {
      "timestamp": 1645116324,
      "data": [
        {
          "name": "\u00d4\u00b1\u00d6\u0080\u00d5\u00b4\u00d5\u00a1\u00d5\u00a9 \u00d5\u00ab\u00d5\u00b6\u00d5\u00aa\u00d5\u00a5\u00d5\u00b6\u00d5\u00a5\u00d6\u0080\u00d5\u00a1\u00d5\u00af\u00d5\u00a1\u00d5\u00b6 \u00d5\u00ac\u00d5\u00a1\u00d5\u00a2\u00d5\u00b8\u00d6\u0080\u00d5\u00a1\u00d5\u00bf\u00d5\u00b8\u00d6\u0080\u00d5\u00ab\u00d5\u00a1\u00d5\u00b6\u00d5\u00a5\u00d6\u0080 - \u00d4\u00b1\u00d5\u008f\u00d5\u0081\u00d5\u0084"
        }
      ],
      "title": "You became a member of \u00d4\u00b1\u00d6\u0080\u00d5\u00b4\u00d5\u00a1\u00d5\u00a9 \u00d5\u00ab\u00d5\u00b6\u00d5\u00aa\u00d5\u00a5\u00d5\u00b6\u00d5\u00a5\u00d6\u0080\u00d5\u00a1\u00d5\u00af\u00d5\u00a1\u00d5\u00b6 \u00d5\u00ac\u00d5\u00a1\u00d5\u00a2\u00d5\u00b8\u00d6\u0080\u00d5\u00a1\u00d5\u00bf\u00d5\u00b8\u00d6\u0080\u00d5\u00ab\u00d5\u00a1\u00d5\u00b6\u00d5\u00a5\u00d6\u0080 - \u00d4\u00b1\u00d5\u008f\u00d5\u0081\u00d5\u0084."
    },
    {
      "timestamp": 1655316130,
      "data": [
        {
          "name": "#ABCAMP|  Adventure Camp | #ABCAMP21"
        }
      ],
      "title": "You became a member of #ABCAMP|  Adventure Camp | #ABCAMP21."
    },
    {
      "timestamp": 1659085247,
      "data": [
        {
          "name": "\u00f0\u009f\u0098\u008d\u00d4\u00b3\u00d6\u0080\u00d6\u0084\u00d5\u00a5\u00d6\u0080\u00d5\u00ab \u00d6\u0087 \u00d4\u00b3\u00d6\u0080\u00d5\u00a1\u00d5\u00af\u00d5\u00a1\u00d5\u00b6\u00d5\u00b8\u00d6\u0082\u00d5\u00a9\u00d5\u00b5\u00d5\u00a1\u00d5\u00b6 \u00d5\u00bd\u00d5\u00ab\u00d6\u0080\u00d5\u00a1\u00d5\u00b0\u00d5\u00a1\u00d6\u0080\u00d5\u00b6\u00d5\u00a5\u00d6\u0080\u00f0\u009f\u0098\u008d"
        }
      ],
      "title": "\u00f0\u009f\u0098\u008d\u00d4\u00b3\u00d6\u0080\u00d6\u0084\u00d5\u00a5\u00d6\u0080\u00d5\u00ab \u00d6\u0087 \u00d4\u00b3\u00d6\u0080\u00d5\u00a1\u00d5\u00af\u00d5\u00a1\u00d5\u00b6\u00d5\u00b8\u00d6\u0082\u00d5\u00a9\u00d5\u00b5\u00d5\u00a1\u00d5\u00b6 \u00d5\u00bd\u00d5\u00ab\u00d6\u0080\u00d5\u00a1\u00d5\u00b0\u00d5\u00a1\u00d6\u0080\u00d5\u00b6\u00d5\u00a5\u00d6\u0080\u00f0\u009f\u0098\u008d has approved your request to participate."
    },
    {
      "timestamp": 1687520467,
      "data": [
        {
          "name": "Internship Armenia"
        }
      ],
      "title": "You became a member of Internship Armenia."
    },
    {
      "timestamp": 1698778287,
      "data": [
        {
          "name": "Youth Educational Platform by MITK NGO"
        }
      ],
      "title": "You stopped being a member of Youth Educational Platform by MITK NGO."
    },
    {
      "timestamp": 1698785302,
      "data": [
        {
          "name": "\u00d5\u0080\u00d5\u00a6\u00d5\u00b8\u00d6\u0080 \u00d5\u0084\u00d5\u00ab\u00d5\u00bf\u00d6\u0084 / Strong Mind"
        }
      ],
      "title": "You stopped being a member of \u00d5\u0080\u00d5\u00a6\u00d5\u00b8\u00d6\u0080 \u00d5\u0084\u00d5\u00ab\u00d5\u00bf\u00d6\u0084 / Strong Mind."
    }
  ]
}