{
  "media": [
    
  ],
  "label_values": [
    {
      "label": "Friend suggestions",
      "vec": [
        {
          "value": "David Davidian"
        },
        {
          "value": "Armen Hayrumyan"
        },
        {
          "value": "Yeva Avetisyan"
        },
        {
          "value": "\u00d5\u008d\u00d5\u00ab\u00d5\u00ac\u00d5\u00be\u00d5\u00ab \u00d4\u00b5\u00d5\u00b2\u00d5\u00ab\u00d5\u00a1\u00d5\u00a6\u00d5\u00a1\u00d6\u0080\u00d5\u00b5\u00d5\u00a1\u00d5\u00b6"
        },
        {
          "value": "Tatevik Hakobyan"
        },
        {
          "value": "Tamara Gevorgyan"
        },
        {
          "value": "\u00d5\u0086\u00d5\u00b8\u00d6\u0080\u00d5\u00a1\u00d5\u00b5\u00d6\u0080 \u00d5\u008d\u00d5\u00b8\u00d6\u0082\u00d6\u0084\u00d5\u00ab\u00d5\u00a1\u00d5\u00bd\u00d5\u00b5\u00d5\u00a1\u00d5\u00b6"
        },
        {
          "value": "Liana Aramyan"
        },
        {
          "value": "Zaruhi Tashchian"
        },
        {
          "value": "Arsen Gasparyan"
        },
        {
          "value": "Erik Mnatsakanyan"
        },
        {
          "value": "Arman Khojoyan"
        },
        {
          "value": "Lusine Davtyan"
        },
        {
          "value": "Daniel  Kurghinyan"
        },
        {
          "value": "Narvik Hakobyan"
        },
        {
          "value": "Edgar  Harutyunyan"
        },
        {
          "value": "Hasmik Marukyan"
        },
        {
          "value": "\u00d4\u00b1\u00d5\u00b6\u00d5\u00b8\u00d6\u0082\u00d5\u00b7\u00d5\u00ab\u00d5\u00af \u00d5\u008d\u00d5\u00a1\u00d6\u0080\u00d5\u00a3\u00d5\u00bd\u00d5\u00b5\u00d5\u00a1\u00d5\u00b6"
        },
        {
          "value": "Lusine Adunts"
        },
        {
          "value": "\u00d5\u0084\u00d5\u00a1\u00d5\u00a9\u00d5\u00a5\u00d5\u00b4\u00d5\u00a1\u00d5\u00bf\u00d5\u00ab\u00d5\u00af\u00d5\u00a1\u00d5\u00af\u00d5\u00a1\u00d5\u00b6 \u00d5\u008f\u00d6\u0080\u00d5\u00a1\u00d5\u00b4\u00d5\u00a1\u00d5\u00a2\u00d5\u00a1\u00d5\u00b6\u00d5\u00b8\u00d6\u0082\u00d5\u00a9\u00d5\u00b5\u00d5\u00b8\u00d6\u0082\u00d5\u00b6"
        },
        {
          "value": "Mariam Hakobyan"
        },
        {
          "value": "\u00d5\u0084\u00d5\u00ab\u00d5\u00ac\u00d5\u00a5\u00d5\u00b6\u00d5\u00a1 \u00d4\u00b1\u00d5\u00bd\u00d5\u00a1\u00d5\u00bf\u00d6\u0080\u00d5\u00b5\u00d5\u00a1\u00d5\u00b6"
        },
        {
          "value": "Van Nemra"
        },
        {
          "value": "Rima Davtyan"
        },
        {
          "value": "Mane Mkrtchyan"
        },
        {
          "value": "Hamlet Arshakyan"
        },
        {
          "value": "Zara  Karapetyan"
        },
        {
          "value": "\u00d5\u0080\u00d5\u00b8\u00d5\u00b2  \u00d4\u00bd\u00d5\u00b8\u00d5\u00b6\u00d5\u00a1\u00d5\u00be"
        },
        {
          "value": "Tiko Solian"
        },
        {
          "value": "Elen Petrosyan"
        },
        {
          "value": "Davit Khalatyan"
        },
        {
          "value": "Vahan Yeranosyan"
        },
        {
          "value": "Vardan Hayrapetyan"
        },
        {
          "value": "Narek Mkrtchyan"
        },
        {
          "value": "Arina Zohrabian"
        },
        {
          "value": "Alex Ursu"
        },
        {
          "value": "Hasmik Andreasyan"
        },
        {
          "value": "Tatev Barsamyan"
        },
        {
          "value": "Mica Hilson"
        },
        {
          "value": "Zhanna Atanesyan"
        },
        {
          "value": "Anush Margarian"
        },
        {
          "value": "Nina Lazaryan"
        },
        {
          "value": "Lilia Heqimyan"
        },
        {
          "value": "Eva Hovhannisyan"
        },
        {
          "value": "Armine Ghukasyan"
        },
        {
          "value": "Monika Stepanyan"
        },
        {
          "value": "Alisa Mkrtchyan"
        },
        {
          "value": "Anush Arakelyan"
        },
        {
          "value": "Vahe Mkrtchyan"
        },
        {
          "value": "Alex Hayrapetyan"
        },
        {
          "value": "Hayk Ashughyan"
        },
        {
          "value": "Yeva Asatryan"
        },
        {
          "value": "Gor  Hovakimyan"
        },
        {
          "value": "Edward Khachatryan"
        },
        {
          "value": "Ruben Ohanyan"
        },
        {
          "value": "Armine  Hambardzumyan"
        },
        {
          "value": "Avet Dishunts"
        },
        {
          "value": "Anna Hovakimyan"
        },
        {
          "value": "Suren Hakobyan"
        },
        {
          "value": "Artur Sahakian"
        },
        {
          "value": "Sargis Karapetyan"
        },
        {
          "value": "Hasmik Ghazaryan"
        },
        {
          "value": "Narek Saroyan"
        },
        {
          "value": "Suren Paravyan"
        },
        {
          "value": "Arsen  Atayan"
        },
        {
          "value": "Mayis Jraghatspanyan"
        },
        {
          "value": "Hasmik Grigoryan"
        },
        {
          "value": "Vahram Danielyan"
        },
        {
          "value": "Ruz Erzrumyan"
        },
        {
          "value": "Zohrab Gevorgyan"
        },
        {
          "value": "Tigranyan Melik"
        },
        {
          "value": "Suren Mnatsakanyan"
        },
        {
          "value": "Andranik Kamalyan"
        },
        {
          "value": "Suren Poghosyan"
        },
        {
          "value": "Ruzanna Nazaryan"
        },
        {
          "value": "Artur Artur"
        },
        {
          "value": "Elizabeth Vickery"
        },
        {
          "value": "Hrach Yeghiazaryan"
        },
        {
          "value": "Mkrt\u00c3\u00a7hy\u00c3\u00a0n L\u00c3\u00a8nd"
        },
        {
          "value": "Bidza Galstian"
        },
        {
          "value": "\u00d4\u00bf\u00d5\u00a1\u00d6\u0080\u00d5\u00ab\u00d5\u00b6\u00d5\u00a1 \u00d5\u008f\u00d5\u00a5\u00d6\u0080\u00d5\u00bf\u00d5\u00a5\u00d6\u0080\u00d5\u00b5\u00d5\u00a1\u00d5\u00b6"
        },
        {
          "value": "Nina  Mirzoyan"
        },
        {
          "value": "Narek Otaryan"
        },
        {
          "value": "Hakob Avagyan"
        },
        {
          "value": "Samson Avetian"
        },
        {
          "value": "Nona Hovhannisyan"
        },
        {
          "value": "Harutyun Jilavyan"
        },
        {
          "value": "Lina Sharazyan"
        },
        {
          "value": "Sash Suqiasyan"
        },
        {
          "value": "Nane Avetisyan"
        },
        {
          "value": "Mane Ghazaryan"
        },
        {
          "value": "Nancy Mkrtchyan"
        },
        {
          "value": "\u00d4\u00bf. \u00d4\u00b4\u00d5\u00a5\u00d5\u00b4\u00d5\u00ab\u00d6\u0080\u00d5\u00b3\u00d5\u00b5\u00d5\u00a1\u00d5\u00b6\u00d5\u00ab \u00d5\u00a1\u00d5\u00be\u00d5\u00a1\u00d5\u00a3 \u00d5\u00a4\u00d5\u00ba\u00d6\u0080\u00d5\u00b8\u00d6\u0081"
        },
        {
          "value": "Artur Manukian"
        },
        {
          "value": "Mane Alumyan"
        },
        {
          "value": "Galya Zatyamina"
        },
        {
          "value": "Michael Goorjian"
        },
        {
          "value": "Gabriel Adamyan"
        },
        {
          "value": "Ani  Jinanyan"
        },
        {
          "value": "\u00d5\u0084\u00d5\u00a5\u00d5\u00ac\u00d5\u00ab\u00d5\u00b6\u00d5\u00a7 \u00d4\u00b9\u00d5\u00b8\u00d6\u0080\u00d5\u00b8\u00d5\u00bd"
        },
        {
          "value": "Tigran Grigoryan"
        },
        {
          "value": "Anahit Tashchian"
        },
        {
          "value": "Astghik Ter-Sahakyan"
        },
        {
          "value": "Anahit Santrosyan"
        },
        {
          "value": "\u00d5\u008d\u00d5\u00a5\u00d5\u00b6\u00d5\u00b8\u00d6\u0082\u00d5\u00b7\u00d5\u00af\u00d5\u00a1 \u00d4\u00b1\u00d5\u00ac\u00d5\u00a5\u00d6\u0084\u00d5\u00bd\u00d5\u00a1\u00d5\u00b6\u00d5\u00b5\u00d5\u00a1\u00d5\u00b6"
        },
        {
          "value": "Gregory Chahrozian"
        },
        {
          "value": "Dav Nazaryan"
        },
        {
          "value": "Ani Ulbricht"
        },
        {
          "value": "Anaida Chobanyan"
        },
        {
          "value": "Anush Muradyan"
        },
        {
          "value": "Ani Khachatryan"
        },
        {
          "value": "Lilit Minasyan"
        },
        {
          "value": "Liana Darbinyan"
        },
        {
          "value": "Varduhi Yeghiazaryan"
        },
        {
          "value": "Anna Baghdasaryan"
        },
        {
          "value": "Margarita Alikhanyan"
        },
        {
          "value": "Vahe Jraghatspanyan"
        },
        {
          "value": "Syuz Poghosyan"
        },
        {
          "value": "Marina Kochinyan"
        },
        {
          "value": "Armen  Fljyan"
        },
        {
          "value": "Aleksandra Vardanyan"
        },
        {
          "value": "Arthur Khachatryan"
        },
        {
          "value": "Hrachya Zakoyan"
        },
        {
          "value": "Liana Vahanyan"
        },
        {
          "value": "Vahag Atabekyan"
        },
        {
          "value": "Aram Gevorgyan"
        },
        {
          "value": "\u00d4\u00b1\u00d5\u00b6\u00d5\u00ab \u00d5\u0084\u00d5\u00ab\u00d6\u0084\u00d5\u00a1\u00d5\u00b5\u00d5\u00a5\u00d5\u00ac\u00d5\u00b5\u00d5\u00a1\u00d5\u00b6"
        },
        {
          "value": "Hrach Arzumanyan"
        },
        {
          "value": "Levon Virap Abgaryan"
        },
        {
          "value": "Karine Khachatrian"
        },
        {
          "value": "Avo Simonyan"
        },
        {
          "value": "Hovhannes Gojabashyan"
        },
        {
          "value": "Nikusha Tsereteli"
        },
        {
          "value": "\u00d5\u0087\u00d5\u00a1\u00d5\u00ac\u00d5\u00ab\u00d5\u00af\u00d5\u00b8 \u00d5\u0085\u00d5\u00b8\u00d6\u0080\u00d5\u00a5\u00d5\u00b6\u00d6\u0081"
        },
        {
          "value": "Mariam Khojoyan"
        },
        {
          "value": "Miray Nalbandian"
        },
        {
          "value": "Elen Khosteghyan"
        },
        {
          "value": "Ishkhan Gevorgyan"
        },
        {
          "value": "David Manuel Manuelian"
        },
        {
          "value": "Silva Harutyunyan"
        },
        {
          "value": "Mery Ghazaryan"
        },
        {
          "value": "Sarkis Amirdzhanyan"
        },
        {
          "value": "Di\u00c3\u00a1n\u00c3\u00a0 Martirosyan"
        },
        {
          "value": "Saro DerAvanesian"
        },
        {
          "value": "Davit Mamyan"
        },
        {
          "value": "Sergey Tantushyan"
        },
        {
          "value": "Armen Nalbandyan"
        },
        {
          "value": "Edgar Hayrapetyan"
        },
        {
          "value": "\u00d5\u0084\u00d5\u00b8\u00d6\u0082\u00d5\u00b7\u00d5\u00a5\u00d5\u00b2 \u00d5\u008d\u00d5\u00a1\u00d5\u00b0\u00d5\u00a1\u00d5\u00af\u00d5\u00b5\u00d5\u00a1\u00d5\u00b6"
        },
        {
          "value": "Lilit Harutyunyan"
        },
        {
          "value": "Lilit Petrosyan"
        },
        {
          "value": "Narek Haroyan"
        },
        {
          "value": "Ani Shakhkulyan"
        },
        {
          "value": "Vahan Avetikyan"
        },
        {
          "value": "Knarik Poghosyan"
        },
        {
          "value": "Meri Safaryan"
        },
        {
          "value": "Anna Hakobyan"
        },
        {
          "value": "Ashot Giloyan"
        },
        {
          "value": "Kyourk Arslanian"
        },
        {
          "value": "Armi Mkrtchyan"
        },
        {
          "value": "Sona Soghomonian"
        },
        {
          "value": "Syuz Hovhannisyan"
        },
        {
          "value": "Ara Mkrtchyan"
        },
        {
          "value": "Veronica Avetisyan"
        },
        {
          "value": "Lilit Galstyan"
        },
        {
          "value": "\u00d4\u00b1\u00d5\u00b7\u00d5\u00b8\u00d5\u00bf \u00d4\u00bd\u00d5\u00b8\u00d6\u0082\u00d6\u0080\u00d5\u00b7\u00d5\u00b8\u00d6\u0082\u00d5\u00a4\u00d5\u00b5\u00d5\u00a1\u00d5\u00b6"
        },
        {
          "value": "Marine Gasparyan"
        },
        {
          "value": "Anna Poghosyan"
        },
        {
          "value": "Ani Shakhkyan"
        },
        {
          "value": "Sara Aleksanyan"
        },
        {
          "value": "Inna Ghabulyan"
        },
        {
          "value": "Ripsime Shahbazyan"
        },
        {
          "value": "Nata Muradyan"
        },
        {
          "value": "Alex Chobanyan"
        },
        {
          "value": "Anahit Babkenyan"
        },
        {
          "value": "Valeria Harutyunyan"
        },
        {
          "value": "Anush Yeranosian"
        },
        {
          "value": "Karen Keryan"
        },
        {
          "value": "Susanna Hayrapetyan"
        },
        {
          "value": "Anna Vardanyan"
        },
        {
          "value": "Vova Harutyunyan"
        },
        {
          "value": "Gevorg Ghazaryan"
        },
        {
          "value": "Ruzanna  Babajanyan"
        },
        {
          "value": "Anna Mughdusyan"
        },
        {
          "value": "Amalya  Shahinyan"
        },
        {
          "value": "Ani Tsarukyan"
        },
        {
          "value": "Hermine Ghazaryan"
        },
        {
          "value": "Syuzi Kirakosyan"
        },
        {
          "value": "Milen Ghazaryan"
        },
        {
          "value": "Shushan Karapetyan"
        },
        {
          "value": "\u00d5\u008e\u00d5\u00a1\u00d5\u00b0\u00d5\u00a5 \u00d4\u00b3\u00d6\u0080\u00d5\u00ab\u00d5\u00a3\u00d5\u00b8\u00d6\u0080\u00d5\u00b5\u00d5\u00a1\u00d5\u00b6"
        },
        {
          "value": "Diana Danielyan"
        },
        {
          "value": "Hasmik Vrshikyan"
        },
        {
          "value": "Nareh Chilingaryan"
        },
        {
          "value": "Gag Khalafyan"
        },
        {
          "value": "\u00d5\u0084\u00d5\u00a1\u00d6\u0080\u00d5\u00ab\u00d5\u00a1\u00d5\u00b4 \u00d5\u0084\u00d5\u00af\u00d6\u0080\u00d5\u00bf\u00d5\u00ab\u00d5\u00b9\u00d5\u00b5\u00d5\u00a1\u00d5\u00b6"
        },
        {
          "value": "Monica Harutyunyan"
        },
        {
          "value": "Laura Harutunyan"
        },
        {
          "value": "Rouben Meschian"
        },
        {
          "value": "Heghine Vrshikyan"
        },
        {
          "value": "Diana Tigranyan"
        },
        {
          "value": "Aram Atamian"
        },
        {
          "value": "\u00d5\u0094\u00d5\u00b6\u00d5\u00a1\u00d6\u0080\u00d5\u00ab\u00d5\u00af \u00d5\u0080\u00d5\u00a1\u00d5\u00b4\u00d5\u00a2\u00d5\u00a1\u00d6\u0080\u00d5\u00b1\u00d5\u00b8\u00d6\u0082\u00d5\u00b4\u00d5\u00b5\u00d5\u00a1\u00d5\u00b6"
        },
        {
          "value": "Kristine Sargsyan"
        },
        {
          "value": "Norayr Xachatryan"
        },
        {
          "value": "Levon  Sargsyan"
        },
        {
          "value": "Mikayel  Bejanyan"
        },
        {
          "value": "Anahit Hayrapetyan"
        },
        {
          "value": "Mher Movsisyan"
        },
        {
          "value": "Alvard Khachanyan"
        },
        {
          "value": "Meri Barseghyan"
        },
        {
          "value": "Narek Harutyunyan"
        },
        {
          "value": "Angelina Arzumanyan"
        },
        {
          "value": "\u00d4\u00b4\u00d5\u00a1\u00d5\u00be\u00d5\u00ab\u00d5\u00a9 \u00d4\u00b3\u00d6\u0080\u00d5\u00ab\u00d5\u00a3\u00d5\u00b8\u00d6\u0080\u00d5\u00b5\u00d5\u00a1\u00d5\u00b6"
        }
      ]
    }
  ]
}