{
  "received_requests_v2": [
    {
      "name": "Ed ackerson ",
      "timestamp": 1706535937
    },
    {
      "name": "\u00d4\u00b9\u00d5\u00a1\u00d5\u00b4\u00d5\u00a1\u00d6\u0080\u00d5\u00a1 \u00d4\u00b5\u00d5\u00b2\u00d5\u00ab\u00d5\u00a1\u00d5\u00a6\u00d5\u00a1\u00d6\u0080\u00d5\u00b5\u00d5\u00a1\u00d5\u00b6",
      "timestamp": 1698239539
    },
    {
      "name": "Smbat Stepanyan",
      "timestamp": 1694629562
    },
    {
      "name": "David John",
      "timestamp": 1694445075
    },
    {
      "name": "\u00d5\u0080\u00d5\u00a1\u00d5\u00b5\u00d5\u00af\u00d5\u00b8\u00d6\u0082\u00d5\u00b0\u00d5\u00ab \u00d6\u0085\u00d5\u00b6\u00d5\u00ac\u00d5\u00a1\u00d5\u00b5\u00d5\u00b6 \u00d5\u0087\u00d5\u00b8\u00d6\u0083",
      "timestamp": 1693645131
    },
    {
      "name": "\u00d5\u0080\u00d5\u00a1\u00d5\u00b3\u00d5\u00a5\u00d5\u00ac\u00d5\u00ab \u00d4\u00b1\u00d5\u00b6\u00d5\u00b8\u00d6\u0082\u00d5\u00b7 \u00d5\u00b4\u00d5\u00a1\u00d6\u0080\u00d5\u00a4",
      "timestamp": 1691775693
    },
    {
      "name": "\u00d4\u00b2\u00d5\u00a5\u00d5\u00bc\u00d5\u00b6\u00d5\u00a1 \u00d6\u0083\u00d5\u00b8\u00d5\u00ad\u00d5\u00a1\u00d5\u00a4\u00d6\u0080\u00d5\u00b8\u00d6\u0082\u00d5\u00b4\u00d5\u00b6\u00d5\u00a5\u00d6\u0080",
      "timestamp": 1684790662
    },
    {
      "name": "\u00d5\u0086\u00d5\u00ab\u00d5\u00b6\u00d5\u00a1 \u00d5\u0084-\u00d5\u00b5\u00d5\u00a1\u00d5\u00b6",
      "timestamp": 1679581387
    },
    {
      "name": "Artur Simonyan",
      "timestamp": 1655655814
    },
    {
      "name": "Kh PS",
      "timestamp": 1653848082
    },
    {
      "name": "Neriman Ashlarba",
      "timestamp": 1651182095
    },
    {
      "name": "\u00d5\u008e\u00d5\u00a1\u00d5\u00b0\u00d5\u00a1\u00d5\u00a3 \u00d4\u00bf\u00d5\u00a1\u00d6\u0080\u00d5\u00a5\u00d5\u00b6\u00d5\u00b8\u00d5\u00be\u00d5\u00ab\u00d5\u00b9",
      "timestamp": 1648626947
    },
    {
      "name": "Gev Manukyan",
      "timestamp": 1647675462
    },
    {
      "name": "Henrik Bagdasaryan",
      "timestamp": 1646410273
    },
    {
      "name": "Vahe Mkhitaryan",
      "timestamp": 1645349874
    },
    {
      "name": "\u00d4\u00b7\u00d5\u00a4\u00d5\u00ab\u00d5\u00af \u00d5\u0084\u00d5\u00ab\u00d6\u0084\u00d5\u00a1\u00d5\u00b5\u00d5\u00a5\u00d5\u00ac\u00d5\u00b5\u00d5\u00a1\u00d5\u00b6",
      "timestamp": 1643741127
    },
    {
      "name": "\u00d5\u008e\u00d5\u00a1\u00d6\u0080\u00d5\u00a1\u00d5\u00a6\u00d5\u00a4\u00d5\u00a1\u00d5\u00bf \u00d4\u00b9\u00d5\u00a1\u00d5\u00a4\u00d6\u0087\u00d5\u00b8\u00d5\u00bd\u00d5\u00b5\u00d5\u00a1\u00d5\u00b6",
      "timestamp": 1643026761
    },
    {
      "name": "Vrej Hovhannisyan",
      "timestamp": 1642828349
    },
    {
      "name": "Hamo Muradyan",
      "timestamp": 1641717835
    },
    {
      "name": "Mihran Zohrabyan",
      "timestamp": 1641638404
    },
    {
      "name": "Mguch Amirkhanyan",
      "timestamp": 1641138539
    },
    {
      "name": "Rom Yan",
      "timestamp": 1640717551
    },
    {
      "name": "Sidki Monir",
      "timestamp": 1639355751
    },
    {
      "name": "Sandeep Rohra",
      "timestamp": 1639212152
    },
    {
      "name": "Nver Aslanyan",
      "timestamp": 1638286589
    },
    {
      "name": "Artak Xachatryan",
      "timestamp": 1637430877
    },
    {
      "name": "Artur Egiazaryan",
      "timestamp": 1636922045
    },
    {
      "name": "Arm Enia",
      "timestamp": 1636439209
    },
    {
      "name": "Emin Karapetyan",
      "timestamp": 1636323356
    },
    {
      "name": "Samantha Winward",
      "timestamp": 1633520720
    },
    {
      "name": "Sachin Rahar",
      "timestamp": 1632582259
    },
    {
      "name": "Vazgen Galstyan",
      "timestamp": 1631886253
    },
    {
      "name": "\u00d5\u00a1\u00d6\u0080\u00d5\u00a4\u00d5\u00ab \u00d5\u0093\u00d5\u00ab\u00d5\u00ac\u00d5\u00ab\u00d5\u00bd\u00d5\u00b8\u00d6\u0083\u00d5\u00a1",
      "timestamp": 1631562739
    },
    {
      "name": "Jawad Khalaf",
      "timestamp": 1631064404
    },
    {
      "name": "Local Development",
      "timestamp": 1631003126
    },
    {
      "name": "\u00d0\u009a\u00d0\u00be\u00d0\u00bc\u00d0\u00bf\u00d1\u008c\u00d1\u008e\u00d1\u0082\u00d0\u00b5\u00d1\u0080\u00d0\u00bd\u00d0\u00b0\u00d1\u008f \u00d0\u00a1\u00d0\u00ba\u00d0\u00be\u00d1\u0080\u00d0\u00b0\u00d1\u008f \u00d0\u009f\u00d0\u00be\u00d0\u00bc\u00d0\u00be\u00d1\u0089\u00d1\u008c",
      "timestamp": 1631000769
    },
    {
      "name": "Argisht Avetisyan",
      "timestamp": 1630920344
    },
    {
      "name": "Ahmet Ya\u00c5\u009far",
      "timestamp": 1629651133
    },
    {
      "name": "Rafo Karapetyan",
      "timestamp": 1629526229
    },
    {
      "name": "Karo Xalatyan",
      "timestamp": 1629400058
    },
    {
      "name": "Ashot Xachatryan",
      "timestamp": 1629363769
    },
    {
      "name": "Hayko Voskanyan",
      "timestamp": 1628612167
    },
    {
      "name": "Miqo Abramyan",
      "timestamp": 1628449795
    },
    {
      "name": "Hitesh Solanki",
      "timestamp": 1628165321
    },
    {
      "name": "Hos Xalatyan",
      "timestamp": 1627198818
    },
    {
      "name": "Sahakyn Karen Karen",
      "timestamp": 1626946420
    },
    {
      "name": "Andranik Aslanyan",
      "timestamp": 1626902845
    },
    {
      "name": "Artur Abrahamyan",
      "timestamp": 1626510062
    },
    {
      "name": "Gexaznik Piloyan",
      "timestamp": 1626033449
    },
    {
      "name": "\u00d4\u00be\u00d6\u0080\u00d5\u00a1\u00d5\u00a3\u00d6\u0080\u00d5\u00a1\u00d5\u00be\u00d5\u00b8\u00d6\u0080\u00d5\u00b4\u00d5\u00a1\u00d5\u00b6 \u00d4\u00b4\u00d5\u00a1\u00d5\u00bd\u00d5\u00a8\u00d5\u00b6\u00d5\u00a9\u00d5\u00a1\u00d6\u0081\u00d5\u00b6\u00d5\u00a5\u00d6\u0080",
      "timestamp": 1625815755
    },
    {
      "name": "Jora Jora",
      "timestamp": 1625731033
    },
    {
      "name": "\u00d0\u009c\u00d0\u00b0\u00d0\u00ba\u00d1\u0081 \u00d0\u009c\u00d0\u00b0\u00d0\u00ba\u00d1\u0081",
      "timestamp": 1625691243
    },
    {
      "name": "Azat Smbatovich",
      "timestamp": 1625667446
    },
    {
      "name": "Eduard Kinosyan",
      "timestamp": 1625572086
    },
    {
      "name": "\u00d0\u009d\u00d0\u00b2\u00d0\u00b5\u00d1\u0080 \u00d0\u009c\u00d0\u00bd\u00d0\u00b0\u00d1\u0086\u00d0\u00b0\u00d0\u00ba\u00d0\u00b0\u00d0\u00bd\u00d1\u008f\u00d0\u00bd",
      "timestamp": 1625557238
    },
    {
      "name": "Narek Ghalechyan",
      "timestamp": 1625551253
    },
    {
      "name": "Edgar Malxasyan",
      "timestamp": 1625504780
    },
    {
      "name": "Gor Karapetyan",
      "timestamp": 1625480239
    },
    {
      "name": "Jora Manukyan",
      "timestamp": 1625393714
    },
    {
      "name": "Edgar Sargsyan",
      "timestamp": 1625348111
    },
    {
      "name": "Lipo Mxoyan",
      "timestamp": 1625305515
    },
    {
      "name": "Suren Ghazaryan",
      "timestamp": 1625273918
    },
    {
      "name": "Hrach Kakosyan",
      "timestamp": 1625210506
    },
    {
      "name": "Karen Hakobyan",
      "timestamp": 1625181641
    },
    {
      "name": "Gev Adamyan",
      "timestamp": 1625111949
    },
    {
      "name": "Arsen Arushanyan",
      "timestamp": 1625048684
    },
    {
      "name": "Sargis Melqumyan",
      "timestamp": 1625002283
    },
    {
      "name": "Nerso Rstakyan",
      "timestamp": 1624952976
    },
    {
      "name": "Vemir Tonoyan",
      "timestamp": 1624875931
    },
    {
      "name": "\u00d4\u00b1\u00d5\u00ac\u00d5\u00a5\u00d5\u00b6 \u00d4\u00bf\u00d5\u00ab\u00d6\u0080\u00d5\u00a1\u00d5\u00af\u00d5\u00b8\u00d5\u00bd\u00d5\u00b5\u00d5\u00a1\u00d5\u00b6",
      "timestamp": 1624825258
    },
    {
      "name": "Dav Avagyan",
      "timestamp": 1624772140
    },
    {
      "name": "Gevor Sedikyan",
      "timestamp": 1624388211
    },
    {
      "name": "Hrach Torosyan",
      "timestamp": 1624354395
    },
    {
      "name": "Sarkisyan Aram",
      "timestamp": 1624335767
    },
    {
      "name": "Zaven Nikoghosyan",
      "timestamp": 1624247582
    },
    {
      "name": "Vardges Exikyan",
      "timestamp": 1624218048
    },
    {
      "name": "Karen Gasparyan",
      "timestamp": 1624132064
    },
    {
      "name": "David Darb",
      "timestamp": 1624103220
    },
    {
      "name": "\u00d0\u0090\u00d0\u00bb\u00d0\u00b8\u00d0\u00ba \u00d0\u00a2\u00d0\u00be\u00d0\u00bd\u00d0\u00b0\u00d0\u00bf\u00d0\u00b5\u00d1\u0082\u00d1\u008f\u00d0\u00bd",
      "timestamp": 1624061865
    },
    {
      "name": "Rubo Grigoryan",
      "timestamp": 1623917484
    },
    {
      "name": "Hayko Saroyan",
      "timestamp": 1623670621
    },
    {
      "name": "Ashot Harutunyan",
      "timestamp": 1623599453
    },
    {
      "name": "Grig Davtyan",
      "timestamp": 1623522566
    },
    {
      "name": "Serge Khachatryan",
      "timestamp": 1623214089
    },
    {
      "name": "Sevak Hakobyan",
      "timestamp": 1622274130
    },
    {
      "name": "Narek Tadevosyan",
      "timestamp": 1621900334
    },
    {
      "name": "Karmir Gyux",
      "timestamp": 1621745534
    },
    {
      "name": "\u00d5\u0080\u00d5\u00b8\u00d5\u00be \u00d5\u008d\u00d5\u00a1\u00d6\u0086\u00d5\u00a1\u00d6\u0080\u00d5\u00b5\u00d5\u00a1\u00d5\u00b6",
      "timestamp": 1621592590
    },
    {
      "name": "Artur Hovhannisyan",
      "timestamp": 1621549405
    },
    {
      "name": "Set Xanoyan",
      "timestamp": 1621513762
    },
    {
      "name": "\u00d5\u0084\u00d5\u00a1\u00d6\u0080\u00d5\u00bf \u00d5\u008d\u00d5\u00ab\u00d6\u0080\u00d5\u00a5\u00d5\u00af\u00d5\u00a1\u00d5\u00b6\u00d5\u00b5\u00d5\u00a1\u00d5\u00b6",
      "timestamp": 1621168552
    },
    {
      "name": "\u00d4\u00bc\u00d5\u00ab\u00d5\u00ba\u00d5\u00b8 \u00d4\u00b5\u00d5\u00b2\u00d5\u00b5\u00d5\u00a1\u00d5\u00b6",
      "timestamp": 1621106451
    },
    {
      "name": "Sevak Fahradyan",
      "timestamp": 1621104979
    },
    {
      "name": "Arman Xazaryan",
      "timestamp": 1621023260
    },
    {
      "name": "\u00d5\u008d\u00d5\u00a1\u00d6\u0084\u00d5\u00b8 \u00d5\u00ab\u00d5\u00b6\u00d5\u00bb\u00d5\u00ab\u00d5\u00b2\u00d5\u00b8\u00d6\u0082\u00d5\u00ac\u00d5\u00b5\u00d5\u00a1\u00d5\u00b6",
      "timestamp": 1621017311
    },
    {
      "name": "Raf Karapetyan",
      "timestamp": 1621011016
    },
    {
      "name": "\u00d5\u0080\u00d5\u00b8\u00d5\u00a3\u00d6\u0087\u00d5\u00b8\u00d6\u0080 \u00d5\u0083\u00d5\u00a1\u00d5\u00b6\u00d5\u00a1\u00d5\u00ba\u00d5\u00a1\u00d6\u0080\u00d5\u00b0",
      "timestamp": 1621002264
    },
    {
      "name": "Kayf Zaqaryan",
      "timestamp": 1620889547
    },
    {
      "name": "Karen Vardanyan",
      "timestamp": 1620762168
    },
    {
      "name": "Armen Xachatryan",
      "timestamp": 1620579220
    },
    {
      "name": "Hakob Meliqyan",
      "timestamp": 1620577268
    },
    {
      "name": "Vazgen Tadevosyan",
      "timestamp": 1620564374
    },
    {
      "name": "\u00d0\u009c\u00d0\u00be\u00d0\u00bd\u00d1\u0082\u00d0\u00b5 \u00d0\u009c\u00d0\u00b0\u00d0\u00bd\u00d1\u0083\u00d0\u00ba\u00d1\u008f\u00d0\u00bd",
      "timestamp": 1620549959
    },
    {
      "name": "Ando Aslanyan",
      "timestamp": 1620375382
    },
    {
      "name": "\u00d5\u008d\u00d5\u00a1\u00d5\u00b4\u00d5\u00be\u00d5\u00a5\u00d5\u00ac \u00d4\u00b1\u00d5\u00ac\u00d5\u00b9\u00d5\u00a1\u00d5\u00b6\u00d5\u00a3\u00d5\u00b5\u00d5\u00a1\u00d5\u00b6",
      "timestamp": 1620311801
    },
    {
      "name": "Ruben Avdoyan",
      "timestamp": 1620308597
    },
    {
      "name": "Karen Khachatryan",
      "timestamp": 1620282418
    },
    {
      "name": "Ashot Harutyunyan",
      "timestamp": 1620158039
    },
    {
      "name": "A-rMaN K-YaN",
      "timestamp": 1620156888
    },
    {
      "name": "\u00d4\u00b1\u00d6\u0080\u00d5\u00a1\u00d5\u00b4 \u00d5\u0080\u00d5\u00b8\u00d5\u00be\u00d5\u00b0\u00d5\u00a1\u00d5\u00b6\u00d5\u00b6\u00d5\u00ab\u00d5\u00bd\u00d5\u00b5\u00d5\u00a1\u00d5\u00b6",
      "timestamp": 1619900299
    },
    {
      "name": "\u00d5\u0080\u00d5\u00b8\u00d5\u00be\u00d5\u00b0\u00d5\u00a1\u00d5\u00b6\u00d5\u00b6\u00d5\u00a5\u00d5\u00bd \u00d5\u0084\u00d5\u00ad\u00d5\u00ab\u00d5\u00a9\u00d5\u00a1\u00d6\u0080\u00d5\u00b5\u00d5\u00a1\u00d5\u00b6",
      "timestamp": 1619874892
    },
    {
      "name": "Rustam Hayrapetyan",
      "timestamp": 1619864394
    },
    {
      "name": "Tsolak Varderesyan",
      "timestamp": 1619855973
    },
    {
      "name": "Basirul Haque Biddut",
      "timestamp": 1619820011
    },
    {
      "name": "Ramazan \u00c3\u0096zcelik",
      "timestamp": 1619816320
    },
    {
      "name": "Tik Harutyunyan",
      "timestamp": 1619698867
    },
    {
      "name": "Draf Buggu",
      "timestamp": 1619697200
    },
    {
      "name": "\u00d4\u00b1\u00d6\u0080\u00d5\u00a9\u00d5\u00b8\u00d6\u0082\u00d6\u0080 \u00d5\u0082\u00d5\u00a1\u00d5\u00b6\u00d5\u00a4\u00d5\u00ab\u00d5\u00ac\u00d5\u00b5\u00d5\u00a1\u00d5\u00b6",
      "timestamp": 1619693679
    },
    {
      "name": "Kadir Karada\u00c4\u009f",
      "timestamp": 1619667619
    },
    {
      "name": "Edik Edik",
      "timestamp": 1619650818
    },
    {
      "name": "Harut Avetisyan",
      "timestamp": 1619650484
    },
    {
      "name": "\u00d5\u008c\u00d5\u00b8\u00d5\u00b4\u00d5\u00a1\u00d5\u00b6 \u00d5\u0084\u00d5\u00a5\u00d5\u00ac\u00d5\u00ab\u00d6\u0084\u00d5\u00b5\u00d5\u00a1\u00d5\u00b6",
      "timestamp": 1619631000
    },
    {
      "name": "Taron Gevorgyan",
      "timestamp": 1619607451
    },
    {
      "name": "Vazgen Tadevosyan",
      "timestamp": 1619532396
    },
    {
      "name": "Mher Arakelyan",
      "timestamp": 1619446625
    },
    {
      "name": "Arsen Grigoryan",
      "timestamp": 1619277985
    },
    {
      "name": "\u00d5\u0080\u00d5\u00a1\u00d5\u00af\u00d5\u00b8\u00d5\u00a2 \u00d5\u0080\u00d5\u00a1\u00d5\u00af\u00d5\u00b8\u00d5\u00a2\u00d5\u00b5\u00d5\u00a1\u00d5\u00b6",
      "timestamp": 1619162560
    },
    {
      "name": "Manuk Simonyan",
      "timestamp": 1619120935
    },
    {
      "name": "Mkoyan Narek",
      "timestamp": 1619075575
    },
    {
      "name": "Sago Avagyan",
      "timestamp": 1619028298
    },
    {
      "name": "Hayk Saghumyan",
      "timestamp": 1618936645
    },
    {
      "name": "Har Ut",
      "timestamp": 1618902896
    },
    {
      "name": "Mher Martoyan",
      "timestamp": 1618862916
    },
    {
      "name": "David  Abrahamyan",
      "timestamp": 1618856482
    },
    {
      "name": "Gevorg Armenakyan",
      "timestamp": 1618524468
    },
    {
      "name": "\u00d4\u00b4\u00d5\u00a1\u00d5\u00be\u00d5\u00ab\u00d5\u00a9 \u00d4\u00b4\u00d5\u00a1\u00d5\u00be\u00d5\u00ab\u00d5\u00a9",
      "timestamp": 1618505448
    },
    {
      "name": "Vigen Arustamyan",
      "timestamp": 1618205733
    },
    {
      "name": "Gexam Sahakyan",
      "timestamp": 1618143718
    },
    {
      "name": "Ana Noo",
      "timestamp": 1618098348
    },
    {
      "name": "Saq Manukyan",
      "timestamp": 1617977190
    },
    {
      "name": "Gor Mkrtchyan",
      "timestamp": 1617950677
    },
    {
      "name": "Aram Saghatelyan",
      "timestamp": 1617907454
    },
    {
      "name": "Garik Vardanyan",
      "timestamp": 1617873472
    },
    {
      "name": "\u00d0\u009c\u00d0\u00b8\u00d1\u0081\u00d0\u00b0\u00d0\u00ba \u00d0\u0090\u00d0\u00b9\u00d1\u0082\u00d0\u00be\u00d1\u008f\u00d0\u00bd",
      "timestamp": 1617354169
    },
    {
      "name": "\u00d5\u0094\u00d5\u00b8 \u00d4\u00be\u00d5\u00b6\u00d5\u00b8\u00d6\u0082\u00d5\u00b6\u00d5\u00a4\u00d5\u00a8",
      "timestamp": 1617118305
    },
    {
      "name": "Davit",
      "timestamp": 1617097558
    },
    {
      "name": "\u00d0\u0090\u00d1\u0080\u00d1\u0082\u00d0\u00b0\u00d0\u00ba \u00d0\u0090\u00d1\u0085\u00d1\u0083\u00d0\u00bd\u00d1\u0086",
      "timestamp": 1616701856
    },
    {
      "name": "Vahan Simonyan",
      "timestamp": 1616580990
    },
    {
      "name": "\u00d4\u00b1' \u00d5\u00b5\u00d5\u00a1\u00d5\u00b6",
      "timestamp": 1615582096
    },
    {
      "name": "Arman Vardanyan",
      "timestamp": 1615545218
    },
    {
      "name": "Hak Hakobyan",
      "timestamp": 1615479876
    },
    {
      "name": "Levon Bilyan",
      "timestamp": 1614724130
    },
    {
      "name": "Sandfordu Elmira",
      "timestamp": 1614393038
    },
    {
      "name": "Karen Mkrtchyan",
      "timestamp": 1612037753
    },
    {
      "name": "Emotic Ngo",
      "timestamp": 1609668474
    },
    {
      "name": "Mery Cherry",
      "timestamp": 1607292406
    },
    {
      "name": "\u00d4\u00b5\u00d6\u0080\u00d5\u00be\u00d5\u00a1\u00d5\u00b6\u00d5\u00a4 \u00d5\u0084\u00d5\u00a1\u00d5\u00b7\u00d5\u00ab\u00d5\u00b6\u00d5\u00b5\u00d5\u00a1\u00d5\u00b6",
      "timestamp": 1602621321
    },
    {
      "name": "Suren Baghmanyan",
      "timestamp": 1600018382
    },
    {
      "name": "Gor Zohrabyan",
      "timestamp": 1599737374
    },
    {
      "name": "Gor Zohrabyan",
      "timestamp": 1599593919
    },
    {
      "name": "Michu Toljan",
      "timestamp": 1599424383
    },
    {
      "name": "Sirun Sirun",
      "timestamp": 1599055161
    },
    {
      "name": "Vahe Pashikyan",
      "timestamp": 1598652715
    },
    {
      "name": "An Petrossian",
      "timestamp": 1598539181
    },
    {
      "name": "Narek Babayan",
      "timestamp": 1598277840
    },
    {
      "name": "Grigoryan Davit",
      "timestamp": 1598213787
    },
    {
      "name": "Arsen Hovhannisyan",
      "timestamp": 1598212169
    },
    {
      "name": "Nver Gasparyan",
      "timestamp": 1598199675
    },
    {
      "name": "Gaspar Baghramyan",
      "timestamp": 1598195597
    },
    {
      "name": "Ringss S Jewellery",
      "timestamp": 1597732575
    },
    {
      "name": "Hayk  Sargsyan",
      "timestamp": 1597378216
    },
    {
      "name": "Azat Ayvazyan",
      "timestamp": 1597353689
    },
    {
      "name": "Hakob Harutyunyan",
      "timestamp": 1597340432
    },
    {
      "name": "Jora Inesafh",
      "timestamp": 1597294433
    },
    {
      "name": "Paylak Mrgeyan",
      "timestamp": 1597227544
    },
    {
      "name": "\u00d4\u00b1\u00d5\u0086- \u00d5\u00bd\u00d5\u00a1\u00d5\u00b0\u00d5\u00b4\u00d5\u00a1\u00d5\u00b6",
      "timestamp": 1596961387
    },
    {
      "name": "Ashot Babakehyan",
      "timestamp": 1596538607
    },
    {
      "name": "Ruzanna  NG",
      "timestamp": 1596361122
    },
    {
      "name": "\u00d4\u00b1\u00d6\u0080\u00d5\u00a9 \u00d4\u00be\u00d5\u00a1\u00d5\u00bc\u00d5\u00b8\u00d6\u0082\u00d5\u00af\u00d5\u00b5\u00d5\u00a1\u00d5\u00b6",
      "timestamp": 1596308083
    },
    {
      "name": "Baghdasaryans Prod",
      "timestamp": 1593499052
    },
    {
      "name": "Hay Herosner",
      "timestamp": 1575754191
    },
    {
      "name": "\u00d4\u00b1\u00d6\u0080\u00d5\u00a1\u00d5\u00b4 \u00d5\u0082\u00d5\u00b8\u00d6\u0082\u00d5\u00b4\u00d5\u00a1\u00d5\u00b7\u00d5\u00b5\u00d5\u00a1\u00d5\u00b6",
      "timestamp": 1557853696
    },
    {
      "name": "Karine Hayrapetyan",
      "timestamp": 1541850854
    },
    {
      "name": "Lilit Movsesyan",
      "timestamp": 1539435700
    },
    {
      "name": "Sev Hovaz Akumb",
      "timestamp": 1538289435
    },
    {
      "name": "Eduard Nikolovich Harutyunyan",
      "timestamp": 1536138500
    },
    {
      "name": "Oksuz Kevin",
      "timestamp": 1534879327
    },
    {
      "name": "Ham A Yan Alaverdyan",
      "timestamp": 1534279729
    },
    {
      "name": "Nver Arakelyan",
      "timestamp": 1533252140
    },
    {
      "name": "Mimof Mimof",
      "timestamp": 1524850516
    },
    {
      "name": "\u00d5\u0080\u00d5\u00a1\u00d5\u00b4\u00d5\u00a1\u00d5\u00af\u00d5\u00a1\u00d6\u0080\u00d5\u00a3\u00d5\u00b9\u00d5\u00a1\u00d5\u00ab\u00d5\u00b6 \u00d4\u00be\u00d6\u0080\u00d5\u00a1\u00d5\u00a3\u00d6\u0080\u00d5\u00a1\u00d5\u00be\u00d5\u00b8\u00d6\u0080\u00d5\u00b8\u00d6\u0082\u00d5\u00b4",
      "timestamp": 1519492487
    },
    {
      "name": "HAyastan HAyastan",
      "timestamp": 1516995966
    },
    {
      "name": "Arcatya Zarder Charencavanum",
      "timestamp": 1510172001
    },
    {
      "name": "Resin Art",
      "timestamp": 1504873146
    },
    {
      "name": "Rafael Opian",
      "timestamp": 1493907565
    },
    {
      "name": "Georgina Fickes",
      "timestamp": 1490412408
    },
    {
      "name": "\u00d5\u008b\u00d5\u00b2\u00d5\u00a1\u00d5\u00b5\u00d5\u00b6 \u00d5\u0081\u00d5\u00b5\u00d5\u00a1\u00d5\u00b1",
      "timestamp": 1490040963
    },
    {
      "name": "\u00d0\u0092\u00d0\u00b0\u00d0\u00bb\u00d0\u00b5\u00d1\u0080\u00d0\u00b8\u00d1\u008f \u00d0\u009a\u00d0\u00b0\u00d0\u00b7\u00d0\u00b0\u00d0\u00bd\u00d1\u0086\u00d0\u00b5\u00d0\u00b2\u00d0\u00b0",
      "timestamp": 1489131583
    },
    {
      "name": "Mersum Axcikneri Hamar",
      "timestamp": 1488732514
    },
    {
      "name": "Patverov Tevnocner",
      "timestamp": 1487615146
    }
  ]
}