{
  "rejected_requests_v2": [
    {
      "name": "Dexter Denn Jarloc",
      "timestamp": 1661445217
    },
    {
      "name": "Vahan Sargsyan",
      "timestamp": 1646984903
    },
    {
      "name": "Sinem Aydin",
      "timestamp": 1630135050
    },
    {
      "name": "Gevorg Yan",
      "timestamp": 1651040997
    },
    {
      "name": "Rubo Harytunyan",
      "timestamp": 1619817198
    },
    {
      "name": "Narek Gharibyan",
      "timestamp": 1654008184
    },
    {
      "name": "\u00d4\u00b7\u00d5\u00a4 \u00d5\u0084\u00d5\u00a5\u00d5\u00ac\u00d5\u00ab\u00d6\u0084\u00d5\u00b5\u00d5\u00a1\u00d5\u00b6",
      "timestamp": 1643365129
    },
    {
      "name": "Tatev Grigoryan",
      "timestamp": 1642140193
    },
    {
      "name": "Ugur Ayranci",
      "timestamp": 1622279435
    },
    {
      "name": "\u00d5\u008e\u00d5\u00a1\u00d5\u00b0\u00d5\u00a5 \u00d5\u0080\u00d5\u00b8\u00d5\u00be\u00d5\u00b0\u00d5\u00a1\u00d5\u00b6\u00d5\u00b6\u00d5\u00ab\u00d5\u00bd\u00d5\u00b5\u00d5\u00a1\u00d5\u00b6",
      "timestamp": 1601298577
    },
    {
      "name": "Nelli Danielyan",
      "timestamp": 1505140125
    },
    {
      "name": "Ira Afyan",
      "timestamp": 1501916005
    },
    {
      "name": "Kyokushin Karate",
      "timestamp": 1487338602
    },
    {
      "name": "Jo\u00c3\u00a3o Guilherme \u00c3\u0081vila Opicial",
      "timestamp": 1487080582
    },
    {
      "name": "Hayk Khachikyan",
      "timestamp": 1486122683
    },
    {
      "name": "\u00d0\u00a1\u00d0\u00bb\u00d0\u00b0\u00d0\u00b4\u00d0\u00ba\u00d0\u00b8\u00d0\u00b9 \u00d0\u00a1\u00d0\u00be\u00d0\u00bd",
      "timestamp": 1485985757
    },
    {
      "name": "Arcatya Zarder",
      "timestamp": 1484564234
    },
    {
      "name": "\u00d0\u00a0\u00d0\u00be\u00d1\u0081\u00d0\u00b8 \u00d0\u00a0\u00d0\u00be\u00d1\u0081\u00d0\u00b8",
      "timestamp": 1473895947
    },
    {
      "name": "Uti D Dasaran",
      "timestamp": 1482658054
    },
    {
      "name": "A.H. Violets",
      "timestamp": 1479745213
    },
    {
      "name": "Mary Vardanyan",
      "timestamp": 1479682536
    },
    {
      "name": "Hayk Navoyan",
      "timestamp": 1479130518
    },
    {
      "name": "\u00d5\u00af\u00d5\u00a1\u00d5\u00b0\u00d5\u00b8\u00d6\u0082\u00d5\u00b5\u00d6\u0084\u00d5\u00ab \u00d5\u00ba\u00d5\u00a1\u00d5\u00bf\u00d5\u00be\u00d5\u00a5\u00d6\u0080\u00d5\u00b6\u00d5\u00a5\u00d6\u0080",
      "timestamp": 1478895149
    },
    {
      "name": "Levony Corp",
      "timestamp": 1459484690
    },
    {
      "name": "\u00d0\u0093\u00d0\u00b0\u00d1\u008f\u00d0\u00bd\u00d0\u00b5 \u00d0\u009f\u00d0\u00be\u00d0\u00b3\u00d0\u00be\u00d1\u0081\u00d1\u008f\u00d0\u00bd",
      "timestamp": 1456547893
    },
    {
      "name": "Suren Mirzoyan",
      "timestamp": 1456338636
    },
    {
      "name": "Ida Ichmilyan",
      "timestamp": 1453033753
    },
    {
      "name": "Serik Avagyan",
      "timestamp": 1448630967
    },
    {
      "name": "Enoq  Kazaryan",
      "timestamp": 1426078806
    },
    {
      "name": "Nane Sargsyan",
      "timestamp": 1405321584
    },
    {
      "name": "Ruben Sargsyan",
      "timestamp": 1407949205,
      "marked_as_spam": true
    }
  ]
}