{
  "deleted_friends_v2": [
    {
      "name": "\u00d4\u00b1\u00d6\u0080\u00d5\u00b4\u00d5\u00a1\u00d5\u00b6 \u00d5\u008d\u00d5\u00a1\u00d6\u0080\u00d5\u00a3\u00d5\u00bd\u00d5\u00b5\u00d5\u00a1\u00d5\u00b6",
      "timestamp": 1695214400
    },
    {
      "name": "Mesia Yan",
      "timestamp": 1686955956
    },
    {
      "name": "\u00d4\u00b1\u00d5\u00be\u00d5\u00a1\u00d5\u00a3\u00d5\u00b5\u00d5\u00a1\u00d5\u00b6 \u00d4\u00b1\u00d5\u00ac\u00d5\u00ab\u00d5\u00b6\u00d5\u00a1",
      "timestamp": 1683301819
    },
    {
      "name": "Gev Stepanyan",
      "timestamp": 1674939471
    },
    {
      "name": "Seryozha E. Davtyan",
      "timestamp": 1673277978
    },
    {
      "name": "Raf Minasyan",
      "timestamp": 1671461220
    },
    {
      "name": "Marharyta Savitskaya",
      "timestamp": 1663100124
    },
    {
      "name": "Diyadin Altuntop",
      "timestamp": 1632688870
    },
    {
      "name": "Harout Mirzakhanian",
      "timestamp": 1631195195
    },
    {
      "name": "David Gevorgian",
      "timestamp": 1616766247
    },
    {
      "name": "Halo Marques",
      "timestamp": 1612522177
    },
    {
      "name": "Ashot Harutnuyunyan",
      "timestamp": 1612455822
    },
    {
      "name": "Antor Ahmed",
      "timestamp": 1611784186
    },
    {
      "name": "Vahe Mahshikian",
      "timestamp": 1611778861
    },
    {
      "name": "Zina Arustamyan",
      "timestamp": 1608559173
    },
    {
      "name": "Mushex Mashinyan",
      "timestamp": 1605378271
    },
    {
      "name": "Gevorg Khachatryan",
      "timestamp": 1605022325
    },
    {
      "name": "Edo N-yan",
      "timestamp": 1605018728
    },
    {
      "name": "\u00d5\u008b\u00d5\u00ab\u00d5\u00be\u00d5\u00a1\u00d5\u00b6 \u00d4\u00b1\u00d5\u00a2\u00d6\u0080\u00d5\u00a1\u00d5\u00b0\u00d5\u00a1\u00d5\u00b4\u00d5\u00b5\u00d5\u00a1\u00d5\u00b6",
      "timestamp": 1605013485
    },
    {
      "name": "\u00d5\u008e\u00d6\u0080\u00d5\u00a5\u00d5\u00aa \u00d5\u0080\u00d5\u00a1\u00d5\u00af\u00d5\u00b8\u00d5\u00a2\u00d5\u00b5\u00d5\u00a1\u00d5\u00b6",
      "timestamp": 1586994520
    },
    {
      "name": "Anna Tataryan",
      "timestamp": 1576806836
    },
    {
      "name": "Ashot Stepanyan",
      "timestamp": 1570564030
    },
    {
      "name": "\u00d5\u0084\u00d5\u00a5\u00d6\u0080\u00d5\u00ab \u00d4\u00b9\u00d5\u00b8\u00d6\u0082\u00d5\u00b4\u00d5\u00b8\u00d5\u00b5\u00d5\u00a1\u00d5\u00b6",
      "timestamp": 1563050492
    },
    {
      "name": "Artur Kirakosyan",
      "timestamp": 1563050038
    },
    {
      "name": "Flora Garibyan",
      "timestamp": 1551975259
    },
    {
      "name": "Inn Azizyan",
      "timestamp": 1542467235
    },
    {
      "name": "Tarosikner Sunny",
      "timestamp": 1532979823
    },
    {
      "name": "Anna Aghbalyan",
      "timestamp": 1532535028
    },
    {
      "name": "Gayane Aghbalyan",
      "timestamp": 1532535004
    },
    {
      "name": "Hamo Grigoryan",
      "timestamp": 1527798931
    },
    {
      "name": "Hakobyan Lilit",
      "timestamp": 1527703488
    },
    {
      "name": "\u00d4\u00b1\u00d5\u00b5\u00d5\u00a1 \u00d5\u0084\u00d5\u00a5\u00d5\u00ac\u00d5\u00a1\u00d5\u00b6\u00d5\u00ab \u00d5\u0084\u00d5\u00a1\u00d5\u00b6\u00d5\u00b8\u00d6\u0082\u00d5\u00af\u00d5\u00b5\u00d5\u00a1\u00d5\u00b6",
      "timestamp": 1527703465
    },
    {
      "name": "Zoya Gevorgyan",
      "timestamp": 1527703456
    },
    {
      "name": "Shushanik Baghdasaryan",
      "timestamp": 1526595613
    },
    {
      "name": "\u00d5\u0086\u00d5\u00a1\u00d5\u00b6\u00d5\u00a5 \u00d4\u00b1\u00d5\u00be\u00d5\u00a1\u00d5\u00b6\u00d5\u00a5\u00d5\u00bd\u00d5\u00b5\u00d5\u00a1\u00d5\u00b6",
      "timestamp": 1526414274
    },
    {
      "name": "Alex Mikaelyan",
      "timestamp": 1525279298
    },
    {
      "name": "\u00d4\u00b1\u00d5\u00af\u00d5\u00bd\u00d5\u00a5\u00d5\u00bd\u00d5\u00b8\u00d6\u0082\u00d5\u00a1\u00d5\u00bc\u00d5\u00b6\u00d5\u00a5\u00d6\u0080 \u00d4\u00b4\u00d5\u00a1\u00d5\u008e\u00d5\u00a1\u00d6\u0080",
      "timestamp": 1524345342
    },
    {
      "name": "Tiko Shahgaldyan",
      "timestamp": 1523647297
    },
    {
      "name": "Gr\u00c3\u00a9ta Avagy\u00c3\u00a0n",
      "timestamp": 1520715523
    },
    {
      "name": "\u00d5\u0084\u00d5\u00a1\u00d5\u00bf\u00d5\u00ab\u00d5\u00b6\u00d5\u00b5\u00d5\u00a1\u00d5\u00b6 \u00d4\u00bc\u00d5\u00ab\u00d5\u00ac\u00d5\u00ab\u00d5\u00a9",
      "timestamp": 1520627732
    },
    {
      "name": "Tatev Darbinyan",
      "timestamp": 1520627725
    },
    {
      "name": "Lyudmila Galstyan",
      "timestamp": 1520627719
    },
    {
      "name": "\u00d4\u00b7\u00d5\u00b4\u00d5\u00ab\u00d5\u00b6 \u00d5\u0084\u00d5\u00a1\u00d5\u00b4\u00d5\u00a2\u00d6\u0080\u00d5\u00a5\u00d5\u00b5\u00d5\u00a1\u00d5\u00b6",
      "timestamp": 1520627715
    },
    {
      "name": "Lianna Hakobyan",
      "timestamp": 1520627704
    },
    {
      "name": "Hamlet Sargsyan",
      "timestamp": 1520627700
    },
    {
      "name": "Anahit Hayrapetyan",
      "timestamp": 1520627696
    },
    {
      "name": "Hamdy Fawzy",
      "timestamp": 1520627694
    },
    {
      "name": "Arsine Hakobyan",
      "timestamp": 1520627688
    },
    {
      "name": "Edmon Khachatryan",
      "timestamp": 1520627686
    },
    {
      "name": "Lilit Galstyan",
      "timestamp": 1520627681
    },
    {
      "name": "Ahmed Khoga",
      "timestamp": 1520627672
    },
    {
      "name": "Lilit Poghosyan",
      "timestamp": 1520627667
    },
    {
      "name": "Okka MaJars",
      "timestamp": 1520627661
    },
    {
      "name": "Jora Qartashyan",
      "timestamp": 1520627658
    },
    {
      "name": "Gloria Sirekanyan",
      "timestamp": 1520627655
    },
    {
      "name": "Inna  Harutyunyan",
      "timestamp": 1520627653
    },
    {
      "name": "Anush Akopyan",
      "timestamp": 1520627652
    },
    {
      "name": "Marine Khachatryan",
      "timestamp": 1520627649
    },
    {
      "name": "Mane  Hovsepyan",
      "timestamp": 1520627642
    },
    {
      "name": "Gor S-yan",
      "timestamp": 1520627637
    },
    {
      "name": "Hayk Avdalyan",
      "timestamp": 1520627633
    },
    {
      "name": "Armen Arustamyan",
      "timestamp": 1520627626
    },
    {
      "name": "Aren Arustamyan",
      "timestamp": 1520627624
    },
    {
      "name": "Luiza Matevosyan",
      "timestamp": 1520627574
    },
    {
      "name": "Aghvan Papyan",
      "timestamp": 1520627434
    },
    {
      "name": "Harut Musayelyan",
      "timestamp": 1520627430
    },
    {
      "name": "Alina Hambardzumyan",
      "timestamp": 1520627426
    },
    {
      "name": "Lara Prazyan",
      "timestamp": 1520627424
    },
    {
      "name": "Ekaterina Andreeva",
      "timestamp": 1520627422
    },
    {
      "name": "Sur Grigoryan",
      "timestamp": 1520627419
    },
    {
      "name": "Ashot Harutyunyan",
      "timestamp": 1520627418
    },
    {
      "name": "\u00d4\u00b7\u00d5\u00ac\u00d5\u00a5\u00d5\u00b6 \u00d4\u00b9\u00d5\u00a1\u00d5\u00b4\u00d5\u00a1\u00d5\u00a6\u00d5\u00b5\u00d5\u00a1\u00d5\u00b6",
      "timestamp": 1520627414
    },
    {
      "name": "Dorin Sarkesian",
      "timestamp": 1520627412
    },
    {
      "name": "Susanna Galstyan",
      "timestamp": 1520627409
    },
    {
      "name": "Natali Barseghyan",
      "timestamp": 1520627407
    },
    {
      "name": "David Manaseryan",
      "timestamp": 1520627314
    },
    {
      "name": "Alisa Rusanna Aslanyan Saakyan",
      "timestamp": 1520627312
    },
    {
      "name": "Seda Ananyan",
      "timestamp": 1520627310
    },
    {
      "name": "Suren Grigoryan",
      "timestamp": 1520627307
    },
    {
      "name": "Narek Hambarcumyan",
      "timestamp": 1520627304
    },
    {
      "name": "Vera Bareghamyan",
      "timestamp": 1520627302
    },
    {
      "name": "Erik Erik",
      "timestamp": 1520627300
    },
    {
      "name": "Gev Nazluxanyan",
      "timestamp": 1520627298
    },
    {
      "name": "Seda Grigoryan",
      "timestamp": 1520627296
    },
    {
      "name": "Seda Davtyan",
      "timestamp": 1520627289
    },
    {
      "name": "Mane Xazaryan",
      "timestamp": 1520627282
    },
    {
      "name": "Nelli Mich",
      "timestamp": 1520627278
    },
    {
      "name": "Gevorg Amirxanyan",
      "timestamp": 1520627271
    },
    {
      "name": "Tato Margaryan",
      "timestamp": 1520627269
    },
    {
      "name": "Alina Kirakosyan",
      "timestamp": 1520627267
    },
    {
      "name": "Hasmik Azizbekyan",
      "timestamp": 1520627265
    },
    {
      "name": "Shush Chakhoyan",
      "timestamp": 1520627256
    },
    {
      "name": "Amali A-yan",
      "timestamp": 1520627254
    },
    {
      "name": "Davo Narek",
      "timestamp": 1520627251
    },
    {
      "name": "Mary Alumyan",
      "timestamp": 1520627246
    },
    {
      "name": "\u00d5\u0080\u00d6\u0080\u00d5\u00a1\u00d5\u00b5\u00d6\u0080 \u00d4\u00b7-\u00d5\u00b5\u00d5\u00a1\u00d5\u00b6",
      "timestamp": 1520627243
    },
    {
      "name": "Hasmik Manaseryan",
      "timestamp": 1520627240
    },
    {
      "name": "Tatev Matinyan",
      "timestamp": 1520627238
    },
    {
      "name": "Hovhannes Malkhasyan",
      "timestamp": 1520627236
    },
    {
      "name": "Areg Yakovlev",
      "timestamp": 1520627231
    },
    {
      "name": "Elen  Babakhanyan",
      "timestamp": 1520627228
    },
    {
      "name": "\u00d0\u0098\u00d1\u0080\u00d0\u00b8\u00d0\u00bd\u00d0\u00b0 \u00d0\u0093\u00d0\u00b5\u00d0\u00b2\u00d0\u00be\u00d1\u0080\u00d0\u00ba\u00d1\u008f\u00d0\u00bd",
      "timestamp": 1520627219
    },
    {
      "name": "Tatevik Margaryan",
      "timestamp": 1520627216
    },
    {
      "name": "\u00d0\u009c\u00d0\u00b0\u00d1\u0080\u00d0\u00b8\u00d0\u00b0\u00d0\u00bc \u00d0\u0090\u00d0\u00b3\u00d0\u00b0\u00d0\u00b4\u00d0\u00b6\u00d0\u00b0\u00d0\u00bd\u00d1\u008f\u00d0\u00bd",
      "timestamp": 1520627165
    },
    {
      "name": "Hayk Aghajanyan",
      "timestamp": 1520627162
    },
    {
      "name": "Lian Sargsyan",
      "timestamp": 1520627159
    },
    {
      "name": "Lusine Amirjanyan",
      "timestamp": 1520627156
    },
    {
      "name": "Yoj M-yan",
      "timestamp": 1520627150
    },
    {
      "name": "Raffi Momjyan",
      "timestamp": 1520627148
    },
    {
      "name": "Yaka Safaryan",
      "timestamp": 1520627134
    },
    {
      "name": "Karen  Miqayelyan",
      "timestamp": 1520627130
    },
    {
      "name": "Syuzi Syuzi",
      "timestamp": 1520627124
    },
    {
      "name": "Lusine  Avetisyan",
      "timestamp": 1520627120
    },
    {
      "name": "Vahan Ghazaryan",
      "timestamp": 1520627115
    },
    {
      "name": "Milena Milena",
      "timestamp": 1520627113
    },
    {
      "name": "Anushik Nikoghosyan",
      "timestamp": 1520627108
    },
    {
      "name": "Monika Sargayan",
      "timestamp": 1520627106
    },
    {
      "name": "Mariam Petrosyan",
      "timestamp": 1520627102
    },
    {
      "name": "Arman Xachatryan",
      "timestamp": 1520627099
    },
    {
      "name": "Vosk Hambardzumyan",
      "timestamp": 1520627096
    },
    {
      "name": "Arpi Galstyan",
      "timestamp": 1520627086
    },
    {
      "name": "Yero Gevorgyan",
      "timestamp": 1520627084
    },
    {
      "name": "\u00d4\u00b1\u00d5\u00a3\u00d5\u00b6\u00d5\u00a5\u00d5\u00bd \u00d5\u0084\u00d5\u00b8\u00d6\u0082\u00d6\u0080\u00d5\u00a1\u00d5\u00a4\u00d5\u00b5\u00d5\u00a1\u00d5\u00b6",
      "timestamp": 1520627075
    },
    {
      "name": "Nel D-yan",
      "timestamp": 1520627073
    },
    {
      "name": "Ani Aghalovyan",
      "timestamp": 1520627070
    },
    {
      "name": "\u00d5\u0086\u00d5\u00a1\u00d5\u00b0\u00d5\u00a1\u00d5\u00ba\u00d5\u00a5\u00d5\u00bf \u00d4\u00bf\u00d5\u00a1\u00d6\u0080\u00d5\u00a1\u00d5\u00ba\u00d5\u00a5\u00d5\u00bf\u00d5\u00b5\u00d5\u00a1\u00d5\u00b6",
      "timestamp": 1520627059
    },
    {
      "name": "Marina Grigoryan",
      "timestamp": 1520627055
    },
    {
      "name": "\u00d4\u00b1\u00d5\u00b6\u00d5\u00a1\u00d5\u00b0\u00d5\u00ab\u00d5\u00bf \u00d4\u00b1\u00d5\u00be\u00d5\u00a1\u00d5\u00a3\u00d5\u00b5\u00d5\u00a1\u00d5\u00b6",
      "timestamp": 1520627052
    },
    {
      "name": "Mariam Gasparyan",
      "timestamp": 1520627044
    },
    {
      "name": "Samvel Vardanyan",
      "timestamp": 1520627037
    },
    {
      "name": "Hovo Hovakimyan",
      "timestamp": 1520627034
    },
    {
      "name": "Harut Hakobyan",
      "timestamp": 1520627029
    },
    {
      "name": "Angelina Aghababyan",
      "timestamp": 1520627027
    },
    {
      "name": "Anna Ba",
      "timestamp": 1520627023
    },
    {
      "name": "Arman Minasyan",
      "timestamp": 1520627018
    },
    {
      "name": "Nel Danielyan",
      "timestamp": 1520627016
    },
    {
      "name": "Vika Gabrielyan",
      "timestamp": 1520627013
    },
    {
      "name": "\u00d0\u0097\u00d0\u00b5\u00d0\u00bc\u00d1\u0084\u00d0\u00b8\u00d1\u0080\u00d0\u00b0 \u00d0\u0091\u00d0\u00b0\u00d1\u0080\u00d1\u0081\u00d0\u00b5\u00d0\u00b3\u00d1\u008f\u00d0\u00bd",
      "timestamp": 1520627006
    },
    {
      "name": "Ella Mikaelyan",
      "timestamp": 1520627001
    },
    {
      "name": "\u00d5\u0086\u00d5\u00a1\u00d6\u0080\u00d5\u00a7 \u00d4\u00b2\u00d5\u00a1\u00d5\u00b2\u00d5\u00a4\u00d5\u00a1\u00d5\u00bd\u00d5\u00a1\u00d6\u0080\u00d5\u00b5\u00d5\u00a1\u00d5\u00b6",
      "timestamp": 1520626997
    },
    {
      "name": "Narek Aghbalyan",
      "timestamp": 1520626995
    },
    {
      "name": "Anna Badalyan",
      "timestamp": 1520626991
    },
    {
      "name": "Erik Erik",
      "timestamp": 1520626988
    },
    {
      "name": "Har Zeynalyan",
      "timestamp": 1520626968
    },
    {
      "name": "Marine Avoyan",
      "timestamp": 1520626961
    },
    {
      "name": "Hayk Poghosyan",
      "timestamp": 1520626957
    },
    {
      "name": "Nane Sargsyan",
      "timestamp": 1520626952
    },
    {
      "name": "Sofia Abrahamyan",
      "timestamp": 1520626946
    },
    {
      "name": "Ani Aramyan",
      "timestamp": 1520626940
    },
    {
      "name": "Dadalyan Nane",
      "timestamp": 1520626933
    },
    {
      "name": "\u00d5\u0084\u00d5\u00ab\u00d5\u00b6\u00d5\u00a1 \u00d5\u0086\u00d5\u00a1\u00d5\u00a6\u00d5\u00a1\u00d6\u0080\u00d5\u00b5\u00d5\u00a1\u00d5\u00b6 ",
      "timestamp": 1520626931
    },
    {
      "name": "Minas  Avagyan",
      "timestamp": 1520626922
    },
    {
      "name": "Vahe Nersisyan",
      "timestamp": 1520626920
    },
    {
      "name": "Mariam Hakobyan",
      "timestamp": 1520626917
    },
    {
      "name": "Dav Safaryan",
      "timestamp": 1520626907
    },
    {
      "name": "\u00d5\u0084\u00d5\u00a5\u00d6\u0080\u00d5\u00ab \u00d5\u0086\u00d5\u00a1\u00d5\u00ac\u00d5\u00a2\u00d5\u00a1\u00d5\u00b6\u00d5\u00a4\u00d5\u00b5\u00d5\u00a1\u00d5\u00b6",
      "timestamp": 1520626899
    },
    {
      "name": "\u00d5\u008e\u00d5\u00ab\u00d5\u00af\u00d5\u00a1 \u00d5\u0080\u00d5\u00b8\u00d5\u00be\u00d5\u00b0\u00d5\u00a1\u00d5\u00b6\u00d5\u00b6\u00d5\u00ab\u00d5\u00bd\u00d5\u00b5\u00d5\u00a1\u00d5\u00b6",
      "timestamp": 1520626892
    },
    {
      "name": "Xacatryan Davit",
      "timestamp": 1520626890
    },
    {
      "name": "Seda Meymaryan",
      "timestamp": 1520626888
    },
    {
      "name": "Mar Hakobyan",
      "timestamp": 1520626884
    },
    {
      "name": "Svetlana Manukyan",
      "timestamp": 1520626877
    },
    {
      "name": "Nune Engibaryan",
      "timestamp": 1520626875
    },
    {
      "name": "Anna Vanyan",
      "timestamp": 1520626872
    },
    {
      "name": "Ed Ghazaryan",
      "timestamp": 1520626869
    },
    {
      "name": "Mariam Harutyunyan",
      "timestamp": 1520626865
    },
    {
      "name": "\u00d4\u00b1\u00d5\u00bd\u00d5\u00bf\u00d5\u00b2\u00d5\u00ab\u00d5\u00af \u00d5\u0086\u00d5\u00ab\u00d5\u00af\u00d5\u00b8\u00d5\u00b2\u00d5\u00b8\u00d5\u00bd\u00d5\u00b5\u00d5\u00a1\u00d5\u00b6",
      "timestamp": 1520626862
    },
    {
      "name": "Hayk Badalyan",
      "timestamp": 1520626858
    },
    {
      "name": "\u00d5\u0084\u00d5\u00ab\u00d5\u00ac\u00d5\u00a5\u00d5\u00b6\u00d5\u00a1 \u00d4\u00b9\u00d5\u00a1\u00d5\u00a4\u00d6\u0087\u00d5\u00b8\u00d5\u00bd\u00d5\u00b5\u00d5\u00a1\u00d5\u00b6",
      "timestamp": 1520626854
    },
    {
      "name": "Alvina Khachatryan",
      "timestamp": 1520626850
    },
    {
      "name": "\u00d0\u0090\u00d0\u00bb\u00d0\u00b8\u00d0\u00bd\u00d0\u00b0 \u00d0\u009a\u00d0\u00b8\u00d1\u0080\u00d0\u00b0\u00d0\u00ba\u00d0\u00be\u00d1\u0081\u00d1\u008f\u00d0\u00bd",
      "timestamp": 1520626848
    },
    {
      "name": "Elen Aghalovyan",
      "timestamp": 1520626846
    },
    {
      "name": "\u00d5\u008d\u00d5\u00b8\u00d5\u00b6\u00d5\u00a1 \u00d4\u00b1\u00d5\u00be\u00d5\u00a1\u00d5\u00a3\u00d5\u00b5\u00d5\u00a1\u00d5\u00b6",
      "timestamp": 1520626839
    },
    {
      "name": "Marine Bagdasaryan",
      "timestamp": 1520626836
    },
    {
      "name": "Arega Margaryan",
      "timestamp": 1520626823
    },
    {
      "name": "Ida Arustamyan",
      "timestamp": 1520626805
    },
    {
      "name": "Arman Alumyan",
      "timestamp": 1520626803
    },
    {
      "name": "\u00d5\u008e\u00d5\u00ab\u00d5\u00af\u00d5\u00bf\u00d5\u00b8\u00d6\u0080\u00d5\u00b5\u00d5\u00a1 \u00d4\u00b2\u00d5\u00a1\u00d5\u00b2\u00d5\u00a4\u00d5\u00a1\u00d5\u00bd\u00d5\u00a1\u00d6\u0080\u00d5\u00b5\u00d5\u00a1\u00d5\u00b6",
      "timestamp": 1520626796
    },
    {
      "name": "Bshsb Javsv",
      "timestamp": 1520626793
    },
    {
      "name": "Yesayan Nina",
      "timestamp": 1520626789
    },
    {
      "name": "Donara Teymurazyan",
      "timestamp": 1520626787
    },
    {
      "name": "Hayk Elbakyan",
      "timestamp": 1520626744
    },
    {
      "name": "Lucie Petrosyan",
      "timestamp": 1520626742
    },
    {
      "name": "Arm Gredit",
      "timestamp": 1520626737
    },
    {
      "name": "Hayk Petrosyan",
      "timestamp": 1520626734
    },
    {
      "name": "Armen Hakobyan",
      "timestamp": 1520626731
    },
    {
      "name": "Edgar Mihranyan",
      "timestamp": 1520626725
    },
    {
      "name": "\u00d5\u0086\u00d5\u00a1\u00d6\u0080\u00d5\u00a5 \u00d4\u00bb\u00d5\u00bd\u00d5\u00ba\u00d5\u00ab\u00d6\u0080\u00d5\u00b5\u00d5\u00a1\u00d5\u00b6",
      "timestamp": 1520626718
    },
    {
      "name": "Elina Mantashyan",
      "timestamp": 1520626709
    },
    {
      "name": "Davo Nalbandyan",
      "timestamp": 1520626700
    },
    {
      "name": "\u00d5\u008b\u00d5\u00b8\u00d6\u0082\u00d5\u00ac\u00d5\u00ab \u00d4\u00b3\u00d6\u0087\u00d5\u00b8\u00d6\u0080\u00d5\u00af\u00d5\u00b5\u00d5\u00a1\u00d5\u00b6",
      "timestamp": 1520626695
    },
    {
      "name": "\u00d4\u00b6\u00d5\u00a1\u00d6\u0080\u00d5\u00b8\u00d6\u0082\u00d5\u00b0\u00d5\u00ab \u00d5\u0084\u00d5\u00a1\u00d5\u00b6\u00d5\u00b8\u00d6\u0082\u00d5\u00af\u00d5\u00b5\u00d5\u00a1\u00d5\u00b6",
      "timestamp": 1520626686
    },
    {
      "name": "Abul Hakobyan",
      "timestamp": 1520626683
    },
    {
      "name": "Lian Sargsyan",
      "timestamp": 1520626667
    },
    {
      "name": "Nelly Gabrielyan",
      "timestamp": 1520626624
    },
    {
      "name": "Vahan Torosyan",
      "timestamp": 1520626621
    },
    {
      "name": "Anna Badalyan",
      "timestamp": 1520626618
    },
    {
      "name": "Sirun Davtyan",
      "timestamp": 1520626615
    },
    {
      "name": "Sergo Poghosyan",
      "timestamp": 1520626607
    },
    {
      "name": "\u00d4\u00b1\u00d5\u00b6\u00d5\u00b6\u00d5\u00a1 \u00d5\u008a\u00d5\u00a5\u00d5\u00bf\u00d6\u0080\u00d5\u00b8\u00d5\u00bd\u00d5\u00b5\u00d5\u00a1\u00d5\u00b6",
      "timestamp": 1520626604
    },
    {
      "name": "David Adamyan",
      "timestamp": 1520626598
    },
    {
      "name": "Yeva Davtyan",
      "timestamp": 1520626585
    },
    {
      "name": "Arsen Alumyan",
      "timestamp": 1520626572
    },
    {
      "name": "Erik Malumyan",
      "timestamp": 1520626564
    },
    {
      "name": "Meri Kirakosyan",
      "timestamp": 1520626562
    },
    {
      "name": "Hayk Mkrtchyan",
      "timestamp": 1513577809
    },
    {
      "name": "\u00d4\u00b1. \u00d4\u00b1.",
      "timestamp": 1501533702
    },
    {
      "name": "\u00d4\u00b1\u00d5\u00ac\u00d5\u00ab\u00d5\u00b6\u00d5\u00a1 \u00d4\u00b5\u00d5\u00a4\u00d5\u00ab\u00d5\u00a3\u00d5\u00a1\u00d6\u0080\u00d5\u00b5\u00d5\u00a1\u00d5\u00b6",
      "timestamp": 1501533676
    },
    {
      "name": "\u00d4\u00b2\u00d5\u00ab\u00d5\u00a6\u00d5\u00b6\u00d5\u00a5\u00d5\u00bd \u00d5\u0084\u00d5\u00bf\u00d5\u00a1\u00d5\u00ae\u00d5\u00a5\u00d5\u00ac\u00d5\u00a1\u00d5\u00af\u00d5\u00a5\u00d6\u0080\u00d5\u00ba",
      "timestamp": 1500065439
    },
    {
      "name": "Gayane Arutyunyan",
      "timestamp": 1495908717
    },
    {
      "name": "Sargis Hakobyan",
      "timestamp": 1495908685
    },
    {
      "name": "Gohar Guloyan",
      "timestamp": 1495908543
    },
    {
      "name": "Cyprien Viet",
      "timestamp": 1495908509
    },
    {
      "name": "Tigran Sargsyan",
      "timestamp": 1495908465
    },
    {
      "name": "\u00d0\u00a0\u00d0\u00be\u00d1\u0081\u00d0\u00b8 \u00d0\u00a0\u00d0\u00be\u00d1\u0081\u00d0\u00b8",
      "timestamp": 1495908450
    },
    {
      "name": "Levon Ghazaryan",
      "timestamp": 1495908443
    },
    {
      "name": "Hayk Navoyan",
      "timestamp": 1489320275
    },
    {
      "name": "Elena K-yan",
      "timestamp": 1486226666
    },
    {
      "name": "Inni G Dasaran",
      "timestamp": 1485112201
    },
    {
      "name": "Rubo  Begoyan",
      "timestamp": 1482308740
    },
    {
      "name": "Artak Hakobyan",
      "timestamp": 1482308722
    },
    {
      "name": "Levon Vardanyan",
      "timestamp": 1481403761
    },
    {
      "name": "Levon Aghayan",
      "timestamp": 1481403752
    },
    {
      "name": "Artak Hakobyan",
      "timestamp": 1481403728
    },
    {
      "name": "Vigen Safaryan",
      "timestamp": 1481403673
    },
    {
      "name": "Styop Navoyan",
      "timestamp": 1481403599
    },
    {
      "name": "Van Berberyan",
      "timestamp": 1481403088
    },
    {
      "name": "Hayk Khachikyan",
      "timestamp": 1481373775
    },
    {
      "name": "Gor Simonyan",
      "timestamp": 1481135303
    },
    {
      "name": "Arsen Udumyan",
      "timestamp": 1480884887
    },
    {
      "name": "Hovo D-Yan",
      "timestamp": 1480884779
    },
    {
      "name": "Hovhannes Nazluxanyan",
      "timestamp": 1480884751
    },
    {
      "name": "Fcbarcelona Karapetyan",
      "timestamp": 1480884084
    },
    {
      "name": "Ishxan Gevorgyan",
      "timestamp": 1480784177
    },
    {
      "name": "Vazgen A-yan",
      "timestamp": 1480683552
    },
    {
      "name": "Vova  Khachatryan",
      "timestamp": 1480430311
    },
    {
      "name": "Hayk Julhakyan",
      "timestamp": 1480230803
    },
    {
      "name": "Ruzik Torosyan",
      "timestamp": 1471500704
    },
    {
      "name": "Narek Gasparyan",
      "timestamp": 1465651366
    },
    {
      "name": "Sona Mughdusyan",
      "timestamp": 1463165012
    },
    {
      "name": "Meline Tadevosyan",
      "timestamp": 1462606729
    },
    {
      "name": "\u00d0\u0094\u00d0\u00b8\u00d0\u00b0\u00d0\u00bd\u00d0\u00b0 \u00d0\u0090\u00d0\u00b2\u00d0\u00b0\u00d0\u00ba\u00d1\u008f\u00d0\u00bd",
      "timestamp": 1460395416
    },
    {
      "name": "Nat T-yan",
      "timestamp": 1456245726
    },
    {
      "name": "\u00d0\u0097\u00d0\u00b0\u00d1\u0080\u00d1\u0083\u00d0\u00b8 \u00d0\u009f\u00d0\u00b5\u00d1\u0082\u00d1\u0080\u00d0\u00be\u00d1\u0081\u00d1\u008f\u00d0\u00bd",
      "timestamp": 1452801590
    },
    {
      "name": "Izabella Vardanyan",
      "timestamp": 1452801533
    },
    {
      "name": "Gev Sargsyan",
      "timestamp": 1452509695
    },
    {
      "name": "\u00d4\u00b1\u00d6\u0080\u00d5\u00a1\u00d5\u00b5\u00d5\u00ab\u00d5\u00af \u00d5\u008a\u00d5\u00a1\u00d5\u00ba\u00d5\u00b8\u00d5\u00b5\u00d5\u00a1\u00d5\u00b6",
      "timestamp": 1445706004
    },
    {
      "name": "Arpi Khachatryan",
      "timestamp": 1442226521
    }
  ]
}