{
  "sent_requests_v2": [
    {
      "name": "Christina Arshakyan",
      "timestamp": 1678001624
    },
    {
      "name": "\u00d4\u00b1\u00d6\u0080\u00d5\u00b4\u00d5\u00a1\u00d5\u00b6 \u00d4\u00b1\u00d6\u0080\u00d5\u00b4\u00d5\u00a1\u00d5\u00b2\u00d5\u00a1\u00d5\u00b6\u00d5\u00b5\u00d5\u00a1\u00d5\u00b6",
      "timestamp": 1670992044
    },
    {
      "name": "Shogher Atanesyan",
      "timestamp": 1649799653
    },
    {
      "name": "Ed Sarukhanyan",
      "timestamp": 1636728482
    },
    {
      "name": "Sash K-yan",
      "timestamp": 1636389505
    },
    {
      "name": "Jenni Balaban",
      "timestamp": 1631372837
    },
    {
      "name": "Donara  Ivanyan",
      "timestamp": 1624478488
    },
    {
      "name": "\u00d0\u009b\u00d0\u00b8\u00d0\u00b7\u00d0\u00b0 \u00d0\u009a\u00d1\u0083\u00d1\u0080\u00d0\u00b0\u00d0\u00ba\u00d1\u0081\u00d0\u00b8\u00d0\u00bd\u00d0\u00b0",
      "timestamp": 1624113028
    },
    {
      "name": "Lizaveta Naurotskaya",
      "timestamp": 1623907086
    },
    {
      "name": "Hayk Kocharyan",
      "timestamp": 1623413319
    },
    {
      "name": "Elen Hovsepyan",
      "timestamp": 1619682321
    },
    {
      "name": "Zara Ghazaryan",
      "timestamp": 1619027766
    },
    {
      "name": "Igor Polakovi\u00c4\u008d",
      "timestamp": 1618321627
    },
    {
      "name": "Sahakyan Sahakanush",
      "timestamp": 1618099806
    },
    {
      "name": "Aurora Jarque",
      "timestamp": 1618099334
    },
    {
      "name": "Vanessa Zanardo",
      "timestamp": 1617959205
    },
    {
      "name": "Lilit Arakelyan",
      "timestamp": 1615582529
    },
    {
      "name": "Mannik Sahakyan",
      "timestamp": 1615276794
    },
    {
      "name": "Mihran Nersisyan",
      "timestamp": 1551391110
    },
    {
      "name": "\u00d4\u00b1\u00d5\u00b6\u00d5\u00b6\u00d5\u00a1 \u00d5\u008a\u00d5\u00b8\u00d5\u00b2\u00d5\u00b8\u00d5\u00bd\u00d5\u00b5\u00d5\u00a1\u00d5\u00b6",
      "timestamp": 1544730462
    },
    {
      "name": "Alina Kirakosyan",
      "timestamp": 1536523463
    },
    {
      "name": "Sergo Poghosyan",
      "timestamp": 1535208532
    },
    {
      "name": "Marine Bagdasaryan",
      "timestamp": 1533399094
    },
    {
      "name": "Elina  Galstyan",
      "timestamp": 1533359475
    },
    {
      "name": "\u00d0\u0090\u00d0\u00bb\u00d0\u00b8\u00d0\u00bd\u00d0\u00b0 \u00d0\u009a\u00d0\u00b8\u00d1\u0080\u00d0\u00b0\u00d0\u00ba\u00d0\u00be\u00d1\u0081\u00d1\u008f\u00d0\u00bd",
      "timestamp": 1532979664
    },
    {
      "name": "Raffo Momjyan",
      "timestamp": 1466236767
    },
    {
      "name": "Milena  Nazaryan",
      "timestamp": 1466193058
    },
    {
      "name": "Danni Bisco",
      "timestamp": 1461779872
    },
    {
      "name": "\u00d0\u0090\u00d0\u00bb\u00d0\u00bb\u00d0\u00b0 \u00d0\u00a1\u00d0\u00b8\u00d0\u00bc\u00d0\u00be\u00d0\u00bd\u00d1\u008f\u00d0\u00bd",
      "timestamp": 1461092693
    },
    {
      "name": "Mariam Tovmasyan",
      "timestamp": 1453407841
    },
    {
      "name": "Lilit Matinyan",
      "timestamp": 1453309866
    },
    {
      "name": "Mari Margaryan",
      "timestamp": 1442863013
    },
    {
      "name": "Susanna Danielyan",
      "timestamp": 1435229241
    },
    {
      "name": "\u00d0\u009d\u00d0\u00b0\u00d1\u0082\u00d0\u00b0\u00d0\u00bb\u00d0\u00b8 \u00d0\u00a2\u00d0\u00b5\u00d1\u0080\u00d0\u00b7\u00d0\u00b8\u00d0\u00ba\u00d1\u008f\u00d0\u00bd",
      "timestamp": 1434352729
    },
    {
      "name": "Maria Gevorgyan",
      "timestamp": 1420971516
    }
  ]
}