{
  "friends_v2": [
    {
      "name": "Zaven Avagyan",
      "timestamp": 1706999330
    },
    {
      "name": "Aida Martirosyan",
      "timestamp": 1703016218
    },
    {
      "name": "Aren Mambreyan",
      "timestamp": 1695049395
    },
    {
      "name": "Naneh Kostandyan",
      "timestamp": 1692182805
    },
    {
      "name": "Mesrop Hayrapetyan",
      "timestamp": 1692179788
    },
    {
      "name": "Anna Hovhannisyan",
      "timestamp": 1692179773
    },
    {
      "name": "Arman Gyulamiryan",
      "timestamp": 1691957623
    },
    {
      "name": "\u00d5\u0084\u00d5\u00a5\u00d5\u00ac\u00d5\u00a1\u00d5\u00b6\u00d5\u00b5\u00d5\u00a1 \u00d4\u00b2\u00d5\u00a5\u00d5\u00b5\u00d5\u00ac\u00d5\u00a5\u00d6\u0080\u00d5\u00b5\u00d5\u00a1\u00d5\u00b6",
      "timestamp": 1691137523
    },
    {
      "name": "Hovo Hakobyan",
      "timestamp": 1690701883
    },
    {
      "name": "Nare Ohanyan",
      "timestamp": 1690701864
    },
    {
      "name": "Arman Avalyan",
      "timestamp": 1690482696
    },
    {
      "name": "Anush Hovhannisyan",
      "timestamp": 1677520393
    },
    {
      "name": "Vram Papyan",
      "timestamp": 1676879966
    },
    {
      "name": "Inesa Toroyan",
      "timestamp": 1676626220
    },
    {
      "name": "Anzhelika Simonyan",
      "timestamp": 1676615642
    },
    {
      "name": "Mushegh Mkhitaryan",
      "timestamp": 1667236708
    },
    {
      "name": "Iness Arzumanyan",
      "timestamp": 1664450425
    },
    {
      "name": "\u00d5\u008d\u00d5\u00ab\u00d6\u0080 \u00d4\u00b2\u00d5\u00a1\u00d6\u0080\u00d5\u00bd\u00d5\u00a5\u00d5\u00b2\u00d5\u00b5\u00d5\u00a1\u00d5\u00b6",
      "timestamp": 1663162197
    },
    {
      "name": "Diana Asatryan",
      "timestamp": 1662561954
    },
    {
      "name": "Vahe Petrosyan",
      "timestamp": 1662114363
    },
    {
      "name": "Mariana Sargsyan",
      "timestamp": 1656350108
    },
    {
      "name": "\u00d4\u00b1\u00d6\u0080\u00d5\u00b4\u00d5\u00a5\u00d5\u00b6 \u00d4\u00b1\u00d5\u00b6\u00d5\u00a1\u00d5\u00b6\u00d5\u00b5\u00d5\u00a1\u00d5\u00b6",
      "timestamp": 1655754613
    },
    {
      "name": "Juli Boyajyan",
      "timestamp": 1654467125
    },
    {
      "name": "Avagyan Gagik",
      "timestamp": 1653508632
    },
    {
      "name": "Mohamed Eladly",
      "timestamp": 1653218760
    },
    {
      "name": "Seda Bayadyan",
      "timestamp": 1652905016
    },
    {
      "name": "Armine Sargsyan",
      "timestamp": 1652874252
    },
    {
      "name": "Nails Vars Abovyan",
      "timestamp": 1651941922
    },
    {
      "name": "Ani Saroyan",
      "timestamp": 1651640181
    },
    {
      "name": "Maneh Petrosian",
      "timestamp": 1650553574
    },
    {
      "name": "Raf Minasyan",
      "timestamp": 1649102757
    },
    {
      "name": "\u00d0\u0090\u00d0\u00bd\u00d0\u00b8 \u00d0\u0093\u00d0\u00b5\u00d0\u00b2\u00d0\u00be\u00d1\u0080\u00d0\u00b3\u00d1\u008f\u00d0\u00bd",
      "timestamp": 1648228742
    },
    {
      "name": "Boris Mambreyan",
      "timestamp": 1647706786
    },
    {
      "name": "Ero Tattoo-artist",
      "timestamp": 1647618323
    },
    {
      "name": "Ashkhen Arakelyan",
      "timestamp": 1647077274
    },
    {
      "name": "Narek Kurghinyan",
      "timestamp": 1646749181
    },
    {
      "name": "Edita Minasyan",
      "timestamp": 1646665161
    },
    {
      "name": "Ham Antonyan",
      "timestamp": 1646311239
    },
    {
      "name": "Edgar Oganesyan",
      "timestamp": 1646075279
    },
    {
      "name": "Lilit Ghazanchyan",
      "timestamp": 1645505674
    },
    {
      "name": "Raz Miqayelyan",
      "timestamp": 1645260313
    },
    {
      "name": "Ela Khachatryan",
      "timestamp": 1645040567
    },
    {
      "name": "Anna Hakobyan",
      "timestamp": 1644497576
    },
    {
      "name": "Gevorg Nersesian",
      "timestamp": 1643663550
    },
    {
      "name": "Ani Aloyan",
      "timestamp": 1643526405
    },
    {
      "name": "Ina Karapetyan",
      "timestamp": 1643442201
    },
    {
      "name": "Tamara Nazaryan",
      "timestamp": 1643296024
    },
    {
      "name": "Milena Mirumyan",
      "timestamp": 1643036075
    },
    {
      "name": "Jemma Asryan",
      "timestamp": 1642838352
    },
    {
      "name": "Ani Shahinyan",
      "timestamp": 1642796126
    },
    {
      "name": "Nare Harutyunyan",
      "timestamp": 1642448096
    },
    {
      "name": "Seroj Hakobyan",
      "timestamp": 1641806922
    },
    {
      "name": "Arman Khachatryan",
      "timestamp": 1641555690
    },
    {
      "name": "Hayarpi Gharibyan",
      "timestamp": 1640997848
    },
    {
      "name": "Ani Nersisyan",
      "timestamp": 1640868159
    },
    {
      "name": "Mike Sargsyan",
      "timestamp": 1640727206
    },
    {
      "name": "Edgar Danielyan",
      "timestamp": 1640682853
    },
    {
      "name": "Anush Aghinyan",
      "timestamp": 1640506222
    },
    {
      "name": "Stepan Titanyan",
      "timestamp": 1639920652
    },
    {
      "name": "Karine Hovsepyan",
      "timestamp": 1638879077
    },
    {
      "name": "Artyom Isakhanyan",
      "timestamp": 1637997025
    },
    {
      "name": "Hayk Julhakyan",
      "timestamp": 1637747898
    },
    {
      "name": "\u00d5\u008d\u00d5\u00b8\u00d5\u00b6\u00d5\u00a1 \u00d5\u0080\u00d5\u00a1\u00d5\u00af\u00d5\u00b8\u00d5\u00a2\u00d5\u00b5\u00d5\u00a1\u00d5\u00b6",
      "timestamp": 1637486405
    },
    {
      "name": "Satenik Aslanyan",
      "timestamp": 1636786374
    },
    {
      "name": "Aleks Gevorgyan",
      "timestamp": 1636724671
    },
    {
      "name": "\u00d4\u00b1\u00d5\u00a6 \u00d4\u00b1\u00d5\u00b2\u00d5\u00a1\u00d5\u00a2\u00d5\u00a5\u00d5\u00af\u00d5\u00b5\u00d5\u00a1\u00d5\u00b6",
      "timestamp": 1636463551
    },
    {
      "name": "Gor Badanyan",
      "timestamp": 1636463400
    },
    {
      "name": "Lusine Harutyunyan",
      "timestamp": 1636036126
    },
    {
      "name": "Davit Petrosyan",
      "timestamp": 1635698926
    },
    {
      "name": "Syuzanna Aleksanyan",
      "timestamp": 1634875799
    },
    {
      "name": "Narine Badalyan",
      "timestamp": 1634416316
    },
    {
      "name": "Mane Durinyan",
      "timestamp": 1634314313
    },
    {
      "name": "Emilya Martirosyan",
      "timestamp": 1633294302
    },
    {
      "name": "Giorgi Fofkhadze",
      "timestamp": 1632646730
    },
    {
      "name": "Harut Papoyan",
      "timestamp": 1632370542
    },
    {
      "name": "\u00d0\u009b\u00d0\u00b8\u00d0\u00b0\u00d0\u00bd\u00d0\u00b0 \u00d0\u0090\u00d1\u0088\u00d0\u00be\u00d1\u0082\u00d0\u00be\u00d0\u00b2\u00d0\u00bd\u00d0\u00b0 \u00d0\u0090\u00d0\u00b2\u00d0\u00b4\u00d0\u00b0\u00d0\u00bb\u00d1\u008f\u00d0\u00bd",
      "timestamp": 1632335408
    },
    {
      "name": "\u00d5\u008e\u00d5\u00a1\u00d5\u00b0\u00d5\u00a5 \u00d5\u008d\u00d5\u00b8\u00d6\u0082\u00d6\u0084\u00d5\u00ab\u00d5\u00a1\u00d5\u00bd\u00d5\u00b5\u00d5\u00a1\u00d5\u00b6",
      "timestamp": 1631901728
    },
    {
      "name": "\u00d0\u009c\u00d0\u00b0\u00d1\u0080\u00d0\u00b8\u00d1\u008f \u00d0\u009d\u00d0\u00b0\u00d0\u00b4\u00d0\u00b0\u00d1\u0080\u00d0\u00b8\u00d0\u00bd\u00d0\u00b0",
      "timestamp": 1631881865
    },
    {
      "name": "Suren Hayrapetyan",
      "timestamp": 1631777906
    },
    {
      "name": "Martin Palanjyan",
      "timestamp": 1631644538
    },
    {
      "name": "Angelina Ayvazyan",
      "timestamp": 1631600602
    },
    {
      "name": "Anush Gamazyan",
      "timestamp": 1631511089
    },
    {
      "name": "Beth-el Wilson",
      "timestamp": 1631383212
    },
    {
      "name": "Anna Aghaloyan",
      "timestamp": 1631223033
    },
    {
      "name": "Roberto Sacc\u00c3\u00a0",
      "timestamp": 1631213497
    },
    {
      "name": "Yuri Ghalachyan",
      "timestamp": 1631213483
    },
    {
      "name": "Anahit Navoyan",
      "timestamp": 1631198845
    },
    {
      "name": "Ruzanna Margaryan",
      "timestamp": 1631027248
    },
    {
      "name": "Raffi Minasyan",
      "timestamp": 1630960208
    },
    {
      "name": "Syuzi Sargsyan",
      "timestamp": 1630732740
    },
    {
      "name": "\u00d4\u00b1\u00d5\u00b6\u00d5\u00ab \u00d5\u0095\u00d5\u00b6\u00d5\u00ac\u00d5\u00a1\u00d5\u00b5\u00d5\u00b6 \u00d5\u0087\u00d5\u00b8\u00d6\u0083",
      "timestamp": 1630706567
    },
    {
      "name": "Davit Arakelyan",
      "timestamp": 1630706557
    },
    {
      "name": "Katarine Tadevosyan",
      "timestamp": 1630678670
    },
    {
      "name": "Ani Harutyunyan",
      "timestamp": 1630672208
    },
    {
      "name": "Artur Avanesov",
      "timestamp": 1630626705
    },
    {
      "name": "Lusine Torosyan",
      "timestamp": 1630614970
    },
    {
      "name": "Sepuh Baghdasaryan",
      "timestamp": 1630613548
    },
    {
      "name": "Elina  Ohanjanyan",
      "timestamp": 1630519725
    },
    {
      "name": "Ani Honarchian",
      "timestamp": 1630513797
    },
    {
      "name": "Monica Ghavalyan",
      "timestamp": 1630444089
    },
    {
      "name": "Arthur Harutyunyan",
      "timestamp": 1630357161
    },
    {
      "name": "Arman Mambreyan",
      "timestamp": 1630349419
    },
    {
      "name": "Ellite Look",
      "timestamp": 1630185194
    },
    {
      "name": "Julieta Agabekyan",
      "timestamp": 1630137997
    },
    {
      "name": "Mane Mkhitaryan",
      "timestamp": 1630003118
    },
    {
      "name": "Leon Sarkisyan",
      "timestamp": 1629983121
    },
    {
      "name": "Elen Balyan",
      "timestamp": 1629969733
    },
    {
      "name": "\u00d5\u0087\u00d5\u00b8\u00d6\u0082\u00d5\u00b7\u00d5\u00a1\u00d5\u00b6\u00d5\u00a1 \u00d4\u00b4\u00d5\u00a1\u00d5\u00be\u00d5\u00a9\u00d5\u00b5\u00d5\u00a1\u00d5\u00b6",
      "timestamp": 1629906639
    },
    {
      "name": "Lilit Hayrumyan",
      "timestamp": 1629905951
    },
    {
      "name": "Susanna Sarikyan",
      "timestamp": 1629902093
    },
    {
      "name": "Armen Torossian",
      "timestamp": 1629798204
    },
    {
      "name": "Mariam Yayloyan",
      "timestamp": 1629631000
    },
    {
      "name": "Gevorg Babajanyan",
      "timestamp": 1629550689
    },
    {
      "name": "Astx Grigoryan",
      "timestamp": 1629536586
    },
    {
      "name": "Elina Davtyan",
      "timestamp": 1629534092
    },
    {
      "name": "Sofi Azizyan",
      "timestamp": 1629532511
    },
    {
      "name": "Selia Mardirosi",
      "timestamp": 1629358626
    },
    {
      "name": "Satenik Barseghyan",
      "timestamp": 1629265635
    },
    {
      "name": "Gregory V. Diehl",
      "timestamp": 1628541505
    },
    {
      "name": "Mery Asatryan",
      "timestamp": 1628496954
    },
    {
      "name": "Hamo Grigoryan",
      "timestamp": 1628438820
    },
    {
      "name": "Mariam Hakobyan",
      "timestamp": 1628419812
    },
    {
      "name": "David Adamyan",
      "timestamp": 1627325794
    },
    {
      "name": "Rebecca Rischka",
      "timestamp": 1627213026
    },
    {
      "name": "Alen Davtyan",
      "timestamp": 1627149632
    },
    {
      "name": "\u00d0\u0094\u00d0\u00b8\u00d0\u00b0\u00d0\u00bd\u00d0\u00b0 \u00d0\u009d\u00d0\u00b5\u00d1\u0080\u00d1\u0081\u00d0\u00b8\u00d1\u0081\u00d1\u008f\u00d0\u00bd",
      "timestamp": 1626074796
    },
    {
      "name": "Ellen Galoyan",
      "timestamp": 1625914468
    },
    {
      "name": "Ellen Khanoyan",
      "timestamp": 1625251428
    },
    {
      "name": "Syuzanna  Badalyan",
      "timestamp": 1625215435
    },
    {
      "name": "Hovo Margaryan",
      "timestamp": 1625208800
    },
    {
      "name": "\u00d5\u0086\u00d5\u00a1\u00d6\u0080\u00d5\u00a5 \u00d5\u008d\u00d5\u00bf\u00d5\u00a5\u00d6\u0083\u00d5\u00a1\u00d5\u00b6\u00d5\u00b5\u00d5\u00a1\u00d5\u00b6",
      "timestamp": 1625174387
    },
    {
      "name": "Tigran Hakobyan",
      "timestamp": 1625173601
    },
    {
      "name": "Victor Minzararu",
      "timestamp": 1625141326
    },
    {
      "name": "Ham Kirakosyan",
      "timestamp": 1625120538
    },
    {
      "name": "\u00d4\u00b1\u00d6\u0080\u00d5\u00a1\u00d5\u00b4 \u00d5\u0080\u00d5\u00a1\u00d5\u00b5\u00d6\u0080\u00d5\u00a1\u00d5\u00ba\u00d5\u00a5\u00d5\u00bf\u00d5\u00b5\u00d5\u00a1\u00d5\u00b6",
      "timestamp": 1625120095
    },
    {
      "name": "Vardan Klekchyan",
      "timestamp": 1624995321
    },
    {
      "name": "Vato Gudushauri",
      "timestamp": 1624995303
    },
    {
      "name": "Gayane Ohanjanyan",
      "timestamp": 1624820464
    },
    {
      "name": "Hasmik Sahakyan",
      "timestamp": 1624703714
    },
    {
      "name": "Milena Bazoyan",
      "timestamp": 1624699503
    },
    {
      "name": "Hrag Soussani",
      "timestamp": 1624698854
    },
    {
      "name": "Lily Kostanyan",
      "timestamp": 1624695815
    },
    {
      "name": "Arev Papikyan",
      "timestamp": 1624695697
    },
    {
      "name": "Narek Meloyan",
      "timestamp": 1624695204
    },
    {
      "name": "Vladimir Sahakyan",
      "timestamp": 1624379465
    },
    {
      "name": "Juraveli Dumitru",
      "timestamp": 1624349348
    },
    {
      "name": "Ana-Maria Botnarescu",
      "timestamp": 1624226213
    },
    {
      "name": "Hovsep Begyan",
      "timestamp": 1624219505
    },
    {
      "name": "Anahit Hovhannisyan",
      "timestamp": 1624218144
    },
    {
      "name": "Anastasiia Frolova",
      "timestamp": 1624077595
    },
    {
      "name": "Stanislav Lesko",
      "timestamp": 1624050660
    },
    {
      "name": "Miles Epps",
      "timestamp": 1623969555
    },
    {
      "name": "\u00d4\u00bf\u00d5\u00a1\u00d6\u0080\u00d5\u00ab\u00d5\u00a5\u00d6\u0080\u00d5\u00a1\u00d5\u00b5\u00d5\u00ab \u00d4\u00bf\u00d5\u00a5\u00d5\u00b6\u00d5\u00bf\u00d6\u0080\u00d5\u00b8\u00d5\u00b6",
      "timestamp": 1623961753
    },
    {
      "name": "Tetiana Perederii",
      "timestamp": 1623912571
    },
    {
      "name": "Nikita Bielievtsov",
      "timestamp": 1623907401
    },
    {
      "name": "Didenco Andrei",
      "timestamp": 1623907247
    },
    {
      "name": "Sirarpi Manyan",
      "timestamp": 1623907107
    },
    {
      "name": "Vahagn  Ghukasyan",
      "timestamp": 1623907005
    },
    {
      "name": "Mihaela Racovi\u00c5\u00a3a",
      "timestamp": 1623764405
    },
    {
      "name": "Tamo Tsetskhladze",
      "timestamp": 1623761588
    },
    {
      "name": "Zach Ziani",
      "timestamp": 1623613167
    },
    {
      "name": "Oleksandr Kykta",
      "timestamp": 1623590280
    },
    {
      "name": "Smriti Rai",
      "timestamp": 1623556069
    },
    {
      "name": "Lisa Kochekova",
      "timestamp": 1623529472
    },
    {
      "name": "\u00d0\u0094\u00d0\u00bc\u00d0\u00b8\u00d1\u0082\u00d1\u0080\u00d0\u00b8\u00d0\u00b9 \u00d0\u0094\u00d1\u0083\u00d0\u00b1\u00d0\u00b8\u00d0\u00bd",
      "timestamp": 1623524563,
      "contact_info": "deputy.dmitriydubin@gmail.com"
    },
    {
      "name": "Pavel Khliust",
      "timestamp": 1623519988
    },
    {
      "name": "Kashtalian Oleksii",
      "timestamp": 1623473690
    },
    {
      "name": "Philipp Sedov",
      "timestamp": 1623473633
    },
    {
      "name": "Diana Ivanyshyn",
      "timestamp": 1623471614
    },
    {
      "name": "Betsy Aidinyantz",
      "timestamp": 1623452070
    },
    {
      "name": "Nareh M. Manoukian",
      "timestamp": 1623426455
    },
    {
      "name": "Lilit Nersesyan",
      "timestamp": 1623426431
    },
    {
      "name": "\u00d5\u0086\u00d5\u00b8\u00d6\u0080\u00d5\u00ab\u00d5\u00af \u00d5\u008a\u00d5\u00b8\u00d5\u00b2\u00d5\u00b8\u00d5\u00bd\u00d5\u00b5\u00d5\u00a1\u00d5\u00b6",
      "timestamp": 1623412950
    },
    {
      "name": "Marita Tb",
      "timestamp": 1622551078
    },
    {
      "name": "Anna Aghbalyan",
      "timestamp": 1622069567
    },
    {
      "name": "Mineli Hakobian",
      "timestamp": 1621873875
    },
    {
      "name": "Marus Mkrtchyan",
      "timestamp": 1621828853
    },
    {
      "name": "Hasmik Manaseryan",
      "timestamp": 1621198552
    },
    {
      "name": "Laura Hayrapetyan",
      "timestamp": 1621186751
    },
    {
      "name": "Mojca Tav\u00c4\u008dar-Ben\u00c4\u008di\u00c4\u0087",
      "timestamp": 1621099679
    },
    {
      "name": "Inesa Avagyan",
      "timestamp": 1621092976
    },
    {
      "name": "Sousanna Airumian",
      "timestamp": 1621080345
    },
    {
      "name": "\u00d5\u008c\u00d5\u00ab\u00d5\u00b4\u00d5\u00a1 \u00d5\u0084\u00d5\u00a1\u00d5\u00a9\u00d6\u0087\u00d5\u00b8\u00d5\u00bd\u00d5\u00b5\u00d5\u00a1\u00d5\u00b6",
      "timestamp": 1621080331
    },
    {
      "name": "Mariam Mezhlumyan",
      "timestamp": 1621060649
    },
    {
      "name": "Sahakyan Yuri",
      "timestamp": 1621056913
    },
    {
      "name": "Yeva Hakobyan",
      "timestamp": 1620998361
    },
    {
      "name": "\u00d4\u00b3\u00d5\u00b8\u00d5\u00bc \u00d5\u0084\u00d5\u00a1\u00d5\u00a9\u00d6\u0087\u00d5\u00b8\u00d5\u00bd\u00d5\u00b5\u00d5\u00a1\u00d5\u00b6",
      "timestamp": 1620998359
    },
    {
      "name": "Marie Arakelyan",
      "timestamp": 1620969714
    },
    {
      "name": "Arsen Gevorgyan",
      "timestamp": 1620932831
    },
    {
      "name": "Marin Davtyan",
      "timestamp": 1620927664
    },
    {
      "name": "Ani Ghazaryan",
      "timestamp": 1620923923
    },
    {
      "name": "Veronika Petrosyan",
      "timestamp": 1620923922
    },
    {
      "name": "Karolis Stirbys",
      "timestamp": 1620463303
    },
    {
      "name": "Goran Nikolov",
      "timestamp": 1620409964
    },
    {
      "name": "Ivan Ivanov",
      "timestamp": 1620295691
    },
    {
      "name": "Tigran Ohanyan",
      "timestamp": 1620162348
    },
    {
      "name": "Stepanyan Narek",
      "timestamp": 1619869737
    },
    {
      "name": "Garik Darbinyan",
      "timestamp": 1619810823
    },
    {
      "name": "Artur Zaqaryan",
      "timestamp": 1619810809
    },
    {
      "name": "\u00e5\u0088\u0098\u00e4\u00b8\u00ad\u00e5\u008e\u009f",
      "timestamp": 1619680625
    },
    {
      "name": "Valentina Gambiro\u00c5\u00bea Stakovi\u00c4\u0087",
      "timestamp": 1619623441
    },
    {
      "name": "Manish Gupta",
      "timestamp": 1619622943
    },
    {
      "name": "Alvard  Isakhanyan",
      "timestamp": 1618942913
    },
    {
      "name": "Zaruhi Tspnetsyan",
      "timestamp": 1618940847
    },
    {
      "name": "Lusine Tspnetsyan",
      "timestamp": 1618940783
    },
    {
      "name": "Avagian Anna",
      "timestamp": 1618851348
    },
    {
      "name": "\u00d4\u00b3\u00d5\u00b8\u00d5\u00b0\u00d5\u00a1\u00d6\u0080 \u00d5\u0082\u00d5\u00a1\u00d6\u0080\u00d5\u00ab\u00d5\u00a2\u00d5\u00b5\u00d5\u00a1\u00d5\u00b6",
      "timestamp": 1618851347
    },
    {
      "name": "Adrine A-yan",
      "timestamp": 1618515930
    },
    {
      "name": "Tatev Simonyan",
      "timestamp": 1618511751
    },
    {
      "name": "Alen Ochinyan",
      "timestamp": 1618498774
    },
    {
      "name": "Arcrun Vardanyan",
      "timestamp": 1618393967
    },
    {
      "name": "Syuzanna Tegtmeier",
      "timestamp": 1618376211
    },
    {
      "name": "\u00d0\u009b\u00d0\u00b8\u00d0\u00bb\u00d0\u00b8\u00d1\u0082 \u00d0\u00a5\u00d0\u00b0\u00d1\u0087\u00d0\u00b0\u00d1\u0082\u00d1\u0080\u00d1\u008f\u00d0\u00bd",
      "timestamp": 1618309011
    },
    {
      "name": "Peter Gustafik",
      "timestamp": 1618241956
    },
    {
      "name": "Lana Ghvinjilia",
      "timestamp": 1618239315
    },
    {
      "name": "Marga Veron",
      "timestamp": 1618162558
    },
    {
      "name": "Silva Blazulioniene",
      "timestamp": 1618141033
    },
    {
      "name": "\u00d4\u00bf\u00d5\u00a1\u00d6\u0080\u00d5\u00ab\u00d5\u00a5\u00d6\u0080\u00d5\u00a1\u00d5\u00b5\u00d5\u00ab \u00d5\u00af\u00d5\u00a5\u00d5\u00b6\u00d5\u00bf\u00d6\u0080\u00d5\u00b8\u00d5\u00b6",
      "timestamp": 1618073741
    },
    {
      "name": "Robertas Kavolius",
      "timestamp": 1617993666
    },
    {
      "name": "Ines Maria Gitzoller",
      "timestamp": 1617966942
    },
    {
      "name": "Sofia Demerdesli",
      "timestamp": 1617966681
    },
    {
      "name": "Elena Sofia Ferrari",
      "timestamp": 1617961443
    },
    {
      "name": "EuropeanNet Emprende Empleo",
      "timestamp": 1617959768
    },
    {
      "name": "Inga Shirakyan",
      "timestamp": 1617918273
    },
    {
      "name": "Maria Nersisyan",
      "timestamp": 1617913000
    },
    {
      "name": "Husik Sargsyan",
      "timestamp": 1617905662
    },
    {
      "name": "\u00d4\u00bf\u00d5\u00a1\u00d6\u0080\u00d5\u00ab\u00d5\u00a5\u00d6\u0080\u00d5\u00a1\u00d5\u00b5\u00d5\u00ab \u00d5\u00af\u00d5\u00a5\u00d5\u00b6\u00d5\u00bf\u00d6\u0080\u00d5\u00b8\u00d5\u00b6",
      "timestamp": 1617859742
    },
    {
      "name": "Ani Amirkhanyan",
      "timestamp": 1617225215
    },
    {
      "name": "Nazeli Ter-Petrosyan",
      "timestamp": 1617046162
    },
    {
      "name": "Marine Voskanyan",
      "timestamp": 1616948861
    },
    {
      "name": "\u00d0\u009d\u00d0\u00b0\u00d0\u00b8\u00d1\u0080\u00d0\u00b0 \u00d0\u009a\u00d0\u00b8\u00d1\u0080\u00d0\u00b0\u00d0\u00ba\u00d0\u00be\u00d1\u0081\u00d1\u008f\u00d0\u00bd",
      "timestamp": 1616800456
    },
    {
      "name": "Hayk Aghajanyan",
      "timestamp": 1616277574
    },
    {
      "name": "Ina Abajyan",
      "timestamp": 1615557897
    },
    {
      "name": "Kevin Mitnick",
      "timestamp": 1615476792
    },
    {
      "name": "\u00d4\u00ba\u00d5\u00a1\u00d5\u00b6\u00d5\u00b8\u00d6\u0082\u00d5\u00ac \u00d5\u0080\u00d5\u00a1\u00d5\u00af\u00d5\u00b8\u00d5\u00a2\u00d5\u00b5\u00d5\u00a1\u00d5\u00b6",
      "timestamp": 1615388475
    },
    {
      "name": "Hov Stepanyan",
      "timestamp": 1614773472
    },
    {
      "name": "Inna  Harutyunyan",
      "timestamp": 1614268314
    },
    {
      "name": "\u00d0\u0090\u00d1\u0080\u00d0\u00bc\u00d0\u00b5\u00d0\u00bd \u00d0\u0093\u00d0\u00b0\u00d0\u00b2\u00d0\u00b0\u00d0\u00bb\u00d1\u008f\u00d0\u00bd",
      "timestamp": 1614266897
    },
    {
      "name": "\u00d5\u0084\u00d5\u00a1\u00d6\u0080\u00d5\u00ab\u00d5\u00a1\u00d5\u00b6\u00d5\u00b6\u00d5\u00a1 \u00d5\u0096\u00d5\u00a5\u00d5\u00b6\u00d5\u00a4\u00d5\u00b5\u00d5\u00a1\u00d5\u00b6 \u00f0\u009f\u0087\u00a6\u00f0\u009f\u0087\u00b2",
      "timestamp": 1614200787
    },
    {
      "name": "Mili Mackov\u00c3\u00a1",
      "timestamp": 1614189096
    },
    {
      "name": "\u00d5\u008e\u00d6\u0080\u00d5\u00a5\u00d5\u00aa \u00d5\u0080\u00d5\u00a1\u00d5\u00af\u00d5\u00b8\u00d5\u00a2\u00d5\u00b5\u00d5\u00a1\u00d5\u00b6",
      "timestamp": 1614027809
    },
    {
      "name": "\u00d5\u008f\u00d5\u00a1\u00d6\u0080\u00d5\u00b8\u00d5\u00b6 \u00d5\u0080\u00d5\u00b8\u00d5\u00be\u00d5\u00b0\u00d5\u00a1\u00d5\u00b6\u00d5\u00b6\u00d5\u00ab\u00d5\u00bd\u00d5\u00b5\u00d5\u00a1\u00d5\u00b6",
      "timestamp": 1613395017
    },
    {
      "name": "Laura Tumasyan",
      "timestamp": 1613213395
    },
    {
      "name": "Zhenya Martiros\u00c3\u00adan",
      "timestamp": 1613165648
    },
    {
      "name": "Vard Mkrtchian",
      "timestamp": 1612888995
    },
    {
      "name": "Shushanna Petrosyan",
      "timestamp": 1612366441
    },
    {
      "name": "Kamo Galstyan",
      "timestamp": 1611937245
    },
    {
      "name": "Gurgen Petrosian",
      "timestamp": 1611936688
    },
    {
      "name": "\u00d5\u0084\u00d5\u00a1\u00d5\u00b6\u00d4\u00b5 \u00d5\u0082\u00d6\u008a\u00d5\u00b5\u00d5\u00a1\u00d5\u00b6",
      "timestamp": 1611784164
    },
    {
      "name": "Anun Azganun",
      "timestamp": 1611784163
    },
    {
      "name": "Satenik Petrosyan",
      "timestamp": 1611784160
    },
    {
      "name": "\u00d4\u00b1\u00d6\u0080\u00d5\u00af\u00d5\u00a1\u00d5\u00ae\u00d5\u00a1\u00d5\u00b5\u00d5\u00ab\u00d5\u00b6 \u00d5\u00a1\u00d6\u0080\u00d5\u00b7\u00d5\u00a1\u00d5\u00be\u00d5\u00b6\u00d5\u00a5\u00d6\u0080",
      "timestamp": 1611784160
    },
    {
      "name": "Toma  Grigoryan",
      "timestamp": 1611768786
    },
    {
      "name": "Anahit Hovasapyan",
      "timestamp": 1611666763
    },
    {
      "name": "Katerina Panoyan",
      "timestamp": 1611651196
    },
    {
      "name": "Narek Aghajanyan",
      "timestamp": 1611607771
    },
    {
      "name": "\u00d0\u0096\u00d0\u00b0\u00d0\u00bd\u00d0\u00bd\u00d0\u00b0 \u00d0\u00a2\u00d0\u00b0\u00d0\u00b4\u00d0\u00b5\u00d0\u00b2\u00d0\u00be\u00d1\u0081\u00d1\u008f\u00d0\u00bd",
      "timestamp": 1611351685
    },
    {
      "name": "Hayk Mkrtchyan",
      "timestamp": 1610297861
    },
    {
      "name": "Christina Arakelyan",
      "timestamp": 1608537872
    },
    {
      "name": "Maria Gevorgyan",
      "timestamp": 1608532909
    },
    {
      "name": "\u00d4\u00bc\u00d5\u00b8\u00d6\u0082\u00d5\u00bd\u00d5\u00ab\u00d5\u00b6\u00d5\u00a5 \u00d5\u0082\u00d5\u00a1\u00d5\u00a6\u00d5\u00a1\u00d6\u0080\u00d5\u00b5\u00d5\u00a1\u00d5\u00b6",
      "timestamp": 1608494425
    },
    {
      "name": "Gayane Aghbalyan",
      "timestamp": 1608482856
    },
    {
      "name": "Marianna Petrosyan",
      "timestamp": 1608456124
    },
    {
      "name": "Mary Mkrtchyan",
      "timestamp": 1608410213
    },
    {
      "name": "Vahan Kirakosyan",
      "timestamp": 1608382016
    },
    {
      "name": "Marianna Hovhannisyan",
      "timestamp": 1608046743
    },
    {
      "name": "\u00d5\u008e\u00d5\u00ab\u00d5\u00ac\u00d5\u00b0\u00d5\u00a5\u00d5\u00b4 \u00d4\u00b2\u00d5\u00a1\u00d5\u00b2\u00d5\u00a4\u00d5\u00a1\u00d5\u00bd\u00d5\u00a1\u00d6\u0080\u00d5\u00b5\u00d5\u00a1\u00d5\u00b6",
      "timestamp": 1608046735
    },
    {
      "name": "Evel\u00c3\u00adna Arakelyan",
      "timestamp": 1607888167
    },
    {
      "name": "Minas Martirosyan",
      "timestamp": 1607811131
    },
    {
      "name": "Narek Hambardzumyan",
      "timestamp": 1607674558
    },
    {
      "name": "Marianna Manvelyan",
      "timestamp": 1607632967
    },
    {
      "name": "Manushak Toroyan",
      "timestamp": 1607615953
    },
    {
      "name": "Maneh Harutyunyan",
      "timestamp": 1607615806
    },
    {
      "name": "Lia  Hakobyan",
      "timestamp": 1607615796
    },
    {
      "name": "Anna Yesayan",
      "timestamp": 1607615795
    },
    {
      "name": "Narek Amirjanyan",
      "timestamp": 1605947918
    },
    {
      "name": "\u00d5\u008f\u00d5\u00a1\u00d5\u00a9\u00d6\u0087\u00d5\u00ab\u00d5\u00af \u00d4\u00bf\u00d5\u00a1\u00d6\u0080\u00d5\u00a1\u00d5\u00ba\u00d5\u00a5\u00d5\u00bf\u00d5\u00b5\u00d5\u00a1\u00d5\u00b6",
      "timestamp": 1605454640
    },
    {
      "name": "Ani Hovhannisian",
      "timestamp": 1604520787
    },
    {
      "name": "Hrach Meliqyan",
      "timestamp": 1604009813
    },
    {
      "name": "Vrezh  Khachatryan",
      "timestamp": 1603569309
    },
    {
      "name": "Qnarik  Harutyunyan",
      "timestamp": 1603569308
    },
    {
      "name": "Diana Zakaryan",
      "timestamp": 1602703510
    },
    {
      "name": "Susanna Danielyan",
      "timestamp": 1602446335
    },
    {
      "name": "Narek Hambardzumyan",
      "timestamp": 1601159923
    },
    {
      "name": "Hovhannes Stepanyan",
      "timestamp": 1601159913
    },
    {
      "name": "Oqnak Khachatryan",
      "timestamp": 1601159907
    },
    {
      "name": "Margarita Hakhumyan",
      "timestamp": 1600780624
    },
    {
      "name": "Marianna Hovannisyan",
      "timestamp": 1600684342
    },
    {
      "name": "\u00d4\u00b1\u00d5\u00b6\u00d5\u00a1\u00d5\u00b0\u00d5\u00ab\u00d5\u00bf \u00d4\u00b1\u00d5\u00a2\u00d6\u0080\u00d5\u00a1\u00d5\u00b0\u00d5\u00a1\u00d5\u00b4\u00d5\u00b5\u00d5\u00a1\u00d5\u00b6",
      "timestamp": 1600684315
    },
    {
      "name": "\u00d4\u00bc\u00d5\u00ab\u00d5\u00a1\u00d5\u00b6\u00d5\u00a1 \u00d4\u00b1\u00d5\u00be\u00d5\u00a5\u00d5\u00bf\u00d5\u00ab\u00d5\u00bd\u00d5\u00b5\u00d5\u00a1\u00d5\u00b6",
      "timestamp": 1599929059
    },
    {
      "name": "Alina Gevorgyan",
      "timestamp": 1599809750
    },
    {
      "name": "Anna Manucharyan",
      "timestamp": 1599627172
    },
    {
      "name": "Mariam Abgaryan",
      "timestamp": 1599065203
    },
    {
      "name": "Mariam Martirosyan",
      "timestamp": 1599065198
    },
    {
      "name": "Mane Stepanyan",
      "timestamp": 1599065195
    },
    {
      "name": "Armine Mirzoyan",
      "timestamp": 1598893609
    },
    {
      "name": "\u00d4\u00b5\u00d5\u00a9\u00d5\u00a5 \u00d5\u00a2\u00d5\u00b8\u00d5\u00ac\u00d5\u00b8\u00d6\u0080\u00d5\u00a8",
      "timestamp": 1598184398
    },
    {
      "name": "\u00d4\u00b4\u00d5\u00a1\u00d5\u00be\u00d5\u00ab\u00d5\u00a9 \u00d5\u0080\u00d5\u00a1\u00d5\u00bd\u00d5\u00a1\u00d5\u00bd\u00d5\u00b5\u00d5\u00a1\u00d5\u00b6",
      "timestamp": 1598184383
    },
    {
      "name": "Karen Karapetyan",
      "timestamp": 1598184372
    },
    {
      "name": "Anushik Muradyan",
      "timestamp": 1598183031
    },
    {
      "name": "\u00d5\u008b\u00d5\u00b8\u00d6\u0082\u00d5\u00ac\u00d5\u00ab\u00d5\u00a1 \u00d5\u008d\u00d5\u00a1\u00d6\u0080\u00d5\u00a3\u00d5\u00bd\u00d5\u00b5\u00d5\u00a1\u00d5\u00b6",
      "timestamp": 1598182855
    },
    {
      "name": "Milena Arakelyan",
      "timestamp": 1598182807
    },
    {
      "name": "Mariam Hakobyan",
      "timestamp": 1598182670
    },
    {
      "name": "Vik Yan",
      "timestamp": 1598173713
    },
    {
      "name": "Mane Tadevosian",
      "timestamp": 1598130883
    },
    {
      "name": "Tamara Lmntsyan",
      "timestamp": 1598036709
    },
    {
      "name": "Hasmik  Mkhchyan",
      "timestamp": 1597933412
    },
    {
      "name": "Narine Vardanyan",
      "timestamp": 1597828689
    },
    {
      "name": "Narek Galstyan",
      "timestamp": 1597776541
    },
    {
      "name": "\u00d5\u0086\u00d5\u00a1\u00d6\u0080\u00d5\u00a5 \u00d5\u0094\u00d5\u00a1\u00d5\u00ac\u00d5\u00a1\u00d5\u00b6\u00d5\u00a9\u00d5\u00a1\u00d6\u0080\u00d5\u00b5\u00d5\u00a1\u00d5\u00b6",
      "timestamp": 1597740562
    },
    {
      "name": "\u00d4\u00ba\u00d5\u00a1\u00d5\u00b6\u00d5\u00b8\u00d6\u0082\u00d5\u00ac \u00d5\u0080\u00d5\u00a1\u00d5\u00af\u00d5\u00b8\u00d5\u00a2\u00d5\u00b5\u00d5\u00a1\u00d5\u00b6",
      "timestamp": 1597646522
    },
    {
      "name": "Irina Bnyan",
      "timestamp": 1597385144
    },
    {
      "name": "Arman Petrosyan",
      "timestamp": 1597225385
    },
    {
      "name": "Narek Harutyunyan",
      "timestamp": 1597176900
    },
    {
      "name": "\u00d4\u00b1\u00d5\u00bd\u00d5\u00bf\u00d5\u00b2 \u00d5\u0084\u00d5\u00a1\u00d5\u00b6\u00d5\u00b8\u00d6\u0082\u00d5\u00af\u00d5\u00b5\u00d5\u00a1\u00d5\u00b6",
      "timestamp": 1597161515
    },
    {
      "name": "Mariam  Balayan",
      "timestamp": 1597148321
    },
    {
      "name": "Vazgen Meliqyan",
      "timestamp": 1597138853
    },
    {
      "name": "Udumyan Udumyan",
      "timestamp": 1597056623
    },
    {
      "name": "Maria Petrosyan",
      "timestamp": 1596914162
    },
    {
      "name": "Annie Harutyunyan",
      "timestamp": 1596724931
    },
    {
      "name": "\u00d4\u00b1\u00d5\u00b6\u00d5\u00ab \u00d5\u0082\u00d5\u00b8\u00d6\u0082\u00d5\u00b4\u00d5\u00a1\u00d5\u00b7\u00d5\u00b5\u00d5\u00a1\u00d5\u00b6",
      "timestamp": 1596722638
    },
    {
      "name": "Avet Janjughazyan",
      "timestamp": 1596704499
    },
    {
      "name": "Lilit Aloyan",
      "timestamp": 1596623729
    },
    {
      "name": "\u00d0\u0094\u00d0\u00b0\u00d0\u00b2\u00d0\u00b8\u00d0\u00b4 \u00d0\u0090\u00d1\u0080\u00d1\u0083\u00d1\u0082\u00d1\u008e\u00d0\u00bd\u00d1\u008f\u00d0\u00bd",
      "timestamp": 1596535045
    },
    {
      "name": "Artur Boyaxchyan",
      "timestamp": 1596477628
    },
    {
      "name": "Artur Martirosyan",
      "timestamp": 1596477085
    },
    {
      "name": "\u00d5\u008e\u00d5\u00ab\u00d5\u00af\u00d5\u00bf\u00d5\u00b8\u00d6\u0080\u00d5\u00ab\u00d5\u00a1 \u00d5\u0088\u00d6\u0082\u00d5\u00a4\u00d5\u00b8\u00d6\u0082\u00d5\u00b4\u00d5\u00b5\u00d5\u00a1\u00d5\u00b6",
      "timestamp": 1596477079
    },
    {
      "name": "Armen Devkants",
      "timestamp": 1596470306
    },
    {
      "name": "\u00d5\u008d\u00d5\u00b8\u00d6\u0082\u00d5\u00bd\u00d5\u00ab \u00d5\u0088\u00d6\u0082\u00d5\u00a4\u00d5\u00b8\u00d6\u0082\u00d5\u00b4\u00d5\u00b5\u00d5\u00a1\u00d5\u00b6",
      "timestamp": 1596460156
    },
    {
      "name": "Sergey Mkhitaryan",
      "timestamp": 1596352269
    },
    {
      "name": "Susik Poghosyan",
      "timestamp": 1596351030
    },
    {
      "name": "Maga Mkrtchyan",
      "timestamp": 1596295489
    },
    {
      "name": "\u00d4\u00b1\u00d6\u0080\u00d5\u00b4\u00d5\u00ab\u00d5\u00b6\u00d5\u00a5 \u00d5\u0080\u00d5\u00b8\u00d5\u00be\u00d5\u00b0\u00d5\u00a1\u00d5\u00b6\u00d5\u00b6\u00d5\u00ab\u00d5\u00bd\u00d5\u00b5\u00d5\u00a1\u00d5\u00b6",
      "timestamp": 1596288990
    },
    {
      "name": "\u00d5\u008e\u00d5\u00a1\u00d5\u00b0\u00d5\u00a5 \u00d5\u0084\u00d5\u00a1\u00d6\u0080\u00d5\u00a4\u00d5\u00b8\u00d5\u00b5\u00d5\u00a1\u00d5\u00b6",
      "timestamp": 1596284047
    },
    {
      "name": "\u00d0\u00a2\u00d0\u00b8\u00d0\u00b3\u00d1\u0080\u00d0\u00b0\u00d0\u00bd \u00d0\u00a1\u00d0\u00b0\u00d1\u0080\u00d0\u00ba\u00d0\u00b8\u00d1\u0081\u00d1\u008f\u00d0\u00bd",
      "timestamp": 1596270509
    },
    {
      "name": "Van Stepanyan",
      "timestamp": 1596268742
    },
    {
      "name": "Nrany Udumyan",
      "timestamp": 1596268314
    },
    {
      "name": "Ani Manasyan",
      "timestamp": 1596267293
    },
    {
      "name": "\u00d4\u00b1\u00d5\u00a2 \u00d4\u00b2\u00d5\u00b8\u00d5\u00b5\u00d5\u00a1\u00d5\u00ad\u00d5\u00b9\u00d5\u00b5\u00d5\u00a1\u00d5\u00b6",
      "timestamp": 1596266774
    },
    {
      "name": "\u00d0\u009c\u00d0\u00bc \u00d0\u009c\u00d1\u0083\u00d1\u0085\u00d0\u00b0\u00d0\u00bc\u00d0\u00bc\u00d0\u00b0\u00d0\u00b4",
      "timestamp": 1596265434
    },
    {
      "name": "Karen  Grigoryan",
      "timestamp": 1596227841
    },
    {
      "name": "Lucy Jhangiryan",
      "timestamp": 1596225111
    },
    {
      "name": "\u00d5\u0084\u00d5\u00a1\u00d5\u00b6\u00d5\u00a5 \u00d4\u00b1\u00d5\u00b6\u00d5\u00bf\u00d5\u00b8\u00d5\u00b6\u00d5\u00b5\u00d5\u00a1\u00d5\u00b6",
      "timestamp": 1596212330
    },
    {
      "name": "\u00d4\u00b9\u00d5\u00a1\u00d5\u00b4\u00d5\u00a1\u00d6\u0080\u00d5\u00a1 \u00d5\u0086\u00d5\u00a1\u00d5\u00b0\u00d5\u00a1\u00d5\u00ba\u00d5\u00a5\u00d5\u00bf\u00d5\u00b5\u00d5\u00a1\u00d5\u00b6",
      "timestamp": 1596211930
    },
    {
      "name": "Edita Khachatryan",
      "timestamp": 1596210546
    },
    {
      "name": "Susanna Nahapetyan",
      "timestamp": 1596210155
    },
    {
      "name": "Gayane Grigoryan",
      "timestamp": 1596208640
    },
    {
      "name": "Mariam Dadayan",
      "timestamp": 1596208040
    },
    {
      "name": "Anahit Bnyan",
      "timestamp": 1596174315
    },
    {
      "name": "Heghine  Navasardyan",
      "timestamp": 1596169579
    },
    {
      "name": "Geghetsik Dallaqyan",
      "timestamp": 1596133354
    },
    {
      "name": "Hasmik Asatryan",
      "timestamp": 1596124625
    },
    {
      "name": "Narek Khachatryan",
      "timestamp": 1596112007
    },
    {
      "name": "\u00d4\u00b5\u00d5\u00b2\u00d5\u00ab\u00d5\u00a1\u00d5\u00a6\u00d5\u00a1\u00d6\u0080\u00d5\u00b5\u00d5\u00a1\u00d5\u00b6 \u00d5\u0086\u00d5\u00a1\u00d6\u0080\u00d5\u00ab\u00d5\u00b6\u00d5\u00a5",
      "timestamp": 1596108291
    },
    {
      "name": "Manane Petrosyan",
      "timestamp": 1596096711
    },
    {
      "name": "\u00d4\u00bc\u00d5\u00b8\u00d6\u0082\u00d5\u00bd\u00d5\u00ab\u00d5\u00b6\u00d5\u00a5 \u00d5\u0084\u00d5\u00a1\u00d5\u00b6\u00d5\u00b8\u00d6\u0082\u00d5\u00af\u00d5\u00b5\u00d5\u00a1\u00d5\u00b6",
      "timestamp": 1596031729
    },
    {
      "name": "\u00d4\u00b1\u00d5\u00b6\u00d5\u00ab \u00d5\u0082\u00d5\u00a1\u00d5\u00a6\u00d5\u00a1\u00d6\u0080\u00d5\u00b5\u00d5\u00a1\u00d5\u00b6",
      "timestamp": 1596028579
    },
    {
      "name": "Amalik Baghdasaryan",
      "timestamp": 1596027102
    },
    {
      "name": "Mane Tadevosyan",
      "timestamp": 1595960717
    },
    {
      "name": "Irina Muradyan",
      "timestamp": 1595960684
    },
    {
      "name": "Tamara Mkrtchyan",
      "timestamp": 1595959419
    },
    {
      "name": "Maria Mkhoyan",
      "timestamp": 1595806132
    },
    {
      "name": "David Dadalyan",
      "timestamp": 1595798741
    },
    {
      "name": "\u00d4\u00b3\u00d5\u00b8\u00d5\u00bc \u00d4\u00b5\u00d5\u00b2\u00d5\u00ab\u00d5\u00a1\u00d5\u00a6\u00d5\u00a1\u00d6\u0080\u00d5\u00b5\u00d5\u00a1\u00d5\u00b6",
      "timestamp": 1595791056
    },
    {
      "name": "Julia Ohanyan",
      "timestamp": 1595703521
    },
    {
      "name": "Aksanna Nersisyan",
      "timestamp": 1595692127
    },
    {
      "name": "Olga Vorskanian",
      "timestamp": 1595673817
    },
    {
      "name": "Monika Ghevondyan",
      "timestamp": 1595669665
    },
    {
      "name": "\u00d4\u00b1\u00d5\u00a9\u00d5\u00a1\u00d5\u00b6\u00d5\u00a5\u00d5\u00bd\u00d5\u00b5\u00d5\u00a1\u00d5\u00b6 \u00d5\u0080\u00d5\u00bc\u00d5\u00ab\u00d6\u0083\u00d5\u00bd\u00d5\u00ab\u00d5\u00b4\u00d5\u00a5",
      "timestamp": 1595588439
    },
    {
      "name": "Emma Saroyan",
      "timestamp": 1595577158
    },
    {
      "name": "Rima Misakyan",
      "timestamp": 1595577111
    },
    {
      "name": "\u00d4\u00b2\u00d5\u00a1\u00d5\u00af\u00d5\u00b8\u00d6\u0082\u00d5\u00b6\u00d6\u0081 \u00d5\u0084\u00d5\u00b8\u00d5\u00b6\u00d5\u00ab\u00d5\u00af\u00d5\u00a1",
      "timestamp": 1594971482
    },
    {
      "name": "Anush Hovhannisyan",
      "timestamp": 1594931364
    },
    {
      "name": "Haykuhi Melkonyan",
      "timestamp": 1594912238
    },
    {
      "name": "\u00d4\u00b1\u00d5\u00ac\u00d5\u00ab\u00d5\u00b6\u00d5\u00a1 \u00d4\u00b3\u00d6\u0080\u00d5\u00ab\u00d5\u00a3\u00d5\u00b8\u00d6\u0080\u00d5\u00b5\u00d5\u00a1\u00d5\u00b6",
      "timestamp": 1594911113
    },
    {
      "name": "Nelly Khachatryan",
      "timestamp": 1594301248
    },
    {
      "name": "Anoush Gevorgian",
      "timestamp": 1593282895
    },
    {
      "name": "Milena Khechoyan",
      "timestamp": 1593256534
    },
    {
      "name": "Arpine Mikayelyan",
      "timestamp": 1592915550
    },
    {
      "name": "Rima Davtyan",
      "timestamp": 1591612973
    },
    {
      "name": "Lily Avanesova",
      "timestamp": 1589872359
    },
    {
      "name": "Gayane Shahnazaryan",
      "timestamp": 1582828275
    },
    {
      "name": "Van Berberyan",
      "timestamp": 1580238083
    },
    {
      "name": "Hovo Hovakimyan",
      "timestamp": 1580073623
    },
    {
      "name": "\u00d4\u00bc\u00d5\u00ab\u00d5\u00a1\u00d5\u00b6 \u00d5\u008a\u00d5\u00b8\u00d5\u00b2\u00d5\u00b8\u00d5\u00bd\u00d5\u00b5\u00d5\u00a1\u00d5\u00b6",
      "timestamp": 1579966179
    },
    {
      "name": "Arin  Hovhannisyan",
      "timestamp": 1577457928
    },
    {
      "name": "Elen Sukiasyan",
      "timestamp": 1576080438
    },
    {
      "name": "Sergey Grigoryan",
      "timestamp": 1575998202
    },
    {
      "name": "Daniel Aloyan",
      "timestamp": 1575998119
    },
    {
      "name": "Khachik Martirosyan",
      "timestamp": 1575230935
    },
    {
      "name": "Levon Aghayan",
      "timestamp": 1572040075
    },
    {
      "name": "Salbina Sahakyan",
      "timestamp": 1571482509
    },
    {
      "name": "Cel English",
      "timestamp": 1570299122
    },
    {
      "name": "Mariam Petoyan",
      "timestamp": 1569184005
    },
    {
      "name": "Emma Hovhannisyan",
      "timestamp": 1568823050
    },
    {
      "name": "Tat Hakobyan",
      "timestamp": 1565105021
    },
    {
      "name": "Aren Arustamyan",
      "timestamp": 1562071273
    },
    {
      "name": "Alisa Chabyan",
      "timestamp": 1561536238
    },
    {
      "name": "Susanna Petrosyan",
      "timestamp": 1558733035
    },
    {
      "name": "\u00d4\u00b1\u00d6\u0080\u00d6\u0087 \u00d5\u0088\u00d5\u00bd\u00d5\u00af\u00d5\u00a1\u00d5\u00b6\u00d5\u00b5\u00d5\u00a1\u00d5\u00b6",
      "timestamp": 1556035443
    },
    {
      "name": "Hayk Sogoyan",
      "timestamp": 1554640406
    },
    {
      "name": "Hayk Yan",
      "timestamp": 1549045887
    },
    {
      "name": "Tamara Kirakosyan",
      "timestamp": 1548819986
    },
    {
      "name": "Arthur Mkrtumyan",
      "timestamp": 1548774628
    },
    {
      "name": "Narek Hambardzumyan",
      "timestamp": 1546103908
    },
    {
      "name": "Mariam Harutyunyan",
      "timestamp": 1543943544
    },
    {
      "name": "Ani Nazaryan",
      "timestamp": 1541849923
    },
    {
      "name": "\u00d4\u00bd\u00d5\u00a1\u00d5\u00b9\u00d5\u00a1\u00d5\u00bf\u00d5\u00b8\u00d6\u0082\u00d6\u0080 \u00d4\u00b1\u00d5\u00bd\u00d5\u00a1\u00d5\u00bf\u00d6\u0080\u00d5\u00b5\u00d5\u00a1\u00d5\u00b6",
      "timestamp": 1539032626
    },
    {
      "name": "Vardan Davtian",
      "timestamp": 1537102296
    },
    {
      "name": "Inessa Davtyan",
      "timestamp": 1537018287
    },
    {
      "name": "Narek Hambarcumyan",
      "timestamp": 1536149965
    },
    {
      "name": "\u00d5\u0084\u00d5\u00a1\u00d5\u00b6\u00d5\u00a5 \u00d5\u008a\u00d5\u00a5\u00d5\u00bf\u00d6\u0080\u00d5\u00b8\u00d5\u00bd\u00d5\u00b5\u00d5\u00a1\u00d5\u00b6\u00d6\u0081",
      "timestamp": 1536149220
    },
    {
      "name": "Vahe Manukyan",
      "timestamp": 1536083573
    },
    {
      "name": "Artak Beyleryan",
      "timestamp": 1536056126
    },
    {
      "name": "\u00d0\u0090\u00d0\u00bb\u00d0\u00b5\u00d0\u00bd \u00d0\u0093\u00d1\u0080\u00d0\u00b8\u00d0\u00b3\u00d0\u00be\u00d1\u0080\u00d1\u008f\u00d0\u00bd",
      "timestamp": 1535998852
    },
    {
      "name": "Qristine  Hartenyan",
      "timestamp": 1535835924
    },
    {
      "name": "Arsen Alumyan",
      "timestamp": 1535493536
    },
    {
      "name": "Syuzi Sargsyan",
      "timestamp": 1535229628
    },
    {
      "name": "Irena Tagesyan",
      "timestamp": 1535213550
    },
    {
      "name": "\u00d5\u0084\u00d5\u00ab\u00d5\u00b6\u00d5\u00a1 \u00d5\u0086\u00d5\u00a1\u00d5\u00a6\u00d5\u00a1\u00d6\u0080\u00d5\u00b5\u00d5\u00a1\u00d5\u00b6 ",
      "timestamp": 1534960935
    },
    {
      "name": "Anna Badalyan",
      "timestamp": 1534874557
    },
    {
      "name": "Lucie Petrosyan",
      "timestamp": 1534418123
    },
    {
      "name": "Luiza Matevosyan",
      "timestamp": 1534065918
    },
    {
      "name": "Gor S-yan",
      "timestamp": 1533634408
    },
    {
      "name": "Marina Grigoryan",
      "timestamp": 1533589663
    },
    {
      "name": "Lilia Alumyan",
      "timestamp": 1533554129
    },
    {
      "name": "Shush Chakhoyan",
      "timestamp": 1533538371
    },
    {
      "name": "Suren Grigoryan",
      "timestamp": 1533503124
    },
    {
      "name": "Gohar Amiryan",
      "timestamp": 1533501834
    },
    {
      "name": "\u00d4\u00b1\u00d5\u00b5\u00d5\u00a1 \u00d5\u0084\u00d5\u00a5\u00d5\u00ac\u00d5\u00a1\u00d5\u00b6\u00d5\u00ab \u00d5\u0084\u00d5\u00a1\u00d5\u00b6\u00d5\u00b8\u00d6\u0082\u00d5\u00af\u00d5\u00b5\u00d5\u00a1\u00d5\u00b6",
      "timestamp": 1533497477
    },
    {
      "name": "Svetlana Manukyan",
      "timestamp": 1533489886
    },
    {
      "name": "Angelina Aghababyan",
      "timestamp": 1533477255
    },
    {
      "name": "Ida Arustamyan",
      "timestamp": 1533420935
    },
    {
      "name": "\u00d5\u0084\u00d5\u00ab\u00d5\u00ac\u00d5\u00a5\u00d5\u00b6\u00d5\u00a1 \u00d4\u00b9\u00d5\u00a1\u00d5\u00a4\u00d6\u0087\u00d5\u00b8\u00d5\u00bd\u00d5\u00b5\u00d5\u00a1\u00d5\u00b6",
      "timestamp": 1533413561
    },
    {
      "name": "Anna Petrosyan",
      "timestamp": 1533413033
    },
    {
      "name": "Hakobyan Lilit",
      "timestamp": 1533407240
    },
    {
      "name": "Edgar Mihranyan",
      "timestamp": 1533404492
    },
    {
      "name": "Elen  Babakhanyan",
      "timestamp": 1533402856
    },
    {
      "name": "Arm Gredit",
      "timestamp": 1533400524
    },
    {
      "name": "\u00d4\u00b1\u00d5\u00b6\u00d5\u00ab \u00d4\u00b9\u00d5\u00a1\u00d5\u00b7\u00d5\u00b9\u00d5\u00b5\u00d5\u00a1\u00d5\u00b6",
      "timestamp": 1533365991
    },
    {
      "name": "Mary Alumyan",
      "timestamp": 1533363335
    },
    {
      "name": "Anna Hakobyan",
      "timestamp": 1533358825
    },
    {
      "name": "Hamdy Fawzy",
      "timestamp": 1533358647
    },
    {
      "name": "Nane Poghosyan",
      "timestamp": 1533240081
    },
    {
      "name": "Seda Davtyan",
      "timestamp": 1533131065
    },
    {
      "name": "Armen Hakobyan",
      "timestamp": 1533125546
    },
    {
      "name": "Meri Kirakosyan",
      "timestamp": 1533118118
    },
    {
      "name": "Yeva Davtyan",
      "timestamp": 1533109627
    },
    {
      "name": "Ed Ghazaryan",
      "timestamp": 1533065096
    },
    {
      "name": "Nelly Gabrielyan",
      "timestamp": 1533064859
    },
    {
      "name": "\u00d4\u00b1\u00d5\u00bd\u00d5\u00bf\u00d5\u00b2\u00d5\u00ab\u00d5\u00af \u00d5\u0086\u00d5\u00ab\u00d5\u00af\u00d5\u00b8\u00d5\u00b2\u00d5\u00b8\u00d5\u00bd\u00d5\u00b5\u00d5\u00a1\u00d5\u00b6",
      "timestamp": 1533043554
    },
    {
      "name": "\u00d5\u0084\u00d5\u00a5\u00d6\u0080\u00d5\u00ab \u00d5\u0086\u00d5\u00a1\u00d5\u00ac\u00d5\u00a2\u00d5\u00a1\u00d5\u00b6\u00d5\u00a4\u00d5\u00b5\u00d5\u00a1\u00d5\u00b6",
      "timestamp": 1533027467
    },
    {
      "name": "Vahan Torosyan",
      "timestamp": 1533023362
    },
    {
      "name": "Nane Sargsyan",
      "timestamp": 1533022100
    },
    {
      "name": "Amali A-yan",
      "timestamp": 1533018367
    },
    {
      "name": "Lyudmila Galstyan",
      "timestamp": 1533015726
    },
    {
      "name": "Dav Safaryan",
      "timestamp": 1533013785
    },
    {
      "name": "Hamlet Sargsyan",
      "timestamp": 1532993653
    },
    {
      "name": "Nune Engibaryan",
      "timestamp": 1532988818
    },
    {
      "name": "Yesayan Nina",
      "timestamp": 1532985994
    },
    {
      "name": "\u00d4\u00b6\u00d5\u00a1\u00d6\u0080\u00d5\u00b8\u00d6\u0082\u00d5\u00b0\u00d5\u00ab \u00d5\u0084\u00d5\u00a1\u00d5\u00b6\u00d5\u00b8\u00d6\u0082\u00d5\u00af\u00d5\u00b5\u00d5\u00a1\u00d5\u00b6",
      "timestamp": 1532984790
    },
    {
      "name": "\u00d5\u0086\u00d5\u00a1\u00d5\u00b6\u00d5\u00a5 \u00d4\u00b1\u00d5\u00be\u00d5\u00a1\u00d5\u00b6\u00d5\u00a5\u00d5\u00bd\u00d5\u00b5\u00d5\u00a1\u00d5\u00b6",
      "timestamp": 1532984584
    },
    {
      "name": "Minas  Avagyan",
      "timestamp": 1532983027
    },
    {
      "name": "Elina Mantashyan",
      "timestamp": 1532980017
    },
    {
      "name": "Arega Margaryan",
      "timestamp": 1532979911
    },
    {
      "name": "Lilit Galstyan",
      "timestamp": 1532979853
    },
    {
      "name": "Grigor Khachatryan",
      "timestamp": 1532979824
    },
    {
      "name": "Tigran Najaryan",
      "timestamp": 1532979813
    },
    {
      "name": "Laura Poghosyan",
      "timestamp": 1532979812
    },
    {
      "name": "Grigor Kirakossyan",
      "timestamp": 1532979811
    },
    {
      "name": "\u00d4\u00b9\u00d5\u00b8\u00d6\u0082\u00d5\u00b4\u00d5\u00b8\u00d5\u00b5\u00d5\u00a1\u00d5\u00b6 \u00d4\u00b5\u00d5\u00ac\u00d5\u00a5\u00d5\u00b6\u00d5\u00a1",
      "timestamp": 1532979809
    },
    {
      "name": "Marine Khachatryan",
      "timestamp": 1532979764
    },
    {
      "name": "\u00d5\u008d\u00d5\u00b8\u00d5\u00b6\u00d5\u00a1 \u00d4\u00b1\u00d5\u00be\u00d5\u00a1\u00d5\u00a3\u00d5\u00b5\u00d5\u00a1\u00d5\u00b6",
      "timestamp": 1532979745
    },
    {
      "name": "Donara Teymurazyan",
      "timestamp": 1532979722
    },
    {
      "name": "\u00d5\u008b\u00d5\u00b8\u00d6\u0082\u00d5\u00ac\u00d5\u00ab \u00d4\u00b3\u00d6\u0087\u00d5\u00b8\u00d6\u0080\u00d5\u00af\u00d5\u00b5\u00d5\u00a1\u00d5\u00b6",
      "timestamp": 1532979705
    },
    {
      "name": "Alex Mikaelyan",
      "timestamp": 1532776208
    },
    {
      "name": "\u00d5\u0080\u00d5\u00a1\u00d5\u00b4",
      "timestamp": 1532726240
    },
    {
      "name": "Edmon Khachatryan",
      "timestamp": 1532499777
    },
    {
      "name": "Arsine Hakobyan",
      "timestamp": 1532471685
    },
    {
      "name": "Shahen Khandkaryan",
      "timestamp": 1532254442
    },
    {
      "name": "Armen Arustamyan",
      "timestamp": 1531229698
    },
    {
      "name": "Paruyr Amirjanyan",
      "timestamp": 1530771867
    },
    {
      "name": "Shushanik Baghdasaryan",
      "timestamp": 1530739726
    },
    {
      "name": "Alvina Khachatryan",
      "timestamp": 1530248804
    },
    {
      "name": "\u00d5\u0084\u00d5\u00a1\u00d5\u00bf\u00d5\u00ab\u00d5\u00b6\u00d5\u00b5\u00d5\u00a1\u00d5\u00b6 \u00d4\u00bc\u00d5\u00ab\u00d5\u00ac\u00d5\u00ab\u00d5\u00a9",
      "timestamp": 1529304161
    },
    {
      "name": "\u00d4\u00b1\u00d5\u00ac\u00d5\u00a2\u00d5\u00a5\u00d6\u0080\u00d5\u00bf \u00d5\u008d\u00d5\u00a1\u00d5\u00b0\u00d5\u00a1\u00d5\u00af\u00d5\u00b5\u00d5\u00a1\u00d5\u00b6",
      "timestamp": 1527622422
    },
    {
      "name": "Davo Nalbandyan",
      "timestamp": 1526984941
    },
    {
      "name": "Sirun Davtyan",
      "timestamp": 1526973850
    },
    {
      "name": "Lilit Poghosyan",
      "timestamp": 1526927027
    },
    {
      "name": "Hayk Petrosyan",
      "timestamp": 1526703454
    },
    {
      "name": "Marta Aghajanyan",
      "timestamp": 1525457267
    },
    {
      "name": "Gr\u00c3\u00a9ta Avagy\u00c3\u00a0n",
      "timestamp": 1523647320
    },
    {
      "name": "Elen Aghalovyan",
      "timestamp": 1523221418
    },
    {
      "name": "Tatev Darbinyan",
      "timestamp": 1523173938
    },
    {
      "name": "Sos Frangulyan",
      "timestamp": 1522910654
    },
    {
      "name": "Sergo Poghosyan",
      "timestamp": 1522863611
    },
    {
      "name": "Meline Tadevosyan",
      "timestamp": 1522723224
    },
    {
      "name": "Ani Kapzmalyan",
      "timestamp": 1520627767
    },
    {
      "name": "Hranto S-yan",
      "timestamp": 1517240371
    },
    {
      "name": "Hayk Araqelyan",
      "timestamp": 1507372407
    },
    {
      "name": "Pash  Yeranosyan",
      "timestamp": 1498585770
    },
    {
      "name": "Hayk Navoyan",
      "timestamp": 1489321191
    },
    {
      "name": "Erik Miqayelyan",
      "timestamp": 1488256187
    },
    {
      "name": "Arsen  Hakobyan",
      "timestamp": 1488179462
    },
    {
      "name": "Elena K-yan",
      "timestamp": 1486232718
    },
    {
      "name": "Artak Hakobyan",
      "timestamp": 1483481038
    },
    {
      "name": "Vahag Aghajanyan",
      "timestamp": 1482048056
    },
    {
      "name": "\u00d0\u0094\u00d0\u00b8\u00d0\u00b0\u00d0\u00bd\u00d0\u00b0 \u00d0\u0090\u00d0\u00b2\u00d0\u00b0\u00d0\u00ba\u00d1\u008f\u00d0\u00bd",
      "timestamp": 1478362846
    },
    {
      "name": "Sona Mughdusyan",
      "timestamp": 1475522491
    },
    {
      "name": "Gayane  Hovsepyan",
      "timestamp": 1475511140
    },
    {
      "name": "Susanna Danielyan",
      "timestamp": 1475432829
    },
    {
      "name": "\u00d4\u00b1\u00d6\u0080\u00d5\u00a1\u00d5\u00b4 \u00d5\u008d\u00d5\u00b8\u00d5\u00b2\u00d5\u00b8\u00d5\u00b4\u00d5\u00b8\u00d5\u00b6\u00d5\u00b5\u00d5\u00a1\u00d5\u00b6",
      "timestamp": 1474914446
    },
    {
      "name": "Karine Badalyan",
      "timestamp": 1470772390
    },
    {
      "name": "Lusine Avakyan",
      "timestamp": 1468227588
    },
    {
      "name": "Siranush Aghajanyan",
      "timestamp": 1464672775
    },
    {
      "name": "Elen Hartenyan",
      "timestamp": 1461504745
    },
    {
      "name": "Shahane Mambreyan",
      "timestamp": 1459587129
    },
    {
      "name": "Mary Arustamyan",
      "timestamp": 1459077007
    },
    {
      "name": "Narek Aghbalyan",
      "timestamp": 1457415285
    },
    {
      "name": "Arpy Simonian",
      "timestamp": 1442126260
    },
    {
      "name": "Mariam Aghajanyan",
      "timestamp": 1441910631
    },
    {
      "name": "Hasmik Tigranyan",
      "timestamp": 1441216032
    },
    {
      "name": "Suzanna Grigoryan",
      "timestamp": 1439997994
    },
    {
      "name": "Anahit Ghukasyan",
      "timestamp": 1439538133
    },
    {
      "name": "Lusine Tadevosyan",
      "timestamp": 1435347114
    },
    {
      "name": "Areg Amirjanyan",
      "timestamp": 1434814024
    },
    {
      "name": "Venera Aghajanyan",
      "timestamp": 1433185010
    },
    {
      "name": "\u00d5\u0086\u00d5\u00a1\u00d6\u0080\u00d5\u00a5\u00d5\u00af \u00d4\u00b4\u00d5\u00a1\u00d5\u00be\u00d5\u00a9\u00d5\u00b5\u00d5\u00a1\u00d5\u00b6",
      "timestamp": 1432323769
    },
    {
      "name": "Arsen  Khachatryan",
      "timestamp": 1427128711
    },
    {
      "name": "\u00d5\u008e\u00d5\u00a1\u00d5\u00b9\u00d5\u00a1\u00d5\u00a3\u00d5\u00a1\u00d5\u00b6 \u00d4\u00b9\u00d5\u00a1\u00d5\u00a4\u00d6\u0087\u00d5\u00b8\u00d5\u00bd\u00d5\u00b5\u00d5\u00a1\u00d5\u00b6",
      "timestamp": 1424093034
    },
    {
      "name": "Gor G-Yan",
      "timestamp": 1416404079
    },
    {
      "name": "Armen Xachatryan",
      "timestamp": 1414163591
    },
    {
      "name": "Naira Melkonyan",
      "timestamp": 1405443503
    },
    {
      "name": "Vehanush Aghajanyan",
      "timestamp": 1405366625
    },
    {
      "name": "Tigran Aghbalyan",
      "timestamp": 1405339332
    },
    {
      "name": "Meri Arustamyan",
      "timestamp": 1405335581
    },
    {
      "name": "Vardan Aghbalyan",
      "timestamp": 1405316901
    },
    {
      "name": "Arthur Mambreyan",
      "timestamp": 1405281403
    },
    {
      "name": "\u00d4\u00b1\u00d6\u0080\u00d5\u00b4\u00d5\u00a5\u00d5\u00b6 \u00d5\u0084\u00d5\u00a1\u00d5\u00b4\u00d5\u00a2\u00d6\u0080\u00d5\u00a5\u00d5\u00b5\u00d5\u00a1\u00d5\u00b6",
      "timestamp": 1405281188
    },
    {
      "name": "Vardan Arustamyan",
      "timestamp": 1405277304
    },
    {
      "name": "Vahe Tadevossian",
      "timestamp": 1405276313
    },
    {
      "name": "Vahe Mambreyan",
      "timestamp": 1405257029
    },
    {
      "name": "Gohar Mambreyan",
      "timestamp": 1405256959
    }
  ]
}