{
  "archived_stories_v2": [
    {
      "timestamp": 1558764274,
      "attachments": [
        {
          "data": [
            {
              "media": {
                "uri": "your_activity_across_facebook/posts/media/your_posts/61013070_1097497383777597_6714764888612274176_n_1097497377110931.jpg",
                "creation_timestamp": 1558850676,
                "media_metadata": {
                  "photo_metadata": {
                    "exif_data": [
                      {
                        "upload_ip": "46.70.220.37",
                        "taken_timestamp": 1558850678
                      }
                    ]
                  }
                }
              }
            }
          ]
        }
      ],
      "data": [
        {
          
        },
        {
          
        },
        {
          
        },
        {
          
        }
      ],
      "title": "Nane Poghosyan's photo from Nane Mambreyan's birthday story was added to Nane's archive."
    },
    {
      "timestamp": 1558801608,
      "attachments": [
        {
          "data": [
            {
              "media": {
                "uri": "your_activity_across_facebook/posts/media/your_posts/60965606_1097795860414416_7687939774203559936_n_1097795857081083.jpg",
                "creation_timestamp": 1558888009,
                "media_metadata": {
                  "photo_metadata": {
                    "exif_data": [
                      {
                        "upload_ip": "185.215.53.181",
                        "taken_timestamp": 1558888011
                      }
                    ]
                  }
                }
              }
            }
          ]
        }
      ],
      "data": [
        {
          
        },
        {
          
        },
        {
          
        },
        {
          
        }
      ],
      "title": "Susanna Danielyan's photo from Nane Mambreyan's birthday story was added to Nane's archive."
    },
    {
      "timestamp": 1590386986,
      "attachments": [
        {
          "data": [
            {
              
            }
          ]
        }
      ],
      "data": [
        {
          
        },
        {
          
        },
        {
          
        },
        {
          
        }
      ],
      "title": "Nane Poghosyan's photo from Nane Mambreyan's birthday story was added to Nane's archive."
    },
    {
      "timestamp": 1590429342,
      "attachments": [
        {
          "data": [
            {
              
            }
          ]
        }
      ],
      "data": [
        {
          
        },
        {
          
        },
        {
          
        },
        {
          
        }
      ],
      "title": "Suzanna Grigoryan's photo from Nane Mambreyan's birthday story was added to Nane's archive."
    },
    {
      "timestamp": 1602696368,
      "attachments": [
        {
          "data": [
            {
              "media": {
                "uri": "your_activity_across_facebook/posts/media/your_posts/121555870_1508318496028815_2222387088803524985_n_1508318489362149.jpg",
                "creation_timestamp": 1602696366,
                "media_metadata": {
                  "photo_metadata": {
                    "exif_data": [
                      {
                        "upload_ip": "37.252.82.84",
                        "taken_timestamp": 1602696368,
                        "orientation": 1
                      }
                    ]
                  }
                }
              }
            }
          ]
        }
      ],
      "data": [
        {
          
        },
        {
          
        },
        {
          
        },
        {
          
        }
      ],
      "title": "A photo from Nane Mambreyan's story was added to her archive."
    },
    {
      "timestamp": 1612465707,
      "attachments": [
        {
          "data": [
            {
              "media": {
                "uri": "your_activity_across_facebook/posts/media/your_posts/146484174_1598271743700156_1227760665290002402_n_1598271740366823.jpg",
                "creation_timestamp": 1612465702,
                "media_metadata": {
                  "photo_metadata": {
                    "exif_data": [
                      {
                        "upload_ip": "37.252.83.184",
                        "taken_timestamp": 1612465707,
                        "orientation": 1
                      }
                    ]
                  }
                }
              }
            }
          ]
        }
      ],
      "data": [
        {
          
        },
        {
          
        },
        {
          
        },
        {
          
        }
      ],
      "title": "A photo from Nane Mambreyan's story was added to her archive."
    },
    {
      "timestamp": 1615648629,
      "attachments": [
        {
          "data": [
            {
              "media": {
                "uri": "your_activity_across_facebook/posts/media/your_posts/160574697_1624160347777962_6321327234775789797_n_1624160337777963.jpg",
                "creation_timestamp": 1615648626,
                "media_metadata": {
                  "photo_metadata": {
                    "exif_data": [
                      {
                        "upload_ip": "37.252.93.91",
                        "taken_timestamp": 1615648629,
                        "orientation": 1
                      }
                    ]
                  }
                }
              }
            }
          ]
        }
      ],
      "data": [
        {
          
        },
        {
          
        },
        {
          
        },
        {
          
        }
      ],
      "title": "A photo from Nane Mambreyan's story was added to her archive."
    },
    {
      "timestamp": 1616085323,
      "attachments": [
        {
          "data": [
            {
              "media": {
                "uri": "your_activity_across_facebook/posts/media/your_posts/162195459_1627914237402573_1201161865235268233_n_1627914234069240.jpg",
                "creation_timestamp": 1616085321,
                "media_metadata": {
                  "photo_metadata": {
                    "exif_data": [
                      {
                        "upload_ip": "37.252.92.17",
                        "taken_timestamp": 1616085323,
                        "orientation": 1
                      }
                    ]
                  }
                }
              }
            }
          ]
        }
      ],
      "data": [
        {
          
        },
        {
          
        },
        {
          
        },
        {
          
        }
      ],
      "title": "A photo from Nane Mambreyan's story was added to her archive."
    },
    {
      "timestamp": 1619301172,
      "attachments": [
        {
          "data": [
            {
              "media": {
                "uri": "your_activity_across_facebook/posts/media/your_posts/178566166_1654531274740869_5476938237627751782_n_1654531271407536.jpg",
                "creation_timestamp": 1619301169,
                "media_metadata": {
                  "photo_metadata": {
                    "exif_data": [
                      {
                        "upload_ip": "37.252.92.108",
                        "taken_timestamp": 1619301172,
                        "orientation": 1
                      }
                    ]
                  }
                }
              }
            }
          ]
        }
      ],
      "data": [
        {
          
        },
        {
          
        },
        {
          
        },
        {
          
        }
      ],
      "title": "A photo from Nane Mambreyan's story was added to her archive."
    },
    {
      "timestamp": 1620059389,
      "attachments": [
        {
          "data": [
            {
              "media": {
                "uri": "your_activity_across_facebook/posts/media/your_posts/181087043_1660692100791453_8165128009816774940_n_1660692097458120.jpg",
                "creation_timestamp": 1620059387,
                "media_metadata": {
                  "photo_metadata": {
                    "exif_data": [
                      {
                        "upload_ip": "37.252.94.205",
                        "taken_timestamp": 1620059389,
                        "orientation": 1
                      }
                    ]
                  }
                }
              }
            }
          ]
        }
      ],
      "data": [
        {
          
        },
        {
          
        },
        {
          
        },
        {
          
        }
      ],
      "title": "A photo from Nane Mambreyan's story was added to her archive."
    },
    {
      "timestamp": 1630829486,
      "attachments": [
        {
          "data": [
            {
              "media": {
                "uri": "your_activity_across_facebook/posts/media/videos/241092458_289925209604650_5449836405415250249_n_1230030054128019.mp4",
                "creation_timestamp": 1630829481,
                "media_metadata": {
                  "video_metadata": {
                    "exif_data": [
                      {
                        "upload_ip": "37.252.83.117",
                        "upload_timestamp": 0
                      }
                    ]
                  }
                },
                "title": "",
                "description": ""
              }
            }
          ]
        }
      ],
      "data": [
        {
          
        },
        {
          
        },
        {
          
        },
        {
          
        }
      ],
      "title": "A video from Nane Mambreyan's story was added to her archive."
    },
    {
      "timestamp": 1631900575,
      "attachments": [
        {
          "data": [
            {
              "media": {
                "uri": "your_activity_across_facebook/posts/media/videos/241956669_655740552055841_3816580013714138666_n_980873335812826.mp4",
                "creation_timestamp": 1631900562,
                "media_metadata": {
                  "video_metadata": {
                    "exif_data": [
                      {
                        "upload_ip": "37.252.80.242",
                        "upload_timestamp": 0
                      }
                    ]
                  }
                },
                "title": "",
                "description": ""
              }
            }
          ]
        }
      ],
      "data": [
        {
          
        },
        {
          
        },
        {
          
        },
        {
          
        }
      ],
      "title": "A video from Nane Mambreyan's story was added to her archive."
    },
    {
      "timestamp": 1644087960,
      "attachments": [
        {
          "data": [
            {
              "media": {
                "uri": "your_activity_across_facebook/posts/media/your_posts/376234719_2275542512639739_4550111220078983521_n_2275542529306404.jpg",
                "creation_timestamp": 1644087961
              }
            }
          ]
        }
      ],
      "data": [
        {
          
        },
        {
          
        },
        {
          
        },
        {
          
        }
      ],
      "title": "A photo from Nane Mambreyan's story was added to her archive."
    },
    {
      "timestamp": 1663869351,
      "attachments": [
        {
          "data": [
            {
              "media": {
                "uri": "your_activity_across_facebook/posts/media/videos/301579149_495971342538263_8891965378940094960_n_384150820444805.mp4",
                "creation_timestamp": 1663869335,
                "media_metadata": {
                  "video_metadata": {
                    "exif_data": [
                      {
                        "upload_ip": "37.252.92.195",
                        "upload_timestamp": 0
                      }
                    ]
                  }
                },
                "title": "",
                "description": ""
              }
            }
          ]
        }
      ],
      "data": [
        {
          
        },
        {
          
        },
        {
          
        },
        {
          
        }
      ],
      "title": "A video from Nane Mambreyan's story was added to her archive."
    },
    {
      "timestamp": 1669901648,
      "attachments": [
        {
          "data": [
            {
              "media": {
                "uri": "your_activity_across_facebook/posts/media/your_posts/317730191_2083250008535658_6916905994366345708_n_2083249945202331.jpg",
                "creation_timestamp": 1669901646,
                "media_metadata": {
                  "photo_metadata": {
                    "exif_data": [
                      {
                        "upload_ip": "87.241.184.224",
                        "taken_timestamp": 1669901648,
                        "orientation": 1
                      }
                    ]
                  }
                }
              }
            }
          ]
        }
      ],
      "data": [
        {
          
        },
        {
          
        },
        {
          
        },
        {
          
        }
      ],
      "title": "A photo from Nane Mambreyan's story was added to her archive."
    }
  ]
}