{
  "name": "Cover photos",
  "photos": [
    {
      "uri": "your_activity_across_facebook/posts/media/Coverphotos_gykIvvCQSg/17191627_645399372320736_2928209279141175328_o_645399372320736.jpg",
      "creation_timestamp": 1489251043,
      "media_metadata": {
        "photo_metadata": {
          "exif_data": [
            {
              "upload_ip": "37.186.123.130",
              "taken_timestamp": 1489251088
            }
          ]
        }
      },
      "title": "Cover photos"
    },
    {
      "uri": "your_activity_across_facebook/posts/media/Coverphotos_gykIvvCQSg/40380189_939145529612784_8959931679359631360_n_939145522946118.jpg",
      "creation_timestamp": 1535612634,
      "media_metadata": {
        "photo_metadata": {
          "exif_data": [
            {
              "upload_ip": "78.109.67.242",
              "taken_timestamp": 1535555819
            }
          ]
        }
      },
      "title": "Cover photos"
    },
    {
      "uri": "your_activity_across_facebook/posts/media/Coverphotos_gykIvvCQSg/175807362_1650207178506612_488032686648550611_n_1650207175173279.jpg",
      "creation_timestamp": 1618769503,
      "media_metadata": {
        "photo_metadata": {
          "exif_data": [
            {
              "upload_ip": "37.252.93.158",
              "taken_timestamp": 1618755369,
              "modified_timestamp": 1618755369,
              "orientation": 1,
              "original_width": 4152,
              "original_height": 2776
            }
          ]
        }
      },
      "title": "Cover photos"
    },
    {
      "uri": "your_activity_across_facebook/posts/media/Coverphotos_gykIvvCQSg/241507700_1756364571224205_1553161407491797801_n_1756364527890876.jpg",
      "creation_timestamp": 1631651924,
      "media_metadata": {
        "photo_metadata": {
          "exif_data": [
            {
              "upload_ip": "37.252.93.216",
              "taken_timestamp": 1631651927,
              "orientation": 1
            }
          ]
        }
      },
      "title": "Cover photos"
    }
  ],
  "cover_photo": {
    "uri": "your_activity_across_facebook/posts/media/Coverphotos_gykIvvCQSg/241507700_1756364571224205_1553161407491797801_n_1756364527890876.jpg",
    "creation_timestamp": 1631651924,
    "media_metadata": {
      "photo_metadata": {
        "exif_data": [
          {
            "upload_ip": "37.252.93.216",
            "taken_timestamp": 1631651927,
            "orientation": 1
          }
        ]
      }
    },
    "title": "Cover photos"
  },
  "last_modified_timestamp": 1631651927,
  "description": ""
}