{
  "name": "Mobile uploads",
  "photos": [
    {
      "uri": "your_activity_across_facebook/posts/media/Mobileuploads_Ke6xQWgUjg/20988325_727566730770666_7165822750436364419_o_727566730770666.jpg",
      "creation_timestamp": 1503348509,
      "media_metadata": {
        "photo_metadata": {
          "exif_data": [
            {
              "upload_ip": "37.186.123.130",
              "taken_timestamp": 1487416127
            }
          ]
        }
      },
      "title": "Mobile uploads",
      "description": "Erexeeeq hl@ teseq inchem gteel\u00f0\u009f\u0098\u0082\u00f0\u009f\u0098\u0082"
    },
    {
      "uri": "your_activity_across_facebook/posts/media/Mobileuploads_Ke6xQWgUjg/22041949_742478522612820_7191196038161859112_o_742478522612820.jpg",
      "creation_timestamp": 1506612151,
      "media_metadata": {
        "photo_metadata": {
          "exif_data": [
            {
              "upload_ip": "37.186.123.130",
              "taken_timestamp": 1506612219
            }
          ]
        }
      },
      "title": "Mobile uploads",
      "description": "Arp erazanq pahi\u00f0\u009f\u0098\u0082\u00f0\u009f\u0098\u009d"
    },
    {
      "uri": "your_activity_across_facebook/posts/media/Mobileuploads_Ke6xQWgUjg/119950680_1487151431478855_7530683516215259491_n_1487151428145522.jpg",
      "creation_timestamp": 1600548368,
      "media_metadata": {
        "photo_metadata": {
          "exif_data": [
            {
              "upload_ip": "37.252.94.184",
              "taken_timestamp": 1600548370,
              "orientation": 1
            }
          ]
        }
      },
      "title": "Mobile uploads"
    },
    {
      "uri": "your_activity_across_facebook/posts/media/Mobileuploads_Ke6xQWgUjg/240759721_1742758212584841_645639801815596795_n_1742758209251508.jpg",
      "creation_timestamp": 1629990681,
      "media_metadata": {
        "photo_metadata": {
          "exif_data": [
            {
              "upload_ip": "37.252.95.40",
              "taken_timestamp": 1629830742,
              "modified_timestamp": 1629830742,
              "orientation": 1,
              "original_width": 1200,
              "original_height": 1600
            }
          ]
        }
      },
      "title": "Mobile uploads",
      "description": "Long story short"
    }
  ],
  "cover_photo": {
    "uri": "your_activity_across_facebook/posts/media/Mobileuploads_Ke6xQWgUjg/240759721_1742758212584841_645639801815596795_n_1742758209251508.jpg",
    "creation_timestamp": 1629990681,
    "media_metadata": {
      "photo_metadata": {
        "exif_data": [
          {
            "upload_ip": "37.252.95.40",
            "taken_timestamp": 1629830742,
            "modified_timestamp": 1629830742,
            "orientation": 1,
            "original_width": 1200,
            "original_height": 1600
          }
        ]
      }
    },
    "title": "Mobile uploads",
    "description": "Long story short"
  },
  "last_modified_timestamp": 1629990683,
  "description": ""
}