{
  "name": "Profile pictures",
  "photos": [
    {
      "uri": "your_activity_across_facebook/posts/media/Profilepictures_L7ZvF7UhkA/16266060_624348211092519_4184310207639696861_n_624348211092519.jpg",
      "creation_timestamp": 1485448657,
      "media_metadata": {
        "photo_metadata": {
          "exif_data": [
            {
              "upload_ip": "37.186.123.130",
              "taken_timestamp": 1485448659
            }
          ]
        }
      },
      "title": "Profile pictures"
    },
    {
      "uri": "your_activity_across_facebook/posts/media/Profilepictures_L7ZvF7UhkA/19274959_696306897229983_4825759320256919529_n_696306897229983.jpg",
      "creation_timestamp": 1497789008,
      "media_metadata": {
        "photo_metadata": {
          "exif_data": [
            {
              "upload_ip": "87.241.185.180",
              "taken_timestamp": 1497789010
            }
          ]
        }
      },
      "title": "Profile pictures"
    },
    {
      "uri": "your_activity_across_facebook/posts/media/Profilepictures_L7ZvF7UhkA/23376323_759695534224452_8666185860043898728_n_759695534224452.jpg",
      "creation_timestamp": 1509987588,
      "media_metadata": {
        "photo_metadata": {
          "exif_data": [
            {
              "upload_ip": "37.186.123.130",
              "taken_timestamp": 1509987588
            }
          ]
        }
      },
      "title": "Profile pictures"
    },
    {
      "uri": "your_activity_across_facebook/posts/media/Profilepictures_L7ZvF7UhkA/29749447_830081917185813_7525379055502049218_o_830081917185813.jpg",
      "creation_timestamp": 1522610870,
      "media_metadata": {
        "photo_metadata": {
          "exif_data": [
            {
              "upload_ip": "195.250.72.44",
              "taken_timestamp": 1522610871
            }
          ]
        }
      },
      "title": "Profile pictures"
    },
    {
      "uri": "your_activity_across_facebook/posts/media/Profilepictures_L7ZvF7UhkA/48358920_994638284063508_1916092555510939648_n_994638277396842.jpg",
      "creation_timestamp": 1544376340,
      "media_metadata": {
        "photo_metadata": {
          "exif_data": [
            {
              "upload_ip": "37.186.86.148",
              "taken_timestamp": 1544376343
            }
          ]
        }
      },
      "title": "Profile pictures"
    },
    {
      "uri": "your_activity_across_facebook/posts/media/Profilepictures_L7ZvF7UhkA/69115159_1157079381152730_1606415895821811712_n_1157079374486064.jpg",
      "creation_timestamp": 1566287790,
      "media_metadata": {
        "photo_metadata": {
          "exif_data": [
            {
              "upload_ip": "195.250.65.180",
              "taken_timestamp": 1566287793
            }
          ]
        }
      },
      "title": "Profile pictures"
    },
    {
      "uri": "your_activity_across_facebook/posts/media/Profilepictures_L7ZvF7UhkA/153286099_1610568972470433_7860778591169173107_n_1610568965803767.jpg",
      "creation_timestamp": 1614015903,
      "media_metadata": {
        "photo_metadata": {
          "exif_data": [
            {
              "upload_ip": "37.252.94.15",
              "taken_timestamp": 1614015905
            }
          ]
        }
      },
      "title": "Profile pictures"
    },
    {
      "uri": "your_activity_across_facebook/posts/media/Profilepictures_L7ZvF7UhkA/234452740_1729004233960239_6703312028563899651_n_1729004227293573.jpg",
      "creation_timestamp": 1628338000,
      "media_metadata": {
        "photo_metadata": {
          "exif_data": [
            {
              "upload_ip": "154.236.181.19",
              "taken_timestamp": 1628338004
            }
          ]
        }
      },
      "title": "Profile pictures"
    },
    {
      "uri": "your_activity_across_facebook/posts/media/Profilepictures_L7ZvF7UhkA/271709286_1839847959542532_7435388272552215179_n_1839847962875865.jpg",
      "creation_timestamp": 1641844998,
      "media_metadata": {
        "photo_metadata": {
          "exif_data": [
            {
              "upload_ip": "37.252.80.50",
              "taken_timestamp": 1641845000
            }
          ]
        }
      },
      "title": "Profile pictures"
    },
    {
      "uri": "your_activity_across_facebook/posts/media/Profilepictures_L7ZvF7UhkA/298411329_1990953261098667_4138469450096397357_n_1990953267765333.jpg",
      "creation_timestamp": 1660033596,
      "media_metadata": {
        "photo_metadata": {
          "exif_data": [
            {
              "upload_ip": "37.252.82.208",
              "taken_timestamp": 1660033599
            }
          ]
        }
      },
      "title": "Profile pictures"
    },
    {
      "uri": "your_activity_across_facebook/posts/media/Profilepictures_L7ZvF7UhkA/329598731_1517995392028699_2762563287226674534_n_2136671819860143.jpg",
      "creation_timestamp": 1675696833,
      "media_metadata": {
        "photo_metadata": {
          "exif_data": [
            {
              "upload_ip": "37.252.80.208",
              "taken_timestamp": 1675696836
            }
          ]
        }
      },
      "title": "Profile pictures"
    },
    {
      "uri": "your_activity_across_facebook/posts/media/Profilepictures_L7ZvF7UhkA/371024523_2266262583567732_7574658965390587358_n_2266262590234398.jpg",
      "creation_timestamp": 1693074556,
      "media_metadata": {
        "photo_metadata": {
          "exif_data": [
            {
              "upload_ip": "45.240.155.156",
              "taken_timestamp": 1693074558
            }
          ]
        }
      },
      "title": "Profile pictures"
    }
  ],
  "cover_photo": {
    "uri": "your_activity_across_facebook/posts/media/Profilepictures_L7ZvF7UhkA/371024523_2266262583567732_7574658965390587358_n_2266262590234398.jpg",
    "creation_timestamp": 1693074556,
    "media_metadata": {
      "photo_metadata": {
        "exif_data": [
          {
            "upload_ip": "45.240.155.156",
            "taken_timestamp": 1693074558
          }
        ]
      }
    },
    "title": "Profile pictures"
  },
  "last_modified_timestamp": 1693074559,
  "description": ""
}