{
  "name": "Timeline photos",
  "photos": [
    {
      "uri": "your_activity_across_facebook/posts/media/Timelinephotos_4zVU_M7kRw/311457788_2051894778337848_4442508832114893510_n_2051894705004522.jpg",
      "creation_timestamp": 1666529942,
      "media_metadata": {
        "photo_metadata": {
          "exif_data": [
            {
              "focal_length": "0/1",
              "upload_ip": "37.252.95.189",
              "taken_timestamp": 1666351523,
              "modified_timestamp": 1666351523,
              "camera_make": "--",
              "camera_model": "--",
              "exposure": "10000/10000",
              "f_stop": "0/10000",
              "orientation": 1,
              "original_width": 2982,
              "original_height": 4022
            }
          ]
        }
      },
      "title": "Timeline photos"
    }
  ],
  "cover_photo": {
    "uri": "your_activity_across_facebook/posts/media/Timelinephotos_4zVU_M7kRw/311457788_2051894778337848_4442508832114893510_n_2051894705004522.jpg",
    "creation_timestamp": 1666529942,
    "media_metadata": {
      "photo_metadata": {
        "exif_data": [
          {
            "focal_length": "0/1",
            "upload_ip": "37.252.95.189",
            "taken_timestamp": 1666351523,
            "modified_timestamp": 1666351523,
            "camera_make": "--",
            "camera_model": "--",
            "exposure": "10000/10000",
            "f_stop": "0/10000",
            "orientation": 1,
            "original_width": 2982,
            "original_height": 4022
          }
        ]
      }
    },
    "title": "Timeline photos"
  },
  "last_modified_timestamp": 1666529944,
  "description": ""
}