{
  "people_and_friends_v2": [
    {
      "name": "Favorites",
      "description": "Friends and Pages whose posts you've prioritized in your Feed",
      "entries": [
        {
          "timestamp": 1697310780,
          "data": {
            "name": "EduTravel",
            "uri": "https://www.facebook.com/EduTravelCompany"
          }
        },
        {
          "timestamp": 1686230420,
          "data": {
            "name": "Digitain Armenia",
            "uri": "https://www.facebook.com/DigitainArmenia"
          }
        },
        {
          "timestamp": 1684524456,
          "data": {
            "name": "Be GIF",
            "uri": "https://www.facebook.com/profile.php?id=100064883225993"
          }
        },
        {
          "timestamp": 1666128333,
          "data": {
            "name": "Sarcasm",
            "uri": "https://www.facebook.com/SarcasmLol"
          }
        },
        {
          "timestamp": 1664400240,
          "data": {
            "name": "AUA Confessions",
            "uri": "https://www.facebook.com/auaindulgence"
          }
        },
        {
          "timestamp": 1664322262,
          "data": {
            "name": "AUA Confessions / AnonyMouse",
            "uri": "https://www.facebook.com/aua.anonymouse"
          }
        },
        {
          "timestamp": 1662739373,
          "data": {
            "name": "AUA Office of Student Affairs",
            "uri": "https://www.facebook.com/AUAOSA"
          }
        },
        {
          "timestamp": 1662731020,
          "data": {
            "name": "What keeps you awake ?",
            "uri": "https://www.facebook.com/whatkeepsyouawake"
          }
        },
        {
          "timestamp": 1662067359,
          "data": {
            "name": "AUA Admissions",
            "uri": "https://www.facebook.com/auaadmissions"
          }
        },
        {
          "timestamp": 1660929468,
          "data": {
            "name": "AUA Confessions Direct",
            "uri": "https://www.facebook.com/profile.php?id=100070244076505"
          }
        },
        {
          "timestamp": 1657671656,
          "data": {
            "name": "E\u00cc\u00b6l\u00cc\u00b6e\u00cc\u00b6g\u00cc\u00b6a\u00cc\u00b6n\u00cc\u00b6t\u00cc\u00b6",
            "uri": "https://www.facebook.com/Elegant1337"
          }
        },
        {
          "timestamp": 1643275262,
          "data": {
            "name": "Artist Access TV",
            "uri": "https://www.facebook.com/artistaccesstvofficial"
          }
        },
        {
          "timestamp": 1638949781,
          "data": {
            "name": "Mood Vibes",
            "uri": "https://www.facebook.com/moodvibesz"
          }
        },
        {
          "timestamp": 1636279920,
          "data": {
            "name": "Vahe Mambreyan",
            "uri": "https://www.facebook.com/vahe.mambreyan"
          }
        },
        {
          "timestamp": 1636279914,
          "data": {
            "name": "Areg Amirjanyan",
            "uri": "https://www.facebook.com/profile.php?id=100009362758637"
          }
        },
        {
          "timestamp": 1636279912,
          "data": {
            "name": "Shahane Mambreyan",
            "uri": "https://www.facebook.com/profile.php?id=100004951519164"
          }
        },
        {
          "timestamp": 1636279836,
          "data": {
            "name": "Meline Tadevosyan",
            "uri": "https://www.facebook.com/profile.php?id=100008894642424"
          }
        }
      ]
    },
    {
      "name": "Unfollow",
      "description": "Friends, Pages and Groups you've unfollowed to stop seeing their posts.",
      "entries": [
        {
          "timestamp": 1698778289,
          "data": {
            "name": "Youth Educational Platform by MITK NGO",
            "uri": "https://www.facebook.com/groups/513838535923146/"
          }
        },
        {
          "timestamp": 1696174329,
          "data": {
            "name": "ElenaFox_Style",
            "uri": "https://facebook.com/100063886990847"
          }
        },
        {
          "timestamp": 1696174328,
          "data": {
            "name": "ElenaFox_Style",
            "uri": "https://www.facebook.com/profile.php?id=100063886990847"
          }
        },
        {
          "timestamp": 1687695796,
          "data": {
            "name": "Vladimir Sahakyan",
            "uri": "https://www.facebook.com/sahakyanvladimir"
          }
        },
        {
          "timestamp": 1672163808,
          "data": {
            "name": "Cinema Star Armenia",
            "uri": "https://facebook.com/cinemastararmenia"
          }
        },
        {
          "timestamp": 1670992039,
          "data": {
            "name": "\u00d4\u00b1\u00d6\u0080\u00d5\u00b4\u00d5\u00a1\u00d5\u00b6 \u00d4\u00b1\u00d6\u0080\u00d5\u00b4\u00d5\u00a1\u00d5\u00b2\u00d5\u00a1\u00d5\u00b6\u00d5\u00b5\u00d5\u00a1\u00d5\u00b6",
            "uri": "https://www.facebook.com/armaghanyan.arman"
          }
        },
        {
          "timestamp": 1667938361,
          "data": {
            "name": "Edo Petrosyan",
            "uri": "https://www.facebook.com/eduard.petrosyan.54"
          }
        },
        {
          "timestamp": 1664838952,
          "data": {
            "name": "Anush Hovhannisyan",
            "uri": "https://www.facebook.com/profile.php?id=100008719549329"
          }
        },
        {
          "timestamp": 1663459295,
          "data": {
            "name": "Donara Farsyan",
            "uri": "https://www.facebook.com/donara.farsyan"
          }
        },
        {
          "timestamp": 1654704293,
          "data": {
            "name": "Crash of Cars",
            "uri": "https://facebook.com/crashofcars"
          }
        },
        {
          "timestamp": 1647070405,
          "data": {
            "name": "Marianna Hovhannisyan",
            "uri": "https://www.facebook.com/marianna.hovhannisyan.73550"
          }
        },
        {
          "timestamp": 1643367327,
          "data": {
            "name": "Unica",
            "uri": "https://facebook.com/werunica"
          }
        },
        {
          "timestamp": 1640809537,
          "data": {
            "name": "Sergey Danielyan",
            "uri": "https://www.facebook.com/sergey.danielyan.50"
          }
        },
        {
          "timestamp": 1627502602,
          "data": {
            "name": "Hovo Hovakimyan",
            "uri": "https://www.facebook.com/profile.php?id=100008550753055"
          }
        },
        {
          "timestamp": 1625129634,
          "data": {
            "name": "Armen Mrt Tsaturyan",
            "uri": "https://www.facebook.com/armen.tsaturyan.796"
          }
        },
        {
          "timestamp": 1624478486,
          "data": {
            "name": "Donara  Ivanyan",
            "uri": "https://www.facebook.com/donara.ivanyan"
          }
        },
        {
          "timestamp": 1624103378,
          "data": {
            "name": "Juraveli Dumitru",
            "uri": "https://www.facebook.com/dmitrii.juraveli"
          }
        },
        {
          "timestamp": 1623852943,
          "data": {
            "name": "Georgina Cooper",
            "uri": "https://www.facebook.com/profile.php?id=100008414013971"
          }
        },
        {
          "timestamp": 1623452024,
          "data": {
            "name": "Kashtalian Oleksii",
            "uri": "https://www.facebook.com/Oleksii.Kashtaliam"
          }
        },
        {
          "timestamp": 1622672995,
          "data": {
            "name": "Ani Qananyan",
            "uri": "https://www.facebook.com/ani.yan.10"
          }
        },
        {
          "timestamp": 1621079677,
          "data": {
            "name": "\u00d4\u00b3\u00d5\u00b8\u00d5\u00bc \u00d5\u0084\u00d5\u00a1\u00d5\u00a9\u00d6\u0087\u00d5\u00b8\u00d5\u00bd\u00d5\u00b5\u00d5\u00a1\u00d5\u00b6",
            "uri": "https://www.facebook.com/gor.matevosyan.982"
          }
        },
        {
          "timestamp": 1620841617,
          "data": {
            "name": "Hasmik Soghomonyan",
            "uri": "https://www.facebook.com/Hasssmik"
          }
        },
        {
          "timestamp": 1618945128,
          "data": {
            "name": "Aldona Gevorgyan",
            "uri": "https://www.facebook.com/profile.php?id=100001754426875"
          }
        },
        {
          "timestamp": 1618312556,
          "data": {
            "name": "\u00d0\u009d\u00d0\u00b0\u00d0\u00b8\u00d1\u0080\u00d0\u00b0 \u00d0\u009a\u00d0\u00b8\u00d1\u0080\u00d0\u00b0\u00d0\u00ba\u00d0\u00be\u00d1\u0081\u00d1\u008f\u00d0\u00bd",
            "uri": "https://www.facebook.com/profile.php?id=100050076990861"
          }
        },
        {
          "timestamp": 1618099081,
          "data": {
            "name": "Marusia Azizian",
            "uri": "https://www.facebook.com/profile.php?id=100019799833978"
          }
        },
        {
          "timestamp": 1617966655,
          "data": {
            "name": "Helena Garcia Perez",
            "uri": "https://www.facebook.com/helena.garciaperez"
          }
        },
        {
          "timestamp": 1617958007,
          "data": {
            "name": "Robertas Kavolius",
            "uri": "https://www.facebook.com/robertas.kavolius"
          }
        },
        {
          "timestamp": 1614601525,
          "data": {
            "name": "Minas Martirosyan",
            "uri": "https://www.facebook.com/profile.php?id=100017001544350"
          }
        },
        {
          "timestamp": 1614262073,
          "data": {
            "name": "Alisa Chabyan",
            "uri": "https://www.facebook.com/alisa.chabyan"
          }
        },
        {
          "timestamp": 1612676267,
          "data": {
            "name": "Gohar Mambreyan",
            "uri": "https://www.facebook.com/gohar.mambreyan"
          }
        },
        {
          "timestamp": 1612676115,
          "data": {
            "name": "Shushanik Baghdasaryan",
            "uri": "https://www.facebook.com/aso.shusho.5"
          }
        },
        {
          "timestamp": 1607800972,
          "data": {
            "name": "\u00d4\u00b3\u00d5\u00b8\u00d5\u00bc \u00d4\u00b5\u00d5\u00b2\u00d5\u00ab\u00d5\u00a1\u00d5\u00a6\u00d5\u00a1\u00d6\u0080\u00d5\u00b5\u00d5\u00a1\u00d5\u00b6",
            "uri": "https://www.facebook.com/profile.php?id=100026046373757"
          }
        },
        {
          "timestamp": 1607541307,
          "data": {
            "name": "\u00e2\u0098\u0085 Erasmus Valencia \u00e2\u0098\u00852020/2021",
            "uri": "https://www.facebook.com/groups/erasmuspartyinvalencia/"
          }
        },
        {
          "timestamp": 1607292555,
          "data": {
            "name": "\u00d5\u0080\u00d5\u00a5\u00d5\u00b2\u00d5\u00ab\u00d5\u00b6\u00d5\u00a5 \u00d4\u00bb\u00d5\u00bd\u00d5\u00a1\u00d5\u00ad\u00d5\u00a1\u00d5\u00b6\u00d5\u00b5\u00d5\u00a1\u00d5\u00b6 \u00d4\u00bb\u00d5\u00bd\u00d5\u00a1\u00d5\u00ad\u00d5\u00a1\u00d5\u00b6\u00d5\u00b5\u00d5\u00a1\u00d5\u00b6",
            "uri": "https://www.facebook.com/profile.php?id=100005304826739"
          }
        },
        {
          "timestamp": 1606033664,
          "data": {
            "name": "\u00d4\u00b5\u00d6\u0080\u00d5\u00ab\u00d5\u00bf \u00d5\u008d\u00d5\u00a5\u00d6\u0080\u00d5\u00b8\u00d6\u0082\u00d5\u00b6\u00d5\u00a4 - \u00d4\u00b5\u00d5\u008d / Youth Generation",
            "uri": "https://facebook.com/Young.Generation.NGO"
          }
        },
        {
          "timestamp": 1605943385,
          "data": {
            "name": "Artak Hovhannisyan",
            "uri": "https://www.facebook.com/artak.hovhannisyan.79"
          }
        },
        {
          "timestamp": 1605383508,
          "data": {
            "name": "Xcho Torosyan",
            "uri": "https://www.facebook.com/xcho.torosyan.355"
          }
        },
        {
          "timestamp": 1599017557,
          "data": {
            "name": "\u00d5\u0080\u00d4\u00b1\u00d5\u0085\u00d5\u008f\u00d4\u00b1\u00d5\u0090\u00d4\u00b1\u00d5\u0090\u00d5\u0088\u00d5\u0092\u00d4\u00b9\u00d5\u0085\u00d5\u0088\u00d5\u0092\u00d5\u0086 \u00d4\u00b5\u00d5\u008e \u00d4\u00b3\u00d5\u0088\u00d5\u008e\u00d4\u00b1\u00d4\u00b6\u00d4\u00b4",
            "uri": "https://www.facebook.com/groups/2185945251641606/"
          }
        },
        {
          "timestamp": 1599017557,
          "data": {
            "name": "\u00d4\u00b3\u00d5\u00b8\u00d5\u00be\u00d5\u00a1\u00d5\u00a6\u00d5\u00a4 \u00d5\u00b0\u00d5\u00a1\u00d5\u00b5\u00d5\u00bf\u00d5\u00a1\u00d6\u0080\u00d5\u00a1\u00d6\u0080\u00d5\u00b8\u00d6\u0082\u00d5\u00a9\u00d5\u00b5\u00d5\u00b8\u00d6\u0082\u00d5\u00b6 \u00d5\u00a2\u00d5\u00b8\u00d5\u00ac\u00d5\u00b8\u00d6\u0080\u00d5\u00ab \u00d5\u00b0\u00d5\u00a1\u00d5\u00b4\u00d5\u00a1\u00d6\u0080",
            "uri": "https://www.facebook.com/groups/2034092560217396/"
          }
        },
        {
          "timestamp": 1599017557,
          "data": {
            "name": "Hayk Nahapet Tour",
            "uri": "https://www.facebook.com/groups/1970780156493761/"
          }
        },
        {
          "timestamp": 1599017556,
          "data": {
            "name": "\u00d5\u0080\u00d5\u0080 \u00d5\u00af\u00d6\u0080\u00d5\u00a9\u00d5\u00b8\u00d6\u0082\u00d5\u00a9\u00d5\u00b5\u00d5\u00a1\u00d5\u00b6, \u00d5\u00a3\u00d5\u00ab\u00d5\u00bf\u00d5\u00b8\u00d6\u0082\u00d5\u00a9\u00d5\u00b5\u00d5\u00a1\u00d5\u00b6, \u00d5\u00b4\u00d5\u00b7\u00d5\u00a1\u00d5\u00af\u00d5\u00b8\u00d6\u0082\u00d5\u00b5\u00d5\u00a9\u00d5\u00ab \u00d6\u0087 \u00d5\u00bd\u00d5\u00ba\u00d5\u00b8\u00d6\u0080\u00d5\u00bf\u00d5\u00ab \u00d5\u00b6\u00d5\u00a1\u00d5\u00ad\u00d5\u00a1\u00d6\u0080\u00d5\u00a1\u00d6\u0080\u00d5\u00b8\u00d6\u0082\u00d5\u00a9\u00d5\u00b5\u00d5\u00b8\u00d6\u0082\u00d5\u00b6",
            "uri": "https://facebook.com/minESCSarm"
          }
        },
        {
          "timestamp": 1599017556,
          "data": {
            "name": "\u00d5\u008f\u00d5\u0086\u00d5\u008f\u00d4\u00b5\u00d5\u008d\u00d4\u00b1\u00d4\u00b3\u00d4\u00b5\u00d5\u008f / TNTESAGET / \u00d0\u00a2\u00d0\u00bd\u00d1\u0082\u00d0\u00b5\u00d1\u0081\u00d0\u00b3\u00d0\u00b5\u00d1\u0082 (\u00d1\u008d\u00d0\u00ba\u00d0\u00be\u00d0\u00bd\u00d0\u00be\u00d0\u00bc\u00d0\u00b8\u00d1\u0081\u00d1\u0082)",
            "uri": "https://www.facebook.com/groups/tntesaget/"
          }
        },
        {
          "timestamp": 1599017556,
          "data": {
            "name": "\u00d0\u00a1\u00d0\u00bc\u00d0\u00b5\u00d1\u008f\u00d1\u0082\u00d1\u008c\u00d1\u0081\u00d1\u008f \u00d0\u00bf\u00d0\u00be\u00d0\u00bb\u00d0\u00b5\u00d0\u00b7\u00d0\u00bd\u00d0\u00be. \u00d0\u0096\u00d0\u00b8\u00d1\u0082\u00d1\u008c \u00d0\u00b8\u00d0\u00bd\u00d1\u0082\u00d0\u00b5\u00d1\u0080\u00d0\u00b5\u00d1\u0081\u00d0\u00bd\u00d0\u00be.",
            "uri": "https://facebook.com/da.nravitsya"
          }
        },
        {
          "timestamp": 1599017556,
          "data": {
            "name": "\u00d4\u00b7\u00d5\u00a4\u00d5\u00b8\u00d6\u0082\u00d5\u00a1\u00d6\u0080\u00d5\u00a4 \u00d5\u0087\u00d5\u00a1\u00d6\u0080\u00d5\u00b4\u00d5\u00a1\u00d5\u00a6\u00d5\u00a1\u00d5\u00b6\u00d5\u00b8\u00d5\u00be\u00d5\u00a8 \u00d5\u00b9\u00d5\u00ab \u00d5\u00ae\u00d5\u00a1\u00d5\u00bc\u00d5\u00a1\u00d5\u00b5\u00d5\u00a5\u00d5\u00ac \u00d5\u0080\u00d5\u00a1\u00d5\u00b5\u00d5\u00b8\u00d6\u0081 \u00d5\u00a2\u00d5\u00a1\u00d5\u00b6\u00d5\u00a1\u00d5\u00af\u00d5\u00b8\u00d6\u0082\u00d5\u00b4",
            "uri": "https://facebook.com/EduardSharmazanov"
          }
        },
        {
          "timestamp": 1599017556,
          "data": {
            "name": "\u00d4\u00bc\u00d5\u00a1\u00d5\u00be \u00d5\u00a5\u00d6\u0080\u00d5\u00a5\u00d5\u00af\u00d5\u00b8",
            "uri": "https://facebook.com/laverekoshow"
          }
        },
        {
          "timestamp": 1599017556,
          "data": {
            "name": "InBlog Official Group",
            "uri": "https://www.facebook.com/groups/inblog.news/"
          }
        },
        {
          "timestamp": 1599017556,
          "data": {
            "name": "No One Cares",
            "uri": "https://facebook.com/OfficialCaresOneNo"
          }
        },
        {
          "timestamp": 1599017556,
          "data": {
            "name": "Brut",
            "uri": "https://facebook.com/brutamerica"
          }
        },
        {
          "timestamp": 1599017556,
          "data": {
            "name": "ArmenMusic",
            "uri": "https://facebook.com/armenmusic.evn"
          }
        },
        {
          "timestamp": 1599017556,
          "data": {
            "name": "\u00d5\u0080\u00d5\u00a1\u00d5\u00b4\u00d5\u00a1\u00d5\u00b0\u00d5\u00a1\u00d5\u00b5\u00d5\u00af\u00d5\u00a1\u00d5\u00af\u00d5\u00a1\u00d5\u00b6 \u00d4\u00bf\u00d5\u00a1\u00d5\u00b4\u00d5\u00a1\u00d5\u00be\u00d5\u00b8\u00d6\u0080\u00d5\u00a1\u00d5\u00af\u00d5\u00a1\u00d5\u00b6 \u00d5\u0084\u00d5\u00ab\u00d5\u00b8\u00d6\u0082\u00d5\u00a9\u00d5\u00b5\u00d5\u00b8\u00d6\u0082\u00d5\u00b6",
            "uri": "https://facebook.com/PAVUNGO"
          }
        },
        {
          "timestamp": 1599017556,
          "data": {
            "name": "MetDaan DIY",
            "uri": "https://facebook.com/MetDaanDIY"
          }
        },
        {
          "timestamp": 1599017555,
          "data": {
            "name": "MetDaan Creative",
            "uri": "https://facebook.com/MetDaanCreative"
          }
        },
        {
          "timestamp": 1599017555,
          "data": {
            "name": "nametests.com \u00d1\u0080\u00d1\u0083\u00d1\u0081\u00d1\u0081\u00d0\u00ba\u00d0\u00b8\u00d0\u00b9",
            "uri": "https://facebook.com/100064318676672"
          }
        },
        {
          "timestamp": 1599017555,
          "data": {
            "name": "Armtimes.com",
            "uri": "https://facebook.com/armtimes.hy"
          }
        },
        {
          "timestamp": 1599017555,
          "data": {
            "name": "Jay Shetty",
            "uri": "https://facebook.com/jayshetty"
          }
        },
        {
          "timestamp": 1599017554,
          "data": {
            "name": "ATTN: Video",
            "uri": "https://facebook.com/ATTNVideo"
          }
        },
        {
          "timestamp": 1599017554,
          "data": {
            "name": "Behati Prinsloo",
            "uri": "https://facebook.com/behatiprinsloo"
          }
        },
        {
          "timestamp": 1599017554,
          "data": {
            "name": "\u00d4\u00b1\u00d6\u0086\u00d5\u00b8\u00d6\u0080\u00d5\u00ab\u00d5\u00a6\u00d5\u00b4\u00d5\u00b6\u00d5\u00a5\u00d6\u0080",
            "uri": "https://facebook.com/aforizmnerrrrok"
          }
        },
        {
          "timestamp": 1599017554,
          "data": {
            "name": "ESC - European Solidarity Corps - EVS - European Voluntary Service",
            "uri": "https://www.facebook.com/groups/1473558456241290/"
          }
        },
        {
          "timestamp": 1599017554,
          "data": {
            "name": "Rayman Adventures",
            "uri": "https://facebook.com/RaymanAdventures"
          }
        },
        {
          "timestamp": 1599017554,
          "data": {
            "name": "Bearded Science Guy",
            "uri": "https://facebook.com/BeardedScienceGuy"
          }
        },
        {
          "timestamp": 1599017554,
          "data": {
            "name": "MetDaan",
            "uri": "https://facebook.com/MetDaanMagazine"
          }
        },
        {
          "timestamp": 1599017554,
          "data": {
            "name": "Never Give Up",
            "uri": "https://facebook.com/Mr.Nevergiveupinlife"
          }
        },
        {
          "timestamp": 1599017554,
          "data": {
            "name": "Minds",
            "uri": "https://facebook.com/mindsofpeoplepage"
          }
        },
        {
          "timestamp": 1599017554,
          "data": {
            "name": "Shuffle Sketch",
            "uri": "https://facebook.com/ShuffleSketch"
          }
        },
        {
          "timestamp": 1599017553,
          "data": {
            "name": "Guidepost of Light",
            "uri": "https://facebook.com/theguidepostoflight"
          }
        },
        {
          "timestamp": 1599017553,
          "data": {
            "name": "\u00d0\u009f\u00d0\u00be\u00d0\u00b7\u00d0\u00b8\u00d1\u0082\u00d0\u00b8\u00d0\u00b2\u00d1\u0087",
            "uri": "https://facebook.com/Tlm3out"
          }
        },
        {
          "timestamp": 1599017553,
          "data": {
            "name": "\u00d5\u0088\u00d6\u0082\u00d6\u0080\u00d5\u00a1\u00d5\u00ad \u00d5\u00a7\u00d5\u00bb\u00e2\u0098\u00ba",
            "uri": "https://www.facebook.com/groups/956631571086293/"
          }
        },
        {
          "timestamp": 1599017553,
          "data": {
            "name": "Regins",
            "uri": "https://facebook.com/Regins888"
          }
        },
        {
          "timestamp": 1599017553,
          "data": {
            "name": "MetDaan Animals",
            "uri": "https://facebook.com/MetDaanAnimals"
          }
        },
        {
          "timestamp": 1599017553,
          "data": {
            "name": "Time For Felgante",
            "uri": "https://facebook.com/1139038027839slsbjsm"
          }
        },
        {
          "timestamp": 1599017553,
          "data": {
            "name": "NART Business Support",
            "uri": "https://www.facebook.com/groups/nartbusinesssupport/"
          }
        },
        {
          "timestamp": 1599017553,
          "data": {
            "name": "Be yourself online shop",
            "uri": "https://www.facebook.com/groups/896873003752276/"
          }
        },
        {
          "timestamp": 1599017553,
          "data": {
            "name": "Volunteam",
            "uri": "https://facebook.com/VolunteamSciencesPo"
          }
        },
        {
          "timestamp": 1599017553,
          "data": {
            "name": "Fila Skates",
            "uri": "https://facebook.com/officialfilaskates"
          }
        },
        {
          "timestamp": 1599017553,
          "data": {
            "name": "Football World",
            "uri": "https://www.facebook.com/groups/832834226803992/"
          }
        },
        {
          "timestamp": 1599017553,
          "data": {
            "name": "Buyit.am",
            "uri": "https://facebook.com/www.buyit.am"
          }
        },
        {
          "timestamp": 1599017553,
          "data": {
            "name": "Pretty Woman Shoes",
            "uri": "https://facebook.com/shoesforladies.20"
          }
        },
        {
          "timestamp": 1599017553,
          "data": {
            "name": "Megan Trainer",
            "uri": "https://www.facebook.com/pages/Megan-Trainer/773666786010483"
          }
        },
        {
          "timestamp": 1599017553,
          "data": {
            "name": "Dimplify",
            "uri": "https://facebook.com/dimplify"
          }
        },
        {
          "timestamp": 1599017553,
          "data": {
            "name": "inMall",
            "uri": "https://www.facebook.com/groups/inmall.club/"
          }
        },
        {
          "timestamp": 1599017552,
          "data": {
            "name": "The Angry Birds Movie",
            "uri": "https://facebook.com/AngryBirdsMovie"
          }
        },
        {
          "timestamp": 1599017552,
          "data": {
            "name": "ASHXATANQ, (PNTRUM EM) (ARAJARKUM EM)",
            "uri": "https://www.facebook.com/groups/havesin.do.am/"
          }
        },
        {
          "timestamp": 1599017552,
          "data": {
            "name": "Thinking Humanity",
            "uri": "https://facebook.com/ThinkingHumanity"
          }
        },
        {
          "timestamp": 1599017552,
          "data": {
            "name": "If I Stay",
            "uri": "https://facebook.com/ifistay"
          }
        },
        {
          "timestamp": 1599017552,
          "data": {
            "name": "Photo blog",
            "uri": "https://facebook.com/photoblog1"
          }
        },
        {
          "timestamp": 1599017552,
          "data": {
            "name": "memegen.es",
            "uri": "https://facebook.com/100080926620413"
          }
        },
        {
          "timestamp": 1599017552,
          "data": {
            "name": "Sam & Cat",
            "uri": "https://facebook.com/samandcat"
          }
        },
        {
          "timestamp": 1599017552,
          "data": {
            "name": "Yard",
            "uri": "https://facebook.com/yardyerevan"
          }
        },
        {
          "timestamp": 1599017552,
          "data": {
            "name": "Ketchapp",
            "uri": "https://facebook.com/ketchappgames"
          }
        },
        {
          "timestamp": 1599017552,
          "data": {
            "name": "Sweet Suspense",
            "uri": "https://facebook.com/SweetSuspenseXF"
          }
        },
        {
          "timestamp": 1599017552,
          "data": {
            "name": "Playbuzz Quiz",
            "uri": "https://facebook.com/playbuzz"
          }
        },
        {
          "timestamp": 1599017552,
          "data": {
            "name": "Zona Positive",
            "uri": "https://facebook.com/ZonaPositive"
          }
        },
        {
          "timestamp": 1599017552,
          "data": {
            "name": "Perfect World)",
            "uri": "https://facebook.com/100066472725733"
          }
        },
        {
          "timestamp": 1599017552,
          "data": {
            "name": "Rick Lax",
            "uri": "https://facebook.com/realRickLax"
          }
        },
        {
          "timestamp": 1599017552,
          "data": {
            "name": "F&F",
            "uri": "https://facebook.com/ffarmenia"
          }
        },
        {
          "timestamp": 1599017552,
          "data": {
            "name": "Divino Wine Bar - Club",
            "uri": "https://facebook.com/divinowinebarclub"
          }
        },
        {
          "timestamp": 1599017552,
          "data": {
            "name": "MAGIC!",
            "uri": "https://facebook.com/ournameisMAGIC"
          }
        },
        {
          "timestamp": 1599017552,
          "data": {
            "name": "\u00d0\u0094\u00d0\u00bd\u00d0\u00b5\u00d0\u00b2\u00d0\u00bd\u00d0\u00b8\u00d0\u00ba \u00d0\u00bf\u00d0\u00be\u00d0\u00b7\u00d0\u00bd\u00d0\u00b0\u00d0\u00bd\u00d0\u00b8\u00d1\u008f",
            "uri": "https://facebook.com/ezopage"
          }
        },
        {
          "timestamp": 1599017552,
          "data": {
            "name": "Humor \u00d4\u00b1\u00d5\u00b6\u00d5\u00af\u00d5\u00a5\u00d5\u00b2\u00d5\u00ae \u00d4\u00be\u00d5\u00ab\u00d5\u00ae\u00d5\u00a1\u00d5\u00b2",
            "uri": "https://www.facebook.com/groups/397729130592121/"
          }
        },
        {
          "timestamp": 1599017552,
          "data": {
            "name": "\u00d5\u008c\u00d5\u00a5\u00d5\u00a1\u00d5\u00ac \u00d5\u0084\u00d5\u00a1\u00d5\u00a4\u00d6\u0080\u00d5\u00ab\u00d5\u00a4\u00d5\u00ab \u00d5\u00a5\u00d6\u0080\u00d5\u00af\u00d6\u0080\u00d5\u00ba\u00d5\u00a1\u00d5\u00a3\u00d5\u00b8\u00d6\u0082\u00d5\u00b6\u00d5\u00a5\u00d6\u0080\u00d5\u00ab \u00d5\u00ad\u00d5\u00b8\u00d6\u0082\u00d5\u00b4\u00d5\u00a2",
            "uri": "https://www.facebook.com/groups/384541128253830/"
          }
        },
        {
          "timestamp": 1599017552,
          "data": {
            "name": "LOL Pics",
            "uri": "https://facebook.com/lolpicsmemes"
          }
        },
        {
          "timestamp": 1599017546,
          "data": {
            "name": "Ashxatanqner.am",
            "uri": "https://www.facebook.com/groups/359348937565429/"
          }
        },
        {
          "timestamp": 1599017546,
          "data": {
            "name": "Want to Laugh?",
            "uri": "https://facebook.com/100081489693828"
          }
        },
        {
          "timestamp": 1599017546,
          "data": {
            "name": "Funny Quotes",
            "uri": "https://facebook.com/100068364780677"
          }
        },
        {
          "timestamp": 1599017546,
          "data": {
            "name": "IQ test",
            "uri": "https://facebook.com/topIQtest"
          }
        },
        {
          "timestamp": 1599017545,
          "data": {
            "name": "Amen inch futboli masin",
            "uri": "https://www.facebook.com/groups/327749751033375/"
          }
        },
        {
          "timestamp": 1599017545,
          "data": {
            "name": "Keep Calm Signs",
            "uri": "https://facebook.com/KeepCalmSigns"
          }
        },
        {
          "timestamp": 1599017545,
          "data": {
            "name": "Learn Public Speaking",
            "uri": "https://www.facebook.com/groups/LearnPublicSpeaking/"
          }
        },
        {
          "timestamp": 1599017545,
          "data": {
            "name": "Farrukh Shamuratov Hair-artist, Educator",
            "uri": "https://facebook.com/fshairdo"
          }
        },
        {
          "timestamp": 1599017545,
          "data": {
            "name": "Character Design Challenge!",
            "uri": "https://www.facebook.com/groups/CharacterDesignChallenge/"
          }
        },
        {
          "timestamp": 1599017545,
          "data": {
            "name": "Forever Alone",
            "uri": "https://facebook.com/foreveralone.ragefaces"
          }
        },
        {
          "timestamp": 1599017545,
          "data": {
            "name": "Allison Harvard",
            "uri": "https://facebook.com/alliharvard"
          }
        },
        {
          "timestamp": 1599017545,
          "data": {
            "name": "\u00d4\u00bc\u00d5\u00b8\u00d6\u0082\u00d6\u0080\u00d5\u00a5\u00d6\u0080 \u00d5\u0080\u00d5\u00a1\u00d5\u00b5\u00d5\u00a1\u00d5\u00bd\u00d5\u00bf\u00d5\u00a1\u00d5\u00b6\u00d5\u00ab\u00d6\u0081 / News from Armenia",
            "uri": "https://www.facebook.com/groups/newsfromarmeniaa/"
          }
        },
        {
          "timestamp": 1599017545,
          "data": {
            "name": "\u00d0\u00a1\u00d0\u00b5\u00d0\u00ba\u00d1\u0080\u00d0\u00b5\u00d1\u0082\u00d1\u008b \u00d1\u0083\u00d1\u0081\u00d0\u00bf\u00d0\u00b5\u00d1\u0085\u00d0\u00b0 \u00d0\u00b2\u00d0\u00b5\u00d0\u00bb\u00d0\u00b8\u00d0\u00ba\u00d0\u00b8\u00d1\u0085 \u00d0\u00bb\u00d1\u008e\u00d0\u00b4\u00d0\u00b5\u00d0\u00b9",
            "uri": "https://facebook.com/SekretyUspehaVelikihLudej"
          }
        },
        {
          "timestamp": 1599017545,
          "data": {
            "name": "Line Puzzle: String Art",
            "uri": "https://facebook.com/100070559707182"
          }
        },
        {
          "timestamp": 1599017545,
          "data": {
            "name": "\u00d0\u0098\u00d0\u00b3\u00d1\u0080\u00d0\u00b0 \u00d0\u00a1\u00d0\u00bb\u00d0\u00be\u00d0\u00b2",
            "uri": "https://facebook.com/graslov"
          }
        },
        {
          "timestamp": 1599017545,
          "data": {
            "name": "Nina Dobrev",
            "uri": "https://facebook.com/NinaDobrev"
          }
        },
        {
          "timestamp": 1599017545,
          "data": {
            "name": "Funny Pictures",
            "uri": "https://facebook.com/100071035742304"
          }
        },
        {
          "timestamp": 1599017544,
          "data": {
            "name": "\u00d0\u00a2\u00d0\u00b8\u00d1\u0088\u00d0\u00b8\u00d0\u00bd\u00d0\u00b0",
            "uri": "https://facebook.com/Tishinaaa"
          }
        },
        {
          "timestamp": 1599017544,
          "data": {
            "name": "Deity Microphones",
            "uri": "https://facebook.com/deitymicrophones"
          }
        },
        {
          "timestamp": 1599017544,
          "data": {
            "name": "\u00d5\u008d\u00d5\u00ab\u00d6\u0080\u00d5\u00b8\u00d5\u00b2 \u00d5\u008d\u00d6\u0080\u00d5\u00bf\u00d5\u00a5\u00d6\u0080",
            "uri": "https://www.facebook.com/groups/240269559650424/"
          }
        },
        {
          "timestamp": 1599017544,
          "data": {
            "name": "\u00d0\u009c\u00d0\u00b8\u00d1\u0080 \u00d0\u00ba\u00d1\u0080\u00d0\u00b0\u00d1\u0081\u00d0\u00be\u00d1\u0082\u00d1\u008b",
            "uri": "https://facebook.com/mirkrasoty.life"
          }
        },
        {
          "timestamp": 1599017544,
          "data": {
            "name": "Doctor ASKY",
            "uri": "https://facebook.com/thedoctorasky"
          }
        },
        {
          "timestamp": 1599017544,
          "data": {
            "name": "Tigran Tsitoghdzyan",
            "uri": "https://facebook.com/TigranTsitoghdzyan"
          }
        },
        {
          "timestamp": 1599017544,
          "data": {
            "name": "Pitch Perfect",
            "uri": "https://facebook.com/pitchperfectmovie"
          }
        },
        {
          "timestamp": 1599017544,
          "data": {
            "name": "Teenager Posts",
            "uri": "https://facebook.com/Teenager.Postx"
          }
        },
        {
          "timestamp": 1599017543,
          "data": {
            "name": "Pharrell Williams",
            "uri": "https://facebook.com/Pharrell"
          }
        },
        {
          "timestamp": 1599017543,
          "data": {
            "name": "Creative Ideas",
            "uri": "https://facebook.com/CreativeIdeass"
          }
        },
        {
          "timestamp": 1599017543,
          "data": {
            "name": "Spirit Science",
            "uri": "https://facebook.com/SpiritScienceOfficial"
          }
        },
        {
          "timestamp": 1599017543,
          "data": {
            "name": "Rida Shah's Photography",
            "uri": "https://facebook.com/ridashahsphotography"
          }
        },
        {
          "timestamp": 1599017543,
          "data": {
            "name": "\u00d0\u0090\u00d0\u00a4\u00d0\u009e\u00d0\u00a0\u00d0\u0098\u00d0\u0097\u00d0\u009c\u00d0\u00ab",
            "uri": "https://facebook.com/aforizmi.citati"
          }
        },
        {
          "timestamp": 1599017543,
          "data": {
            "name": "LADbible",
            "uri": "https://facebook.com/LADbible"
          }
        },
        {
          "timestamp": 1599017543,
          "data": {
            "name": "Tap the Frog Official",
            "uri": "https://facebook.com/TapTheFrog"
          }
        },
        {
          "timestamp": 1599017543,
          "data": {
            "name": "Yerkir Real Estate Agency / \u00d4\u00b5\u00d6\u0080\u00d5\u00af\u00d5\u00ab\u00d6\u0080 \u00d4\u00b1\u00d5\u00b6\u00d5\u00b7\u00d5\u00a1\u00d6\u0080\u00d5\u00aa \u00d4\u00b3\u00d5\u00b8\u00d6\u0082\u00d5\u00b5\u00d6\u0084\u00d5\u00ab \u00d4\u00b8\u00d5\u00b6\u00d5\u00af\u00d5\u00a5\u00d6\u0080\u00d5\u00b8\u00d6\u0082\u00d5\u00a9\u00d5\u00b5\u00d5\u00b8\u00d6\u0082\u00d5\u00b6",
            "uri": "https://facebook.com/Yerkir"
          }
        },
        {
          "timestamp": 1599017543,
          "data": {
            "name": "\u00d5\u0088\u00d5\u0092\u00d5\u0090\u00d4\u00b1\u00d4\u00bd \u00d4\u00ba\u00d4\u00b1\u00d5\u0084\u00d4\u00b1\u00d5\u0086\u00d5\u0091",
            "uri": "https://www.facebook.com/groups/194506967770487/"
          }
        },
        {
          "timestamp": 1599017543,
          "data": {
            "name": "FLEX Alumni Program",
            "uri": "https://facebook.com/flexalumni"
          }
        },
        {
          "timestamp": 1599017543,
          "data": {
            "name": "Jameson Irish Whiskey",
            "uri": "https://facebook.com/JamesonWhiskeyArmenia"
          }
        },
        {
          "timestamp": 1599017542,
          "data": {
            "name": "FLEX Program",
            "uri": "https://facebook.com/FLEXProgram"
          }
        },
        {
          "timestamp": 1599017542,
          "data": {
            "name": "Stage Acting School / \u00d5\u008d\u00d5\u00a9\u00d5\u00a5\u00d5\u00b5\u00d5\u00bb \u00d4\u00b4\u00d5\u00a5\u00d6\u0080\u00d5\u00a1\u00d5\u00bd\u00d5\u00a1\u00d5\u00b6\u00d5\u00a1\u00d5\u00af\u00d5\u00a1\u00d5\u00b6 \u00d4\u00b4\u00d5\u00ba\u00d6\u0080\u00d5\u00b8\u00d6\u0081",
            "uri": "https://facebook.com/100063595296331"
          }
        },
        {
          "timestamp": 1599017542,
          "data": {
            "name": "Friends Alcodaran",
            "uri": "https://facebook.com/friends.alcodaran"
          }
        },
        {
          "timestamp": 1599017542,
          "data": {
            "name": "\u00d0\u009d\u00d0\u00b0\u00d0\u00ba\u00d1\u0080\u00d0\u00be\u00d0\u00b9\u00d1\u0081\u00d1\u008f \u00d0\u00b8\u00d0\u00b4\u00d0\u00b5\u00d0\u00b0\u00d0\u00bb\u00d0\u00be\u00d0\u00bc",
            "uri": "https://facebook.com/coveridealom"
          }
        },
        {
          "timestamp": 1599017542,
          "data": {
            "name": "Minh Th\u00c6\u00b0",
            "uri": "https://facebook.com/luelperkinhdep"
          }
        },
        {
          "timestamp": 1599017542,
          "data": {
            "name": "Tabata Jalil",
            "uri": "https://facebook.com/TabataJalilreal"
          }
        },
        {
          "timestamp": 1599017542,
          "data": {
            "name": "\u00c2\u00ab\u00d4\u00b1\u00d5\u00af\u00d5\u00bf\u00d5\u00ab\u00d5\u00be \u00d4\u00b5\u00d6\u0080\u00d5\u00ab\u00d5\u00bf\u00d5\u00a1\u00d5\u00bd\u00d5\u00a1\u00d6\u0080\u00d5\u00a4 \u00d5\u0094\u00d5\u00a1\u00d5\u00b2\u00d5\u00a1\u00d6\u0084\u00d5\u00a1\u00d6\u0081\u00d5\u00ab\u00d5\u00b6\u00d5\u00a5\u00d6\u0080\u00d5\u00ab \u00d5\u0086\u00d5\u00a1\u00d5\u00ad\u00d5\u00a1\u00d5\u00b1\u00d5\u00a5\u00d5\u00bc\u00d5\u00b6\u00d5\u00b8\u00d6\u0082\u00d5\u00a9\u00d5\u00b5\u00d5\u00b8\u00d6\u0082\u00d5\u00b6\u00c2\u00bb \u00d5\u0080\u00d4\u00bf/ AYCI NGO",
            "uri": "https://facebook.com/aycingo"
          }
        },
        {
          "timestamp": 1599017542,
          "data": {
            "name": "\u00d0\u00a2\u00d0\u00be, \u00d1\u0087\u00d1\u0082\u00d0\u00be \u00d0\u00bd\u00d0\u00b0\u00d0\u00b4\u00d0\u00be",
            "uri": "https://facebook.com/YouList.ru"
          }
        },
        {
          "timestamp": 1599017542,
          "data": {
            "name": "Ruth Oosterman",
            "uri": "https://facebook.com/RuthOosterman"
          }
        },
        {
          "timestamp": 1599017542,
          "data": {
            "name": "\u00d4\u00bb\u00d5\u00b6\u00d5\u00b1 \u00d5\u00ba\u00d5\u00a5\u00d5\u00bf\u00d6\u0084 \u00d5\u00a1 \u00d5\u00a7\u00d5\u00bd\u00d5\u00ab\u00d5\u00b6\u00d5\u00b9 \u00d5\u00a2\u00d5\u00a1\u00d5\u00b6\u00d5\u00a8 --- \u00d0\u009c\u00d0\u00bd\u00d0\u00b5 \u00d0\u00bd\u00d1\u0083\u00d0\u00b6\u00d0\u00bd\u00d0\u00be \u00d0\u00ba\u00d0\u00be\u00d0\u00b5-\u00d1\u0087\u00d1\u0082\u00d0\u00be",
            "uri": "https://www.facebook.com/groups/inzd.petqa/"
          }
        },
        {
          "timestamp": 1599017542,
          "data": {
            "name": "Light Style",
            "uri": "https://facebook.com/ls.lightstyle"
          }
        },
        {
          "timestamp": 1599017542,
          "data": {
            "name": "Sara Sampaio",
            "uri": "https://facebook.com/SaraSampaioOficial"
          }
        },
        {
          "timestamp": 1599017542,
          "data": {
            "name": "Vitamin Club",
            "uri": "https://facebook.com/vitaminclub"
          }
        },
        {
          "timestamp": 1599017542,
          "data": {
            "name": "Kristina Pimenova",
            "uri": "https://facebook.com/KristinaPimenova"
          }
        },
        {
          "timestamp": 1599017542,
          "data": {
            "name": "\u00d4\u00b1\u00d5\u00a6\u00d5\u00a1\u00d5\u00bf\u00d5\u00b8\u00d6\u0082\u00d5\u00a9\u00d5\u00b5\u00d5\u00b8\u00d6\u0082\u00d5\u00b6 \u00d5\u00bc\u00d5\u00a1\u00d5\u00a4\u00d5\u00ab\u00d5\u00b8\u00d5\u00af\u00d5\u00a1\u00d5\u00b5\u00d5\u00a1\u00d5\u00b6",
            "uri": "https://facebook.com/azatutyun"
          }
        },
        {
          "timestamp": 1599017542,
          "data": {
            "name": "Sun Gazing",
            "uri": "https://facebook.com/sungazing"
          }
        },
        {
          "timestamp": 1599017542,
          "data": {
            "name": "Kylie Jenner",
            "uri": "https://facebook.com/KylieJenner"
          }
        },
        {
          "timestamp": 1599017542,
          "data": {
            "name": "Just for fun - Fun Apps",
            "uri": "https://facebook.com/justforfun2011"
          }
        },
        {
          "timestamp": 1599017542,
          "data": {
            "name": "Bruna Marquezine",
            "uri": "https://facebook.com/brumarquezine"
          }
        },
        {
          "timestamp": 1599017542,
          "data": {
            "name": "Don't Give Up World",
            "uri": "https://facebook.com/dontgiveupworld"
          }
        },
        {
          "timestamp": 1599017541,
          "data": {
            "name": "\u00d5\u0080\u00d5\u00a1\u00d5\u00b5\u00d5\u00a5\u00d6\u0080\u00d5\u00a5\u00d5\u00b6 \u00d5\u008e\u00d5\u00ab\u00d6\u0084\u00d5\u00ab\u00d5\u00ba\u00d5\u00a5\u00d5\u00a4\u00d5\u00ab\u00d5\u00a1",
            "uri": "https://www.facebook.com/groups/armwiki/"
          }
        },
        {
          "timestamp": 1599017541,
          "data": {
            "name": "Minions",
            "uri": "https://facebook.com/minions"
          }
        },
        {
          "timestamp": 1599017541,
          "data": {
            "name": "Christina Grimmie",
            "uri": "https://facebook.com/christinagrimmie"
          }
        },
        {
          "timestamp": 1599017541,
          "data": {
            "name": "Indiana Evans",
            "uri": "https://www.facebook.com/pages/Indiana-Evans/109543052398532"
          }
        },
        {
          "timestamp": 1599017541,
          "data": {
            "name": "Imagination",
            "uri": "https://www.facebook.com/pages/Imagination/108534395837786"
          }
        },
        {
          "timestamp": 1599017541,
          "data": {
            "name": "Ani Nazaryan",
            "uri": "https://www.facebook.com/aniko.nazaryan.5"
          }
        },
        {
          "timestamp": 1599017541,
          "data": {
            "name": "\u00d4\u00b1\u00d5\u00b6\u00d5\u00a1\u00d5\u00b0\u00d5\u00ab\u00d5\u00bf \u00d4\u00b6\u00d5\u00a1\u00d6\u0084\u00d5\u00a1\u00d6\u0080\u00d5\u00b5\u00d5\u00a1\u00d5\u00b6",
            "uri": "https://www.facebook.com/profile.php?id=100027222001703"
          }
        },
        {
          "timestamp": 1599017540,
          "data": {
            "name": "Suren Grigoryan",
            "uri": "https://www.facebook.com/suren.grigoryan.7528"
          }
        },
        {
          "timestamp": 1599017540,
          "data": {
            "name": "Var Yan",
            "uri": "https://www.facebook.com/var.yan88"
          }
        },
        {
          "timestamp": 1599017540,
          "data": {
            "name": "Heriqnaz Hambardzumyan",
            "uri": "https://www.facebook.com/heriqnaz.hambardzumyan.5"
          }
        },
        {
          "timestamp": 1599017540,
          "data": {
            "name": "Mash Hovhannisyan",
            "uri": "https://www.facebook.com/hovhannisyan.55"
          }
        },
        {
          "timestamp": 1599017540,
          "data": {
            "name": "\u00d4\u00b1\u00d5\u00ac\u00d5\u00a2\u00d5\u00a5\u00d6\u0080\u00d5\u00bf \u00d5\u008d\u00d5\u00a1\u00d5\u00b0\u00d5\u00a1\u00d5\u00af\u00d5\u00b5\u00d5\u00a1\u00d5\u00b6",
            "uri": "https://www.facebook.com/albert.sahakyan.5264"
          }
        },
        {
          "timestamp": 1599017540,
          "data": {
            "name": "Flora Garibyan",
            "uri": "https://www.facebook.com/flora.garibyan"
          }
        },
        {
          "timestamp": 1599017540,
          "data": {
            "name": "Avagyan Alina",
            "uri": "https://www.facebook.com/profile.php?id=100022338045441"
          }
        },
        {
          "timestamp": 1599017540,
          "data": {
            "name": "Jora Qartashyan",
            "uri": "https://www.facebook.com/jora.qartashyan"
          }
        },
        {
          "timestamp": 1599017540,
          "data": {
            "name": "Nel Danielyan",
            "uri": "https://www.facebook.com/nelli.danielyan.54"
          }
        },
        {
          "timestamp": 1599017539,
          "data": {
            "name": "Ashot Harutyunyan",
            "uri": "https://www.facebook.com/ashot.harutyunyan.9484"
          }
        },
        {
          "timestamp": 1599017539,
          "data": {
            "name": "\u00d4\u00b1\u00d5\u00b5\u00d5\u00a1 \u00d5\u0084\u00d5\u00a5\u00d5\u00ac\u00d5\u00a1\u00d5\u00b6\u00d5\u00ab \u00d5\u0084\u00d5\u00a1\u00d5\u00b6\u00d5\u00b8\u00d6\u0082\u00d5\u00af\u00d5\u00b5\u00d5\u00a1\u00d5\u00b6",
            "uri": "https://www.facebook.com/ayamelani.manukyan"
          }
        },
        {
          "timestamp": 1599017539,
          "data": {
            "name": "Gohar Amiryan",
            "uri": "https://www.facebook.com/goga.amiryan.3"
          }
        },
        {
          "timestamp": 1599017539,
          "data": {
            "name": "Tatevik Margaryan",
            "uri": "https://www.facebook.com/profile.php?id=100016938288205"
          }
        },
        {
          "timestamp": 1599017539,
          "data": {
            "name": "Ani Aghalovyan",
            "uri": "https://www.facebook.com/ani.aghalovyan"
          }
        },
        {
          "timestamp": 1599017539,
          "data": {
            "name": "Hayko Kerobyan",
            "uri": "https://www.facebook.com/happy.arm.100"
          }
        },
        {
          "timestamp": 1599017539,
          "data": {
            "name": "\u00d4\u00b1\u00d5\u00af\u00d5\u00bd\u00d5\u00a5\u00d5\u00bd\u00d5\u00b8\u00d6\u0082\u00d5\u00a1\u00d5\u00bc\u00d5\u00b6\u00d5\u00a5\u00d6\u0080 \u00d4\u00b4\u00d5\u00a1\u00d5\u008e\u00d5\u00a1\u00d6\u0080",
            "uri": "https://www.facebook.com/profile.php?id=100015876584589"
          }
        },
        {
          "timestamp": 1599017539,
          "data": {
            "name": "Tigran Sargsyan",
            "uri": "https://www.facebook.com/tigran.sargsyan.92505"
          }
        },
        {
          "timestamp": 1599017539,
          "data": {
            "name": "Tatev Matinyan",
            "uri": "https://www.facebook.com/tatev.matinyan.3"
          }
        },
        {
          "timestamp": 1599017539,
          "data": {
            "name": "Inn Azizyan",
            "uri": "https://www.facebook.com/profile.php?id=100015000523366"
          }
        },
        {
          "timestamp": 1599017539,
          "data": {
            "name": "\u00d4\u00b1\u00d5\u00ac\u00d5\u00ab\u00d5\u00b6\u00d5\u00a1 \u00d4\u00b5\u00d5\u00a4\u00d5\u00ab\u00d5\u00a3\u00d5\u00a1\u00d6\u0080\u00d5\u00b5\u00d5\u00a1\u00d5\u00b6",
            "uri": "https://www.facebook.com/alina.edigaryan.y"
          }
        },
        {
          "timestamp": 1599017538,
          "data": {
            "name": "Mane Xazaryan",
            "uri": "https://www.facebook.com/monika.sargsyan.988"
          }
        },
        {
          "timestamp": 1599017538,
          "data": {
            "name": "\u00d5\u0080\u00d6\u0080\u00d5\u00a1\u00d5\u00b5\u00d6\u0080 \u00d4\u00b7-\u00d5\u00b5\u00d5\u00a1\u00d5\u00b6",
            "uri": "https://www.facebook.com/hrayr.eyan"
          }
        },
        {
          "timestamp": 1599017538,
          "data": {
            "name": "\u00d0\u0090\u00d0\u00bb\u00d0\u00b8\u00d0\u00bd\u00d0\u00b0 \u00d0\u009a\u00d0\u00b8\u00d1\u0080\u00d0\u00b0\u00d0\u00ba\u00d0\u00be\u00d1\u0081\u00d1\u008f\u00d0\u00bd",
            "uri": "https://www.facebook.com/profile.php?id=100013558236859"
          }
        },
        {
          "timestamp": 1599017538,
          "data": {
            "name": "Laura Poghosyan",
            "uri": "https://www.facebook.com/laura.poghosyan06"
          }
        },
        {
          "timestamp": 1599017538,
          "data": {
            "name": "Nane Poghosyan",
            "uri": "https://www.facebook.com/nane.poghosyan05"
          }
        },
        {
          "timestamp": 1599017538,
          "data": {
            "name": "Edgar Mihranyan",
            "uri": "https://www.facebook.com/edgar.mihranyan.50"
          }
        },
        {
          "timestamp": 1599017537,
          "data": {
            "name": "Gloria Sirekanyan",
            "uri": "https://www.facebook.com/lika.grigoryan.756"
          }
        },
        {
          "timestamp": 1599017537,
          "data": {
            "name": "Tiko Shahgaldyan",
            "uri": "https://www.facebook.com/tiko.shahgaldyan.13"
          }
        },
        {
          "timestamp": 1599017537,
          "data": {
            "name": "Gohar Guloyan",
            "uri": "https://www.facebook.com/profile.php?id=100013169404735"
          }
        },
        {
          "timestamp": 1599017537,
          "data": {
            "name": "Anush Akopyan",
            "uri": "https://www.facebook.com/anush.akopyan.33"
          }
        },
        {
          "timestamp": 1599017537,
          "data": {
            "name": "Peto Yghiazaryan",
            "uri": "https://www.facebook.com/peto.yghiazaryan"
          }
        },
        {
          "timestamp": 1599017537,
          "data": {
            "name": "Hakob Muradyan",
            "uri": "https://www.facebook.com/hakob.muradyan.904"
          }
        },
        {
          "timestamp": 1599017537,
          "data": {
            "name": "Seda Davtyan",
            "uri": "https://www.facebook.com/seda.davtyan.58"
          }
        },
        {
          "timestamp": 1599017537,
          "data": {
            "name": "Alina Kirakosyan",
            "uri": "https://www.facebook.com/alina.kirakosyan.714"
          }
        },
        {
          "timestamp": 1599017537,
          "data": {
            "name": "Har Zeynalyan",
            "uri": "https://www.facebook.com/har.zeynalyan"
          }
        },
        {
          "timestamp": 1599017536,
          "data": {
            "name": "\u00d0\u00a0\u00d0\u00be\u00d1\u0081\u00d0\u00b8 \u00d0\u00a0\u00d0\u00be\u00d1\u0081\u00d0\u00b8",
            "uri": "https://www.facebook.com/rosi9098"
          }
        },
        {
          "timestamp": 1599017536,
          "data": {
            "name": "Monika Sargayan",
            "uri": "https://www.facebook.com/monika.sargayan"
          }
        },
        {
          "timestamp": 1599017536,
          "data": {
            "name": "Tamara Hakopyan",
            "uri": "https://www.facebook.com/profile.php?id=100012769277526"
          }
        },
        {
          "timestamp": 1599017536,
          "data": {
            "name": "Tato Margaryan",
            "uri": "https://www.facebook.com/tatev.margaryan.1"
          }
        },
        {
          "timestamp": 1599017536,
          "data": {
            "name": "Marine Bagdasaryan",
            "uri": "https://www.facebook.com/marine.bagdasaryan.188"
          }
        },
        {
          "timestamp": 1599017536,
          "data": {
            "name": "Araqsya Hovhannisyan",
            "uri": "https://www.facebook.com/profile.php?id=100012665414969"
          }
        },
        {
          "timestamp": 1599017536,
          "data": {
            "name": "Arman Xachatryan",
            "uri": "https://www.facebook.com/arman.xachatryan.7731"
          }
        },
        {
          "timestamp": 1599017536,
          "data": {
            "name": "\u00d5\u008e\u00d6\u0080\u00d5\u00a5\u00d5\u00aa \u00d5\u0080\u00d5\u00a1\u00d5\u00af\u00d5\u00b8\u00d5\u00a2\u00d5\u00b5\u00d5\u00a1\u00d5\u00b6",
            "uri": "https://www.facebook.com/artur.dexcikyan"
          }
        },
        {
          "timestamp": 1599017536,
          "data": {
            "name": "Geghard Abgaryan",
            "uri": "https://www.facebook.com/geghard.abgaryan"
          }
        },
        {
          "timestamp": 1599017536,
          "data": {
            "name": "Hayk Poghosyan",
            "uri": "https://www.facebook.com/hayk.poghosyan.520"
          }
        },
        {
          "timestamp": 1599017536,
          "data": {
            "name": "Mar Grigoryan",
            "uri": "https://www.facebook.com/mar.grigoryan.965"
          }
        },
        {
          "timestamp": 1599017536,
          "data": {
            "name": "Mariam Hakobyan",
            "uri": "https://www.facebook.com/mariam.hakobyan.5836"
          }
        },
        {
          "timestamp": 1599017536,
          "data": {
            "name": "Hayk Julhakyan",
            "uri": "https://www.facebook.com/hayk.julhakyan.79"
          }
        },
        {
          "timestamp": 1599017536,
          "data": {
            "name": "\u00d4\u00b7\u00d5\u00b4\u00d5\u00ab\u00d5\u00b6 \u00d5\u0084\u00d5\u00a1\u00d5\u00b4\u00d5\u00a2\u00d6\u0080\u00d5\u00a5\u00d5\u00b5\u00d5\u00a1\u00d5\u00b6",
            "uri": "https://www.facebook.com/emin.mambreyan"
          }
        },
        {
          "timestamp": 1599017536,
          "data": {
            "name": "Mernox Feyq",
            "uri": "https://www.facebook.com/maria.simonyan.10"
          }
        },
        {
          "timestamp": 1599017535,
          "data": {
            "name": "Hayk Badalyan",
            "uri": "https://www.facebook.com/hayk.badalyan.9638"
          }
        },
        {
          "timestamp": 1599017535,
          "data": {
            "name": "Hayko Petrosyan",
            "uri": "https://www.facebook.com/hayko.petrosyan.104"
          }
        },
        {
          "timestamp": 1599017535,
          "data": {
            "name": "Arpi Galstyan",
            "uri": "https://www.facebook.com/arpi.galstyan.374"
          }
        },
        {
          "timestamp": 1599017535,
          "data": {
            "name": "Vika Gabrielyan",
            "uri": "https://www.facebook.com/profile.php?id=100011468562035"
          }
        },
        {
          "timestamp": 1599017535,
          "data": {
            "name": "Sur Grigoryan",
            "uri": "https://www.facebook.com/sur.grigoryan.3"
          }
        },
        {
          "timestamp": 1599017535,
          "data": {
            "name": "Ekaterina Andreeva",
            "uri": "https://www.facebook.com/ekaterina.andreeva.5011"
          }
        },
        {
          "timestamp": 1599017535,
          "data": {
            "name": "Inni G Dasaran",
            "uri": "https://www.facebook.com/profile.php?id=100011386841036"
          }
        },
        {
          "timestamp": 1599017535,
          "data": {
            "name": "\u00d4\u00b1\u00d5\u00bd\u00d5\u00bf\u00d5\u00b2\u00d5\u00ab\u00d5\u00af \u00d4\u00bd\u00d5\u00a1\u00d5\u00b9\u00d5\u00a1\u00d5\u00bf\u00d6\u0080\u00d5\u00b5\u00d5\u00a1\u00d5\u00b6",
            "uri": "https://www.facebook.com/aassttgghh"
          }
        },
        {
          "timestamp": 1599017535,
          "data": {
            "name": "Narek Hambarcumyan",
            "uri": "https://www.facebook.com/narek.hambarcumyan.33"
          }
        },
        {
          "timestamp": 1599017535,
          "data": {
            "name": "Levon Ghazaryan",
            "uri": "https://www.facebook.com/levon.ghazaryan.731"
          }
        },
        {
          "timestamp": 1599017535,
          "data": {
            "name": "Hrach Meliqyan",
            "uri": "https://www.facebook.com/profile.php?id=100011176840322"
          }
        },
        {
          "timestamp": 1599017534,
          "data": {
            "name": "Arman Alumyan",
            "uri": "https://www.facebook.com/arman.alumyan"
          }
        },
        {
          "timestamp": 1599017534,
          "data": {
            "name": "Anna Badalyan",
            "uri": "https://www.facebook.com/anna.badalyan.12"
          }
        },
        {
          "timestamp": 1599017534,
          "data": {
            "name": "Erik Erik",
            "uri": "https://www.facebook.com/profile.php?id=100011057805001"
          }
        },
        {
          "timestamp": 1599017534,
          "data": {
            "name": "Susik Karapetyan",
            "uri": "https://www.facebook.com/gi.rl.7731"
          }
        },
        {
          "timestamp": 1599017534,
          "data": {
            "name": "Hasmik Manaseryan",
            "uri": "https://www.facebook.com/profile.php?id=100010941979445"
          }
        },
        {
          "timestamp": 1599017534,
          "data": {
            "name": "Gev Sargsyan",
            "uri": "https://www.facebook.com/profile.php?id=100010737880723"
          }
        },
        {
          "timestamp": 1599017534,
          "data": {
            "name": "Syuz Ka",
            "uri": "https://www.facebook.com/syuz.ka.75"
          }
        },
        {
          "timestamp": 1599017533,
          "data": {
            "name": "Harut Hakobyan",
            "uri": "https://www.facebook.com/har.hakobyan.35"
          }
        },
        {
          "timestamp": 1599017533,
          "data": {
            "name": "\u00d4\u00b2\u00d5\u00ab\u00d5\u00a6\u00d5\u00b6\u00d5\u00a5\u00d5\u00bd \u00d5\u0084\u00d5\u00bf\u00d5\u00a1\u00d5\u00ae\u00d5\u00a5\u00d5\u00ac\u00d5\u00a1\u00d5\u00af\u00d5\u00a5\u00d6\u0080\u00d5\u00ba",
            "uri": "https://www.facebook.com/profile.php?id=100010666212939"
          }
        },
        {
          "timestamp": 1599017533,
          "data": {
            "name": "Anna Ba",
            "uri": "https://www.facebook.com/anna.ba.5895"
          }
        },
        {
          "timestamp": 1599017533,
          "data": {
            "name": "\u00d5\u0084\u00d5\u00a5\u00d6\u0080\u00d5\u00ab \u00d4\u00b9\u00d5\u00b8\u00d6\u0082\u00d5\u00b4\u00d5\u00b8\u00d5\u00b5\u00d5\u00a1\u00d5\u00b6",
            "uri": "https://www.facebook.com/profile.php?id=100010632102836"
          }
        },
        {
          "timestamp": 1599017533,
          "data": {
            "name": "Arsen Alumyan",
            "uri": "https://www.facebook.com/arsen.alumyan.9"
          }
        },
        {
          "timestamp": 1599017533,
          "data": {
            "name": "Biata Tikhonova",
            "uri": "https://www.facebook.com/profile.php?id=100010589460010"
          }
        },
        {
          "timestamp": 1599017533,
          "data": {
            "name": "Narek Gasparyan",
            "uri": "https://www.facebook.com/profile.php?id=100010529085500"
          }
        },
        {
          "timestamp": 1599017533,
          "data": {
            "name": "Mihran Abrahamyan",
            "uri": "https://www.facebook.com/mihran.abrahamyan.79"
          }
        },
        {
          "timestamp": 1599017533,
          "data": {
            "name": "Anna Badalyan",
            "uri": "https://www.facebook.com/profile.php?id=100010472557501"
          }
        },
        {
          "timestamp": 1599017533,
          "data": {
            "name": "\u00d5\u0084\u00d5\u00ab\u00d5\u00ac\u00d5\u00a5\u00d5\u00b6\u00d5\u00a1 \u00d4\u00b9\u00d5\u00a1\u00d5\u00a4\u00d6\u0087\u00d5\u00b8\u00d5\u00bd\u00d5\u00b5\u00d5\u00a1\u00d5\u00b6",
            "uri": "https://www.facebook.com/Milena2003yan"
          }
        },
        {
          "timestamp": 1599017527,
          "data": {
            "name": "Hovhannes Nazluxanyan",
            "uri": "https://www.facebook.com/hovhannes.nazluxanyan"
          }
        },
        {
          "timestamp": 1599017527,
          "data": {
            "name": "Erik Erik",
            "uri": "https://www.facebook.com/profile.php?id=100010344690645"
          }
        },
        {
          "timestamp": 1599017527,
          "data": {
            "name": "Yero Gevorgyan",
            "uri": "https://www.facebook.com/profile.php?id=100010286943469"
          }
        },
        {
          "timestamp": 1599017527,
          "data": {
            "name": "Syuzi Syuzi",
            "uri": "https://www.facebook.com/profile.php?id=100010222214004"
          }
        },
        {
          "timestamp": 1599017526,
          "data": {
            "name": "Lian Sargsyan",
            "uri": "https://www.facebook.com/lian.sargsyan.90"
          }
        },
        {
          "timestamp": 1599017526,
          "data": {
            "name": "Edgar Mkhitaryan",
            "uri": "https://www.facebook.com/MXITARYAN3"
          }
        },
        {
          "timestamp": 1599017526,
          "data": {
            "name": "Sargis Hakobyan",
            "uri": "https://www.facebook.com/profile.php?id=100010050558538"
          }
        },
        {
          "timestamp": 1599017526,
          "data": {
            "name": "Narek Aghbalyan",
            "uri": "https://www.facebook.com/profile.php?id=100010020764910"
          }
        },
        {
          "timestamp": 1599017526,
          "data": {
            "name": "Fcbarcelona Karapetyan",
            "uri": "https://www.facebook.com/profile.php?id=100009990662096"
          }
        },
        {
          "timestamp": 1599017526,
          "data": {
            "name": "Nat T-yan",
            "uri": "https://www.facebook.com/natali.terzikyan"
          }
        },
        {
          "timestamp": 1599017526,
          "data": {
            "name": "Gylnara Sargsyan",
            "uri": "https://www.facebook.com/profile.php?id=100009932410210"
          }
        },
        {
          "timestamp": 1599017525,
          "data": {
            "name": "Van Berberyan",
            "uri": "https://www.facebook.com/van.berberyan"
          }
        },
        {
          "timestamp": 1599017525,
          "data": {
            "name": "Lianna Hakobyan",
            "uri": "https://www.facebook.com/lianna.hakobyan.967"
          }
        },
        {
          "timestamp": 1599017525,
          "data": {
            "name": "Vigen Safaryan",
            "uri": "https://www.facebook.com/vi.gen.39"
          }
        },
        {
          "timestamp": 1599017525,
          "data": {
            "name": "Hayk Khachikyan",
            "uri": "https://www.facebook.com/khachikyan.hayk"
          }
        },
        {
          "timestamp": 1599017525,
          "data": {
            "name": "Marine Avoyan",
            "uri": "https://www.facebook.com/marine.avoyan"
          }
        },
        {
          "timestamp": 1599017525,
          "data": {
            "name": "Gexam Yeghiazaryan",
            "uri": "https://www.facebook.com/gexam.yeghiazaryan"
          }
        },
        {
          "timestamp": 1599017525,
          "data": {
            "name": "Mariam Gasparyan",
            "uri": "https://www.facebook.com/mariam.tadevosyan.353"
          }
        },
        {
          "timestamp": 1599017525,
          "data": {
            "name": "David Manaseryan",
            "uri": "https://www.facebook.com/david.manaseryan.a"
          }
        },
        {
          "timestamp": 1599017525,
          "data": {
            "name": "\u00d5\u008e\u00d6\u0080\u00d5\u00a5\u00d5\u00aa \u00d5\u0080\u00d5\u00a1\u00d5\u00af\u00d5\u00b8\u00d5\u00a2\u00d5\u00bb\u00d5\u00a1\u00d5\u00b6\u00d5\u00b5\u00d5\u00a1\u00d5\u00b6",
            "uri": "https://www.facebook.com/profile.php?id=100009576072194"
          }
        },
        {
          "timestamp": 1599017525,
          "data": {
            "name": "\u00d4\u00b1\u00d5\u00a3\u00d5\u00b6\u00d5\u00a5\u00d5\u00bd \u00d5\u0084\u00d5\u00b8\u00d6\u0082\u00d6\u0080\u00d5\u00a1\u00d5\u00a4\u00d5\u00b5\u00d5\u00a1\u00d5\u00b6",
            "uri": "https://www.facebook.com/profile.php?id=100009565488007"
          }
        },
        {
          "timestamp": 1599017525,
          "data": {
            "name": "\u00d4\u00b1\u00d6\u0080\u00d5\u00a1\u00d5\u00b5\u00d5\u00ab\u00d5\u00af \u00d5\u008a\u00d5\u00a1\u00d5\u00ba\u00d5\u00b8\u00d5\u00b5\u00d5\u00a1\u00d5\u00b6",
            "uri": "https://www.facebook.com/araik.papoyan.5"
          }
        },
        {
          "timestamp": 1599017524,
          "data": {
            "name": "Bshsb Javsv",
            "uri": "https://www.facebook.com/profile.php?id=100009523557143"
          }
        },
        {
          "timestamp": 1599017524,
          "data": {
            "name": "Arpi Hovhannisyan",
            "uri": "https://www.facebook.com/profile.php?id=100009470831637"
          }
        },
        {
          "timestamp": 1599017524,
          "data": {
            "name": "Yaka Safaryan",
            "uri": "https://www.facebook.com/profile.php?id=100009424263428"
          }
        },
        {
          "timestamp": 1599017524,
          "data": {
            "name": "Hakobyan Lilit",
            "uri": "https://www.facebook.com/profile.php?id=100009395617463"
          }
        },
        {
          "timestamp": 1599017524,
          "data": {
            "name": "Sofia Abrahamyan",
            "uri": "https://www.facebook.com/sofia.abrahamyan.16"
          }
        },
        {
          "timestamp": 1599017524,
          "data": {
            "name": "Styop Navoyan",
            "uri": "https://www.facebook.com/profile.php?id=100009384064696"
          }
        },
        {
          "timestamp": 1599017524,
          "data": {
            "name": "Lian Sargsyan",
            "uri": "https://www.facebook.com/profile.php?id=100009352106024"
          }
        },
        {
          "timestamp": 1599017524,
          "data": {
            "name": "Inga Sirekanyan",
            "uri": "https://www.facebook.com/TatevSirekanyan2"
          }
        },
        {
          "timestamp": 1599017523,
          "data": {
            "name": "Gev Nazluxanyan",
            "uri": "https://www.facebook.com/profile.php?id=100009182745814"
          }
        },
        {
          "timestamp": 1599017523,
          "data": {
            "name": "Ishxan Gevorgyan",
            "uri": "https://www.facebook.com/abovardanyan03"
          }
        },
        {
          "timestamp": 1599017523,
          "data": {
            "name": "Suren Grigoryan",
            "uri": "https://www.facebook.com/profile.php?id=100009153871919"
          }
        },
        {
          "timestamp": 1599017523,
          "data": {
            "name": "Hovo D-Yan",
            "uri": "https://www.facebook.com/profile.php?id=100009134991383"
          }
        },
        {
          "timestamp": 1599017523,
          "data": {
            "name": "Lily Lily",
            "uri": "https://www.facebook.com/profile.php?id=100009127986489"
          }
        },
        {
          "timestamp": 1599017523,
          "data": {
            "name": "Artak Hakobyan",
            "uri": "https://www.facebook.com/profile.php?id=100009127056707"
          }
        },
        {
          "timestamp": 1599017523,
          "data": {
            "name": "Gevorg Amirxanyan",
            "uri": "https://www.facebook.com/profile.php?id=100009032961619"
          }
        },
        {
          "timestamp": 1599017523,
          "data": {
            "name": "Ruzik Torosyan",
            "uri": "https://www.facebook.com/profile.php?id=100009003200098"
          }
        },
        {
          "timestamp": 1599017523,
          "data": {
            "name": "\u00d0\u0098\u00d1\u0080\u00d0\u00b8\u00d0\u00bd\u00d0\u00b0 \u00d0\u0093\u00d0\u00b5\u00d0\u00b2\u00d0\u00be\u00d1\u0080\u00d0\u00ba\u00d1\u008f\u00d0\u00bd",
            "uri": "https://www.facebook.com/profile.php?id=100008973468063"
          }
        },
        {
          "timestamp": 1599017523,
          "data": {
            "name": "Hayk Elbakyan",
            "uri": "https://www.facebook.com/profile.php?id=100008900792533"
          }
        },
        {
          "timestamp": 1599017523,
          "data": {
            "name": "\u00d5\u008e\u00d5\u00ab\u00d5\u00af\u00d5\u00a1 \u00d5\u0080\u00d5\u00b8\u00d5\u00be\u00d5\u00b0\u00d5\u00a1\u00d5\u00b6\u00d5\u00b6\u00d5\u00ab\u00d5\u00bd\u00d5\u00b5\u00d5\u00a1\u00d5\u00b6",
            "uri": "https://www.facebook.com/profile.php?id=100008874765567"
          }
        },
        {
          "timestamp": 1599017523,
          "data": {
            "name": "Aghvan Papyan",
            "uri": "https://www.facebook.com/profile.php?id=100008737422434"
          }
        },
        {
          "timestamp": 1599017523,
          "data": {
            "name": "\u00d5\u0086\u00d5\u00a5\u00d5\u00ac\u00d5\u00ac\u00d5\u00ab  \u00d4\u00b2\u00d5\u00a1\u00d5\u00a2\u00d5\u00a1\u00d5\u00b5\u00d5\u00a1\u00d5\u00b6",
            "uri": "https://www.facebook.com/rrrrrrrrrrrrrrrggggggggggggt5rr"
          }
        },
        {
          "timestamp": 1599017523,
          "data": {
            "name": "Mil Sh-Yan",
            "uri": "https://www.facebook.com/profile.php?id=100008634852266"
          }
        },
        {
          "timestamp": 1599017522,
          "data": {
            "name": "Levon Martirosyan",
            "uri": "https://www.facebook.com/levon.aharonyan.58"
          }
        },
        {
          "timestamp": 1599017522,
          "data": {
            "name": "Mar Hakobyan",
            "uri": "https://www.facebook.com/mareta2003"
          }
        },
        {
          "timestamp": 1599017522,
          "data": {
            "name": "Gayane Aghbalyan",
            "uri": "https://www.facebook.com/profile.php?id=100008423232283"
          }
        },
        {
          "timestamp": 1599017522,
          "data": {
            "name": "Zara Davtyan",
            "uri": "https://www.facebook.com/zara.davtyan.35"
          }
        },
        {
          "timestamp": 1599017522,
          "data": {
            "name": "Mary Alumyan",
            "uri": "https://www.facebook.com/profile.php?id=100008302934448"
          }
        },
        {
          "timestamp": 1599017522,
          "data": {
            "name": "Elen  Babakhanyan",
            "uri": "https://www.facebook.com/profile.php?id=100008295811699"
          }
        },
        {
          "timestamp": 1599017522,
          "data": {
            "name": "Gor Simonyan",
            "uri": "https://www.facebook.com/Gor.Simonyan07"
          }
        },
        {
          "timestamp": 1599017522,
          "data": {
            "name": "Tigran Petrosyan",
            "uri": "https://www.facebook.com/profile.php?id=100008209570379"
          }
        },
        {
          "timestamp": 1599017521,
          "data": {
            "name": "Arpi Khachatryan",
            "uri": "https://www.facebook.com/arphikhachatryan"
          }
        },
        {
          "timestamp": 1599017521,
          "data": {
            "name": "Meri Manukyan",
            "uri": "https://www.facebook.com/xcho.manukyan.35"
          }
        },
        {
          "timestamp": 1599017521,
          "data": {
            "name": "Arsen Udumyan",
            "uri": "https://www.facebook.com/profile.php?id=100008102715897"
          }
        },
        {
          "timestamp": 1599017521,
          "data": {
            "name": "Nikoghosyan Gor",
            "uri": "https://www.facebook.com/profile.php?id=100007929258320"
          }
        },
        {
          "timestamp": 1599017521,
          "data": {
            "name": "\u00d5\u0080\u00d5\u00a1\u00d5\u00b5\u00d5\u00a1\u00d5\u00bd\u00d5\u00bf\u00d5\u00a1\u00d5\u00b6\u00d5\u00ab \u00d5\u0083\u00d5\u00a1\u00d5\u00b4\u00d6\u0083\u00d5\u00a5\u00d6\u0084\u00d5\u00b8\u00d5\u00be",
            "uri": "https://www.facebook.com/profile.php?id=100007837187587"
          }
        },
        {
          "timestamp": 1599017521,
          "data": {
            "name": "Vahan Ghazaryan",
            "uri": "https://www.facebook.com/vahan.ghazaryan.969"
          }
        },
        {
          "timestamp": 1599017521,
          "data": {
            "name": "Natalya Terzikyan",
            "uri": "https://www.facebook.com/profile.php?id=100007670357251"
          }
        },
        {
          "timestamp": 1599017521,
          "data": {
            "name": "\u00d5\u0086\u00d5\u00a1\u00d5\u00b0\u00d5\u00a1\u00d5\u00ba\u00d5\u00a5\u00d5\u00bf \u00d4\u00bf\u00d5\u00a1\u00d6\u0080\u00d5\u00a1\u00d5\u00ba\u00d5\u00a5\u00d5\u00bf\u00d5\u00b5\u00d5\u00a1\u00d5\u00b6",
            "uri": "https://www.facebook.com/nahapet.karapetyan.3"
          }
        },
        {
          "timestamp": 1599017521,
          "data": {
            "name": "Davo Narek",
            "uri": "https://www.facebook.com/profile.php?id=100007614048739"
          }
        },
        {
          "timestamp": 1599017521,
          "data": {
            "name": "\u00d4\u00b1. \u00d4\u00b1.",
            "uri": "https://www.facebook.com/hackbytbh"
          }
        },
        {
          "timestamp": 1599017521,
          "data": {
            "name": "\u00d4\u00b1\u00d5\u00b6\u00d5\u00a1\u00d5\u00b0\u00d5\u00ab\u00d5\u00bf \u00d4\u00b1\u00d5\u00be\u00d5\u00a1\u00d5\u00a3\u00d5\u00b5\u00d5\u00a1\u00d5\u00b6",
            "uri": "https://www.facebook.com/anahit.avagyan.524"
          }
        },
        {
          "timestamp": 1599017521,
          "data": {
            "name": "Vova  Khachatryan",
            "uri": "https://www.facebook.com/vova.khachatryan.3"
          }
        },
        {
          "timestamp": 1599017521,
          "data": {
            "name": "Natali Barseghyan",
            "uri": "https://www.facebook.com/lili.barsegyan.3"
          }
        },
        {
          "timestamp": 1599017520,
          "data": {
            "name": "Arman Mambreyan",
            "uri": "https://www.facebook.com/arman.mambreyan"
          }
        },
        {
          "timestamp": 1599017520,
          "data": {
            "name": "Hayk Mkrtchyan",
            "uri": "https://www.facebook.com/profile.php?id=100007397268794"
          }
        },
        {
          "timestamp": 1599017520,
          "data": {
            "name": "Lucie Petrosyan",
            "uri": "https://www.facebook.com/lucinweber"
          }
        },
        {
          "timestamp": 1599017520,
          "data": {
            "name": "Karen  Miqayelyan",
            "uri": "https://www.facebook.com/karen.miqayelyan.98"
          }
        },
        {
          "timestamp": 1599017520,
          "data": {
            "name": "\u00d5\u008e\u00d5\u00a1\u00d5\u00b6\u00d5\u00ab\u00d5\u00af \u00d5\u0080\u00d5\u00a1\u00d5\u00af\u00d5\u00b8\u00d5\u00a2\u00d5\u00b5\u00d5\u00a1\u00d5\u00b6",
            "uri": "https://www.facebook.com/van.hakobyan00"
          }
        },
        {
          "timestamp": 1599017520,
          "data": {
            "name": "Samvel Vardanyan",
            "uri": "https://www.facebook.com/profile.php?id=100007237308093"
          }
        },
        {
          "timestamp": 1599017520,
          "data": {
            "name": "Arman Minasyan",
            "uri": "https://www.facebook.com/arman.minasyan.9210"
          }
        },
        {
          "timestamp": 1599017520,
          "data": {
            "name": "Hovhannes Malkhasyan",
            "uri": "https://www.facebook.com/Mirage777M"
          }
        },
        {
          "timestamp": 1599017520,
          "data": {
            "name": "Anna Aghbalyan",
            "uri": "https://www.facebook.com/profile.php?id=100007002558626"
          }
        },
        {
          "timestamp": 1599017516,
          "data": {
            "name": "\u00d5\u0084\u00d5\u00ab\u00d5\u00b6\u00d5\u00a1 \u00d5\u0086\u00d5\u00a1\u00d5\u00a6\u00d5\u00a1\u00d6\u0080\u00d5\u00b5\u00d5\u00a1\u00d5\u00b6 ",
            "uri": "https://www.facebook.com/nazaryanmilena"
          }
        },
        {
          "timestamp": 1599017516,
          "data": {
            "name": "Mane  Hovsepyan",
            "uri": "https://www.facebook.com/mane.hovsepyan.355"
          }
        },
        {
          "timestamp": 1599017516,
          "data": {
            "name": "Ani Aramyan",
            "uri": "https://www.facebook.com/profile.php?id=100006835201836"
          }
        },
        {
          "timestamp": 1599017516,
          "data": {
            "name": "Luiza Matevosyan",
            "uri": "https://www.facebook.com/luiza.harutyunyan.37"
          }
        },
        {
          "timestamp": 1599017515,
          "data": {
            "name": "Vera Bareghamyan",
            "uri": "https://www.facebook.com/anhayt.axchik.9"
          }
        },
        {
          "timestamp": 1599017515,
          "data": {
            "name": "Natalya Terzikyan",
            "uri": "https://www.facebook.com/profile.php?id=100006743056275"
          }
        },
        {
          "timestamp": 1599017515,
          "data": {
            "name": "Nel D-yan",
            "uri": "https://www.facebook.com/profile.php?id=100006736562165"
          }
        },
        {
          "timestamp": 1599017515,
          "data": {
            "name": "\u00d0\u0097\u00d0\u00b5\u00d0\u00bc\u00d1\u0084\u00d0\u00b8\u00d1\u0080\u00d0\u00b0 \u00d0\u0091\u00d0\u00b0\u00d1\u0080\u00d1\u0081\u00d0\u00b5\u00d0\u00b3\u00d1\u008f\u00d0\u00bd",
            "uri": "https://www.facebook.com/profile.php?id=100006649636839"
          }
        },
        {
          "timestamp": 1599017515,
          "data": {
            "name": "Seda Meymaryan",
            "uri": "https://www.facebook.com/profile.php?id=100006640320558"
          }
        },
        {
          "timestamp": 1599017515,
          "data": {
            "name": "Yoj M-yan",
            "uri": "https://www.facebook.com/profile.php?id=100006542448627"
          }
        },
        {
          "timestamp": 1599017515,
          "data": {
            "name": "\u00d0\u0090\u00d0\u00b3\u00d0\u00b0\u00d1\u0081 \u00d0\u009c\u00d0\u00b0\u00d1\u0080\u00d1\u0082\u00d0\u00b8\u00d1\u0080\u00d0\u00be\u00d1\u0081\u00d1\u008f\u00d0\u00bd",
            "uri": "https://www.facebook.com/profile.php?id=100006495616762"
          }
        },
        {
          "timestamp": 1599017515,
          "data": {
            "name": "Inna  Harutyunyan",
            "uri": "https://www.facebook.com/innochka.harutyunyan"
          }
        },
        {
          "timestamp": 1599017515,
          "data": {
            "name": "Dorin Sarkesian",
            "uri": "https://www.facebook.com/dorin.sarkesian"
          }
        },
        {
          "timestamp": 1599017515,
          "data": {
            "name": "Nelly Gabrielyan",
            "uri": "https://www.facebook.com/nelly.gabrielyan.9"
          }
        },
        {
          "timestamp": 1599017515,
          "data": {
            "name": "\u00d0\u0090\u00d1\u0080\u00d0\u00bc\u00d0\u00b5\u00d0\u00bd \u00d0\u00af\u00d0\u00bd",
            "uri": "https://www.facebook.com/profile.php?id=100006322784669"
          }
        },
        {
          "timestamp": 1599017515,
          "data": {
            "name": "Sevad Hovhannisyan",
            "uri": "https://www.facebook.com/profile.php?id=100006318372859"
          }
        },
        {
          "timestamp": 1599017515,
          "data": {
            "name": "Hayk Avdalyan",
            "uri": "https://www.facebook.com/lianna.akobyan.3"
          }
        },
        {
          "timestamp": 1599017515,
          "data": {
            "name": "Vosk Hambardzumyan",
            "uri": "https://www.facebook.com/vosk.hambarcumyan"
          }
        },
        {
          "timestamp": 1599017515,
          "data": {
            "name": "Seda Grigoryan",
            "uri": "https://www.facebook.com/seda.grigoryan.3532"
          }
        },
        {
          "timestamp": 1599017514,
          "data": {
            "name": "Shush Chakhoyan",
            "uri": "https://www.facebook.com/profile.php?id=100006033166484"
          }
        },
        {
          "timestamp": 1599017514,
          "data": {
            "name": "\u00d4\u00bc\u00d5\u00ab\u00d5\u00b6 \u00d5\u0082\u00d5\u00a1\u00d5\u00a6\u00d5\u00a1\u00d6\u0080\u00d5\u00b5\u00d5\u00a1\u00d5\u00b6",
            "uri": "https://www.facebook.com/profile.php?id=100005999208321"
          }
        },
        {
          "timestamp": 1599017514,
          "data": {
            "name": "Zoya Gevorgyan",
            "uri": "https://www.facebook.com/profile.php?id=100005987285994"
          }
        },
        {
          "timestamp": 1599017514,
          "data": {
            "name": "Artur Kirakosyan",
            "uri": "https://www.facebook.com/Artur.Kirakosyan.1999"
          }
        },
        {
          "timestamp": 1599017514,
          "data": {
            "name": "Lara Prazyan",
            "uri": "https://www.facebook.com/lara.prazyan"
          }
        },
        {
          "timestamp": 1599017514,
          "data": {
            "name": "Lusine  Avetisyan",
            "uri": "https://www.facebook.com/lusine.avetisyan.1213"
          }
        },
        {
          "timestamp": 1599017514,
          "data": {
            "name": "\u00d5\u0086\u00d5\u00a1\u00d6\u0080\u00d5\u00a7 \u00d4\u00b2\u00d5\u00a1\u00d5\u00b2\u00d5\u00a4\u00d5\u00a1\u00d5\u00bd\u00d5\u00a1\u00d6\u0080\u00d5\u00b5\u00d5\u00a1\u00d5\u00b6",
            "uri": "https://www.facebook.com/nare.bagdasaryan.33"
          }
        },
        {
          "timestamp": 1599017514,
          "data": {
            "name": "Anushik Nikoghosyan",
            "uri": "https://www.facebook.com/anushik.nikoghosyan10"
          }
        },
        {
          "timestamp": 1599017514,
          "data": {
            "name": "\u00d5\u0086\u00d5\u00a1\u00d6\u0080\u00d5\u00a5 \u00d4\u00bb\u00d5\u00bd\u00d5\u00ba\u00d5\u00ab\u00d6\u0080\u00d5\u00b5\u00d5\u00a1\u00d5\u00b6",
            "uri": "https://www.facebook.com/profile.php?id=100005760587629"
          }
        },
        {
          "timestamp": 1599017514,
          "data": {
            "name": "Alex MXitaryan",
            "uri": "https://www.facebook.com/profile.php?id=100005710009286"
          }
        },
        {
          "timestamp": 1599017514,
          "data": {
            "name": "Gor  Piltakyan",
            "uri": "https://www.facebook.com/piltakyan.666.666"
          }
        },
        {
          "timestamp": 1599017514,
          "data": {
            "name": "Hamo Grigoryan",
            "uri": "https://www.facebook.com/hamo.grigoryan.946"
          }
        },
        {
          "timestamp": 1599017514,
          "data": {
            "name": "\u00d5\u008d\u00d5\u00b8\u00d5\u00b6\u00d5\u00a1 \u00d4\u00b1\u00d5\u00be\u00d5\u00a1\u00d5\u00a3\u00d5\u00b5\u00d5\u00a1\u00d5\u00b6",
            "uri": "https://www.facebook.com/sona.avagyan.165"
          }
        },
        {
          "timestamp": 1599017514,
          "data": {
            "name": "Qis Yan",
            "uri": "https://www.facebook.com/qristina.davtyan.77"
          }
        },
        {
          "timestamp": 1599017514,
          "data": {
            "name": "Alina Hambardzumyan",
            "uri": "https://www.facebook.com/profile.php?id=100005425424745"
          }
        },
        {
          "timestamp": 1599017514,
          "data": {
            "name": "Yeva Davtyan",
            "uri": "https://www.facebook.com/eva.davtyan.79"
          }
        },
        {
          "timestamp": 1599017514,
          "data": {
            "name": "Milena Milena",
            "uri": "https://www.facebook.com/milena.hakobyan.507"
          }
        },
        {
          "timestamp": 1599017514,
          "data": {
            "name": "Lida Dana",
            "uri": "https://www.facebook.com/davo.etaryan"
          }
        },
        {
          "timestamp": 1599017514,
          "data": {
            "name": "Gayane Arutyunyan",
            "uri": "https://www.facebook.com/profile.php?id=100005281695031"
          }
        },
        {
          "timestamp": 1599017513,
          "data": {
            "name": "\u00d5\u008e\u00d5\u00ab\u00d5\u00af\u00d5\u00bf\u00d5\u00b8\u00d6\u0080\u00d5\u00b5\u00d5\u00a1 \u00d4\u00b2\u00d5\u00a1\u00d5\u00b2\u00d5\u00a4\u00d5\u00a1\u00d5\u00bd\u00d5\u00a1\u00d6\u0080\u00d5\u00b5\u00d5\u00a1\u00d5\u00b6",
            "uri": "https://www.facebook.com/victoria.baghdasaryan.22011985"
          }
        },
        {
          "timestamp": 1599017513,
          "data": {
            "name": "Raffi Momjyan",
            "uri": "https://www.facebook.com/raffi.momjyan"
          }
        },
        {
          "timestamp": 1599017513,
          "data": {
            "name": "Harut Musayelyan",
            "uri": "https://www.facebook.com/harut.musayelyan.1"
          }
        },
        {
          "timestamp": 1599017513,
          "data": {
            "name": "Rubo  Begoyan",
            "uri": "https://www.facebook.com/rubo.begoyan"
          }
        },
        {
          "timestamp": 1599017513,
          "data": {
            "name": "Dadalyan Nane",
            "uri": "https://www.facebook.com/nane.dadalyan819"
          }
        },
        {
          "timestamp": 1599017513,
          "data": {
            "name": "Anna Tataryan",
            "uri": "https://www.facebook.com/anna.tataryan.3"
          }
        },
        {
          "timestamp": 1599017513,
          "data": {
            "name": "Lyuba Sahakyan",
            "uri": "https://www.facebook.com/lyub.sahakyan"
          }
        },
        {
          "timestamp": 1599017513,
          "data": {
            "name": "Tarosikner Sunny",
            "uri": "https://www.facebook.com/tarosiknersunny"
          }
        },
        {
          "timestamp": 1599017513,
          "data": {
            "name": "Maria Grigoryan",
            "uri": "https://www.facebook.com/mane.grigoryan.17"
          }
        },
        {
          "timestamp": 1599017512,
          "data": {
            "name": "Armen Grigoryan",
            "uri": "https://www.facebook.com/profile.php?id=100004628379414"
          }
        },
        {
          "timestamp": 1599017512,
          "data": {
            "name": "\u00d4\u00b1\u00d6\u0080\u00d5\u00b4\u00d5\u00a5\u00d5\u00b6 \u00d5\u0084\u00d5\u00a1\u00d5\u00b4\u00d5\u00a2\u00d6\u0080\u00d5\u00a5\u00d5\u00b5\u00d5\u00a1\u00d5\u00b6",
            "uri": "https://www.facebook.com/armen.mambreyan.3"
          }
        },
        {
          "timestamp": 1599017512,
          "data": {
            "name": "\u00d0\u0097\u00d0\u00b0\u00d1\u0080\u00d1\u0083\u00d0\u00b8 \u00d0\u009f\u00d0\u00b5\u00d1\u0082\u00d1\u0080\u00d0\u00be\u00d1\u0081\u00d1\u008f\u00d0\u00bd",
            "uri": "https://www.facebook.com/profile.php?id=100004484282113"
          }
        },
        {
          "timestamp": 1599017512,
          "data": {
            "name": "Hasmik Karapetyan",
            "uri": "https://www.facebook.com/profile.php?id=100004377648064"
          }
        },
        {
          "timestamp": 1599017512,
          "data": {
            "name": "Elen Aharonyan",
            "uri": "https://www.facebook.com/elen0890"
          }
        },
        {
          "timestamp": 1599017512,
          "data": {
            "name": "Marina Grigoryan",
            "uri": "https://www.facebook.com/profile.php?id=100004136715463"
          }
        },
        {
          "timestamp": 1599017512,
          "data": {
            "name": "Vazgen A-yan",
            "uri": "https://www.facebook.com/vazgen.asoyan"
          }
        },
        {
          "timestamp": 1599017512,
          "data": {
            "name": "Minas  Avagyan",
            "uri": "https://www.facebook.com/avagyanminas"
          }
        },
        {
          "timestamp": 1599017512,
          "data": {
            "name": "\u00d0\u009c\u00d0\u00b0\u00d1\u0080\u00d0\u00b8\u00d0\u00b0\u00d0\u00bc \u00d0\u0090\u00d0\u00b3\u00d0\u00b0\u00d0\u00b4\u00d0\u00b6\u00d0\u00b0\u00d0\u00bd\u00d1\u008f\u00d0\u00bd",
            "uri": "https://www.facebook.com/mariamikaghajanyan"
          }
        },
        {
          "timestamp": 1599017512,
          "data": {
            "name": "Artyom Hovhannisyan",
            "uri": "https://www.facebook.com/artyom.hovhannisyan.357"
          }
        },
        {
          "timestamp": 1599017512,
          "data": {
            "name": "Arm Gredit",
            "uri": "https://www.facebook.com/lily.hovhannisyan.14"
          }
        },
        {
          "timestamp": 1599017512,
          "data": {
            "name": "\u00d5\u0084\u00d5\u00a5\u00d5\u00ac\u00d5\u00ab\u00d5\u00b6\u00d5\u00a7 \u00d4\u00b9\u00d5\u00b8\u00d6\u0080\u00d5\u00b8\u00d5\u00bd",
            "uri": "https://www.facebook.com/meline.toros"
          }
        },
        {
          "timestamp": 1599017512,
          "data": {
            "name": "Ashot Stepanyan",
            "uri": "https://www.facebook.com/ashot.stephanyan"
          }
        },
        {
          "timestamp": 1599017512,
          "data": {
            "name": "Gev Davtyan",
            "uri": "https://www.facebook.com/gev.davtyan.9"
          }
        },
        {
          "timestamp": 1599017512,
          "data": {
            "name": "Hasmik Azizbekyan",
            "uri": "https://www.facebook.com/hazizbekyan"
          }
        },
        {
          "timestamp": 1599017511,
          "data": {
            "name": "Ella Mikaelyan",
            "uri": "https://www.facebook.com/ella.miqaelyan"
          }
        },
        {
          "timestamp": 1599017511,
          "data": {
            "name": "\u00d5\u0080\u00d5\u00a1\u00d5\u00bd\u00d5\u00b4\u00d5\u00ab\u00d5\u00af \u00d5\u0086\u00d5\u00b7\u00d5\u00a1\u00d5\u00b6\u00d5\u00b5\u00d5\u00a1\u00d5\u00b6",
            "uri": "https://www.facebook.com/hasmik.nshanyan"
          }
        },
        {
          "timestamp": 1599017511,
          "data": {
            "name": "Meline Tadevosyan",
            "uri": "https://www.facebook.com/meline.tadevosyan.1"
          }
        },
        {
          "timestamp": 1599017511,
          "data": {
            "name": "Nune Engibaryan",
            "uri": "https://www.facebook.com/nune.engibaryan.9"
          }
        },
        {
          "timestamp": 1599017511,
          "data": {
            "name": "Hayk  Babayan",
            "uri": "https://www.facebook.com/hayk.babayan.927"
          }
        },
        {
          "timestamp": 1599017511,
          "data": {
            "name": "Viktorya Musaelyan",
            "uri": "https://www.facebook.com/vikmusa"
          }
        },
        {
          "timestamp": 1599017511,
          "data": {
            "name": "Hayk Aghajanyan",
            "uri": "https://www.facebook.com/hayk.aghajanyan.5"
          }
        },
        {
          "timestamp": 1599017511,
          "data": {
            "name": "Hayk Mkrtchyan",
            "uri": "https://www.facebook.com/hayk.mkrtchyan.921"
          }
        },
        {
          "timestamp": 1599017511,
          "data": {
            "name": "Mariam Petrosyan",
            "uri": "https://www.facebook.com/mariam.petrosyan.56"
          }
        },
        {
          "timestamp": 1599017511,
          "data": {
            "name": "David Simonyan",
            "uri": "https://www.facebook.com/david.simonyan.50"
          }
        },
        {
          "timestamp": 1599017511,
          "data": {
            "name": "Amalya Arustamyan",
            "uri": "https://www.facebook.com/Ar.Amyyy"
          }
        },
        {
          "timestamp": 1599017511,
          "data": {
            "name": "Seda Ananyan",
            "uri": "https://www.facebook.com/seda.ananyan"
          }
        },
        {
          "timestamp": 1599017510,
          "data": {
            "name": "Banditskaya Romantika",
            "uri": "https://www.facebook.com/banditskaya.romantika"
          }
        },
        {
          "timestamp": 1599017510,
          "data": {
            "name": "Arthur Mkrtumyan",
            "uri": "https://www.facebook.com/arthur.mkrtumyan.37"
          }
        },
        {
          "timestamp": 1599017510,
          "data": {
            "name": "Izabella Vardanyan",
            "uri": "https://www.facebook.com/izabella.vardanyan33"
          }
        },
        {
          "timestamp": 1599017510,
          "data": {
            "name": "Alisa Rusanna Aslanyan Saakyan",
            "uri": "https://www.facebook.com/alisarusanna.saakyan"
          }
        },
        {
          "timestamp": 1599017510,
          "data": {
            "name": "Okka MaJars",
            "uri": "https://www.facebook.com/okka.majars"
          }
        },
        {
          "timestamp": 1599017510,
          "data": {
            "name": "\u00d4\u00b1\u00d5\u00b6\u00d5\u00b6\u00d5\u00a1 \u00d5\u008a\u00d5\u00a5\u00d5\u00bf\u00d6\u0080\u00d5\u00b8\u00d5\u00bd\u00d5\u00b5\u00d5\u00a1\u00d5\u00b6",
            "uri": "https://www.facebook.com/anna.petrosyan.509"
          }
        },
        {
          "timestamp": 1599017510,
          "data": {
            "name": "Ahmed Khoga",
            "uri": "https://www.facebook.com/profile.php?id=100001199798760"
          }
        },
        {
          "timestamp": 1599017510,
          "data": {
            "name": "Anna Hakobyan",
            "uri": "https://www.facebook.com/anna.hakobyan.7965"
          }
        },
        {
          "timestamp": 1599017510,
          "data": {
            "name": "Nelli Mich",
            "uri": "https://www.facebook.com/nelli.mich15"
          }
        },
        {
          "timestamp": 1599017510,
          "data": {
            "name": "Vahe Nersisyan",
            "uri": "https://www.facebook.com/nersisyanvahe"
          }
        },
        {
          "timestamp": 1599017510,
          "data": {
            "name": "Arsen Mkrtchyan",
            "uri": "https://www.facebook.com/mkoarsen"
          }
        },
        {
          "timestamp": 1599017510,
          "data": {
            "name": "Eva Akhoyan",
            "uri": "https://www.facebook.com/eva.akhoyan"
          }
        },
        {
          "timestamp": 1599017510,
          "data": {
            "name": "Ani Ter-Martirosyan",
            "uri": "https://www.facebook.com/ani.termartirosyan"
          }
        },
        {
          "timestamp": 1599017510,
          "data": {
            "name": "Susanna Galstyan",
            "uri": "https://www.facebook.com/susanna.galstyan.37"
          }
        },
        {
          "timestamp": 1599017510,
          "data": {
            "name": "minutebuzz",
            "uri": "https://facebook.com/minutebuzz"
          }
        },
        {
          "timestamp": 1599017510,
          "data": {
            "name": "Priyanka Chopra",
            "uri": "https://facebook.com/priyankachopra"
          }
        },
        {
          "timestamp": 1599017510,
          "data": {
            "name": "Breaking News",
            "uri": "https://facebook.com/BreakingNews"
          }
        },
        {
          "timestamp": 1599017510,
          "data": {
            "name": "IAB International Academy of Business",
            "uri": "https://facebook.com/IabCentrePage"
          }
        },
        {
          "timestamp": 1599017510,
          "data": {
            "name": "Winnie the Pooh",
            "uri": "https://facebook.com/WinniethePooh"
          }
        },
        {
          "timestamp": 1599017509,
          "data": {
            "name": "Leon Thomas",
            "uri": "https://facebook.com/LeonThomasMusic"
          }
        },
        {
          "timestamp": 1599017509,
          "data": {
            "name": "Nordcurrent",
            "uri": "https://facebook.com/nordcurrent"
          }
        },
        {
          "timestamp": 1599017509,
          "data": {
            "name": "Laughing so hard u cry",
            "uri": "https://facebook.com/Laughing.Cry"
          }
        },
        {
          "timestamp": 1599017509,
          "data": {
            "name": "Kina Grannis",
            "uri": "https://facebook.com/kinagrannis"
          }
        },
        {
          "timestamp": 1599017509,
          "data": {
            "name": "America\u00e2\u0080\u0099s Next Top Model",
            "uri": "https://facebook.com/ANTMVH1"
          }
        },
        {
          "timestamp": 1599017509,
          "data": {
            "name": "Katelyn Tarver",
            "uri": "https://facebook.com/katelyntarveronline"
          }
        },
        {
          "timestamp": 1599017509,
          "data": {
            "name": "Gohar Hovhannisyan",
            "uri": "https://www.facebook.com/gohar.hovhannisyan.790"
          }
        },
        {
          "timestamp": 1599017509,
          "data": {
            "name": "Lusine Amirjanyan",
            "uri": "https://www.facebook.com/lusine.amirjanyan.7"
          }
        },
        {
          "timestamp": 1599017509,
          "data": {
            "name": "Cyprien Viet",
            "uri": "https://www.facebook.com/cyprien.viet"
          }
        }
      ]
    }
  ]
}