{
  "followers_v3": [
    {
      "name": "Ed ackerson "
    },
    {
      "name": "Baghdasaryan's Production USA"
    },
    {
      "name": "\u00d4\u00b9\u00d5\u00a1\u00d5\u00b4\u00d5\u00a1\u00d6\u0080\u00d5\u00a1 \u00d4\u00b5\u00d5\u00b2\u00d5\u00ab\u00d5\u00a1\u00d5\u00a6\u00d5\u00a1\u00d6\u0080\u00d5\u00b5\u00d5\u00a1\u00d5\u00b6"
    },
    {
      "name": "DA Davany"
    },
    {
      "name": "Smbat Stepanyan"
    },
    {
      "name": "David John"
    },
    {
      "name": "\u00d5\u0080\u00d5\u00a1\u00d5\u00b5\u00d5\u00af\u00d5\u00b8\u00d6\u0082\u00d5\u00b0\u00d5\u00ab \u00d6\u0085\u00d5\u00b6\u00d5\u00ac\u00d5\u00a1\u00d5\u00b5\u00d5\u00b6 \u00d5\u0087\u00d5\u00b8\u00d6\u0083"
    },
    {
      "name": "\u00d5\u0080\u00d5\u00a1\u00d5\u00b3\u00d5\u00a5\u00d5\u00ac\u00d5\u00ab \u00d4\u00b1\u00d5\u00b6\u00d5\u00b8\u00d6\u0082\u00d5\u00b7 \u00d5\u00b4\u00d5\u00a1\u00d6\u0080\u00d5\u00a4"
    },
    {
      "name": "\u00d4\u00b2\u00d5\u00a5\u00d5\u00bc\u00d5\u00b6\u00d5\u00a1 \u00d6\u0083\u00d5\u00b8\u00d5\u00ad\u00d5\u00a1\u00d5\u00a4\u00d6\u0080\u00d5\u00b8\u00d6\u0082\u00d5\u00b4\u00d5\u00b6\u00d5\u00a5\u00d6\u0080"
    },
    {
      "name": "\u00d5\u0086\u00d5\u00ab\u00d5\u00b6\u00d5\u00a1 \u00d5\u0084-\u00d5\u00b5\u00d5\u00a1\u00d5\u00b6"
    },
    {
      "name": "\u00d5\u0084\u00d5\u00b5\u00d5\u00a1\u00d5\u00b6 \u00d5\u008f\u00d5\u00ab\u00d5\u00a3\u00d6\u0080\u00d5\u00a1\u00d5\u00b6"
    },
    {
      "name": "\u00d0\u00a0\u00d0\u00be\u00d0\u00b1\u00d0\u00b5\u00d1\u0080\u00d1\u0082 \u00d0\u0091\u00d0\u00b0\u00d1\u0081\u00d1\u0081\u00d0\u00b8\u00d0\u00bb\u00d0\u00b8"
    },
    {
      "name": "Dexter Denn Jarloc"
    },
    {
      "name": "Samuel Voskanyan"
    },
    {
      "name": "Davit Harutyunyan"
    },
    {
      "name": "Artur Simonyan"
    },
    {
      "name": "Narek Gharibyan"
    },
    {
      "name": "Kh PS"
    },
    {
      "name": "Stepa  Arakelyan"
    },
    {
      "name": "\u00d4\u00b3\u00d6\u0080\u00d6\u0084\u00d5\u00a5\u00d6\u0080\u00d5\u00ab \u00d5\u0095\u00d5\u00b6\u00d5\u00ac\u00d5\u00a1\u00d5\u00b5\u00d5\u00b6 \u00d5\u008e\u00d5\u00a1\u00d5\u00b3\u00d5\u00a1\u00d5\u00bc\u00d6\u0084"
    },
    {
      "name": "Neriman Ashlarba"
    },
    {
      "name": "Gevorg Yan"
    },
    {
      "name": "Vuqar Nesirov"
    },
    {
      "name": "\u00d5\u008e\u00d5\u00a1\u00d5\u00b0\u00d5\u00a1\u00d5\u00a3 \u00d4\u00bf\u00d5\u00a1\u00d6\u0080\u00d5\u00a5\u00d5\u00b6\u00d5\u00b8\u00d5\u00be\u00d5\u00ab\u00d5\u00b9"
    },
    {
      "name": "\u00d4\u00bf\u00d5\u00a1\u00d5\u00ba\u00d5\u00ab\u00d5\u00bf\u00d5\u00a1\u00d5\u00ac \u00d5\u0087\u00d5\u00ab\u00d5\u00b6\u00d5\u00a1\u00d6\u0080\u00d5\u00a1\u00d6\u0080\u00d5\u00b8\u00d6\u0082\u00d5\u00a9\u00d5\u00b5\u00d5\u00b8\u00d6\u0082\u00d5\u00b6"
    },
    {
      "name": "Sarko Gergerian"
    },
    {
      "name": "Gev Manukyan"
    },
    {
      "name": "Vahan Sargsyan"
    },
    {
      "name": "\u00d5\u0086\u00d5\u00a1\u00d6\u0080\u00d5\u00a5\u00d5\u00af \u00d5\u0085\u00d5\u00a1\u00d5\u00b6"
    },
    {
      "name": "Hovhannes Hovhannisyan"
    },
    {
      "name": "Henrik Bagdasaryan"
    },
    {
      "name": "\u00d5\u0086\u00d5\u00a1\u00d6\u0080\u00d5\u00a5\u00d5\u00af \u00d5\u008c\u00d5\u00b8\u00d5\u00a2\u00d5\u00a5\u00d6\u0080\u00d5\u00bf\u00d5\u00ab \u00d5\u0084\u00d5\u00a1\u00d5\u00a9\u00d6\u0087\u00d5\u00b8\u00d5\u00bd\u00d5\u00b5\u00d5\u00a1\u00d5\u00b6"
    },
    {
      "name": "\u00d5\u008e\u00d5\u00a1\u00d5\u00b0\u00d5\u00a1\u00d5\u00b6 \u00d4\u00b1\u00d5\u00a9\u00d5\u00a1\u00d5\u00b6\u00d5\u00a5\u00d5\u00bd\u00d5\u00b5\u00d5\u00a1\u00d5\u00b6"
    },
    {
      "name": "Vahe Mkhitaryan"
    },
    {
      "name": "\u00d4\u00b7\u00d5\u00a4\u00d5\u00ab\u00d5\u00af \u00d5\u0084\u00d5\u00ab\u00d6\u0084\u00d5\u00a1\u00d5\u00b5\u00d5\u00a5\u00d5\u00ac\u00d5\u00b5\u00d5\u00a1\u00d5\u00b6"
    },
    {
      "name": "\u00d4\u00b7\u00d5\u00a4 \u00d5\u0084\u00d5\u00a5\u00d5\u00ac\u00d5\u00ab\u00d6\u0084\u00d5\u00b5\u00d5\u00a1\u00d5\u00b6"
    },
    {
      "name": "\u00d5\u008e\u00d5\u00a1\u00d6\u0080\u00d5\u00a1\u00d5\u00a6\u00d5\u00a4\u00d5\u00a1\u00d5\u00bf \u00d4\u00b9\u00d5\u00a1\u00d5\u00a4\u00d6\u0087\u00d5\u00b8\u00d5\u00bd\u00d5\u00b5\u00d5\u00a1\u00d5\u00b6"
    },
    {
      "name": "Vrej Hovhannisyan"
    },
    {
      "name": "Tatev Grigoryan"
    },
    {
      "name": "Hamo Muradyan"
    },
    {
      "name": "Mihran Zohrabyan"
    },
    {
      "name": "Mguch Amirkhanyan"
    },
    {
      "name": "\u00d4\u00ba\u00d5\u00b8\u00d6\u0080 \u00d5\u008d\u00d5\u00a1\u00d6\u0080\u00d5\u00a3\u00d5\u00bd\u00d5\u00b5\u00d5\u00a1\u00d5\u00b6"
    },
    {
      "name": "\u00d5\u0084\u00d5\u009a \u00d5\u00a1\u00d6\u0080\u00d5\u00a3\u00d5\u00a1\u00d6\u0080\u00d5\u00b5\u00d5\u00a1\u00d5\u00b6"
    },
    {
      "name": "Rom Yan"
    },
    {
      "name": "Sidki Monir"
    },
    {
      "name": "Sandeep Rohra"
    },
    {
      "name": "Nver Aslanyan"
    },
    {
      "name": "Artak Xachatryan"
    },
    {
      "name": "Erik Eghiazaryan"
    },
    {
      "name": "Artur Egiazaryan"
    },
    {
      "name": "Arm Enia"
    },
    {
      "name": "Emin Karapetyan"
    },
    {
      "name": "\u00d5\u0087\u00d5\u00a1\u00d5\u00b0\u00d5\u00a5\u00d5\u00b6 \u00d4\u00bf\u00d5\u00a1\u00d6\u0080\u00d5\u00a1\u00d5\u00ba\u00d5\u00a5\u00d5\u00bf\u00d5\u00b5\u00d5\u00a1\u00d5\u00b6"
    },
    {
      "name": "Raz Danielyan"
    },
    {
      "name": "Samantha Winward"
    },
    {
      "name": "John Smith"
    },
    {
      "name": "\u00d0\u00a1\u00d0\u00be\u00d1\u008e\u00d0\u00b7 \u00d0\u00a2\u00d1\u0083\u00d1\u0080 \u00d0\u00a2\u00d1\u0080\u00d0\u00b0\u00d0\u00bd\u00d1\u0081"
    },
    {
      "name": "Narek Ghazaryan"
    },
    {
      "name": "\u00d5\u00a1\u00d6\u0080\u00d5\u00a4\u00d5\u00ab \u00d5\u0093\u00d5\u00ab\u00d5\u00ac\u00d5\u00ab\u00d5\u00bd\u00d5\u00b8\u00d6\u0083\u00d5\u00a1"
    },
    {
      "name": "Edgar Martirosyan"
    },
    {
      "name": "Local Development"
    },
    {
      "name": "\u00d0\u009a\u00d0\u00be\u00d0\u00bc\u00d0\u00bf\u00d1\u008c\u00d1\u008e\u00d1\u0082\u00d0\u00b5\u00d1\u0080\u00d0\u00bd\u00d0\u00b0\u00d1\u008f \u00d0\u00a1\u00d0\u00ba\u00d0\u00be\u00d1\u0080\u00d0\u00b0\u00d1\u008f \u00d0\u009f\u00d0\u00be\u00d0\u00bc\u00d0\u00be\u00d1\u0089\u00d1\u008c"
    },
    {
      "name": "\u00d4\u00b1\u00d5\u00b0\u00d5\u00a1\u00d6\u0080\u00d5\u00b8\u00d5\u00b6 \u00d5\u0082\u00d5\u00a1\u00d5\u00b4\u00d5\u00a2\u00d5\u00a1\u00d6\u0080\u00d5\u00b5\u00d5\u00a1\u00d5\u00b6"
    },
    {
      "name": "Argisht Avetisyan"
    },
    {
      "name": "Sinem Aydin"
    },
    {
      "name": "TC Ahmet Aksay"
    },
    {
      "name": "Ahmet Ya\u00c5\u009far"
    },
    {
      "name": "Rafo Karapetyan"
    },
    {
      "name": "Karo Xalatyan"
    },
    {
      "name": "Ashot Xachatryan"
    },
    {
      "name": "Ali Can"
    },
    {
      "name": "Aram Grigoryan"
    },
    {
      "name": "Hayko Voskanyan"
    },
    {
      "name": "Fekry Samy Fekry"
    },
    {
      "name": "Aghvan Ghoukassyan"
    },
    {
      "name": "BurAk Do\u00c4\u009fang\u00c3\u00bcn"
    },
    {
      "name": "Davit Photograph Jamalyan"
    },
    {
      "name": "Miqo Abramyan"
    },
    {
      "name": "Artur Yan"
    },
    {
      "name": "Mustafa Kerem G\u00c3\u00b6kta\u00c5\u009f"
    },
    {
      "name": "Hitesh Solanki"
    },
    {
      "name": "Ashot Egiazaryan"
    },
    {
      "name": "Kar Grigoryan"
    },
    {
      "name": "Hamimi Boukir"
    },
    {
      "name": "Gela Halat"
    },
    {
      "name": "Ecevit Ayd\u00c4\u00b1n"
    },
    {
      "name": "Hos Xalatyan"
    },
    {
      "name": "Sahakyn Karen Karen"
    },
    {
      "name": "Andranik Aslanyan"
    },
    {
      "name": "Edgar Hovhannisyan"
    },
    {
      "name": "Edgar Nikoxosyan"
    },
    {
      "name": "Gexaznik Piloyan"
    },
    {
      "name": "Arman Torosyan"
    },
    {
      "name": "BL GAbir MOhammed"
    },
    {
      "name": "\u00d4\u00be\u00d6\u0080\u00d5\u00a1\u00d5\u00a3\u00d6\u0080\u00d5\u00a1\u00d5\u00be\u00d5\u00b8\u00d6\u0080\u00d5\u00b4\u00d5\u00a1\u00d5\u00b6 \u00d4\u00b4\u00d5\u00a1\u00d5\u00bd\u00d5\u00a8\u00d5\u00b6\u00d5\u00a9\u00d5\u00a1\u00d6\u0081\u00d5\u00b6\u00d5\u00a5\u00d6\u0080"
    },
    {
      "name": "Jora Jora"
    },
    {
      "name": "\u00d0\u009c\u00d0\u00b0\u00d0\u00ba\u00d1\u0081 \u00d0\u009c\u00d0\u00b0\u00d0\u00ba\u00d1\u0081"
    },
    {
      "name": "Azat Smbatovich"
    },
    {
      "name": "\u00d0\u009d\u00d0\u00b2\u00d0\u00b5\u00d1\u0080 \u00d0\u009c\u00d0\u00bd\u00d0\u00b0\u00d1\u0086\u00d0\u00b0\u00d0\u00ba\u00d0\u00b0\u00d0\u00bd\u00d1\u008f\u00d0\u00bd"
    },
    {
      "name": "Narek Ghalechyan"
    },
    {
      "name": "Edgar Malxasyan"
    },
    {
      "name": "Gor Karapetyan"
    },
    {
      "name": "Jora Manukyan"
    },
    {
      "name": "Hovo  Aloyan"
    },
    {
      "name": "\u00d4\u00b4\u00d5\u00a1\u00d5\u00be\u00d5\u00ab\u00d5\u00a9 \u00d5\u0080\u00d5\u00a1\u00d5\u00b4\u00d5\u00a2\u00d5\u00a1\u00d6\u0080\u00d5\u00b1\u00d5\u00b8\u00d6\u0082\u00d5\u00b4\u00d5\u00b5\u00d5\u00a1\u00d5\u00b6"
    },
    {
      "name": "Baris Shahverdyan"
    },
    {
      "name": "Lipo Mxoyan"
    },
    {
      "name": "Suren Ghazaryan"
    },
    {
      "name": "Pash Saribekyan"
    },
    {
      "name": "Manuel Carrascal"
    },
    {
      "name": "Hrach Kakosyan"
    },
    {
      "name": "\u00d0\u0090\u00d1\u0088\u00d0\u00be\u00d1\u0082 \u00d0\u009c\u00d0\u00bd\u00d0\u00b0\u00d1\u0086\u00d0\u00b0\u00d0\u00ba\u00d0\u00b0\u00d1\u008f\u00d0\u00b0\u00d0\u00bd"
    },
    {
      "name": "Karen Hakobyan"
    },
    {
      "name": "Gev Adamyan"
    },
    {
      "name": "Mher Galstyan"
    },
    {
      "name": "Arsen Arushanyan"
    },
    {
      "name": "Sargis Melqumyan"
    },
    {
      "name": "Valeri Arushanyan"
    },
    {
      "name": "Nerso Rstakyan"
    },
    {
      "name": "Vemir Tonoyan"
    },
    {
      "name": "\u00d4\u00b1\u00d5\u00ac\u00d5\u00a5\u00d5\u00b6 \u00d4\u00bf\u00d5\u00ab\u00d6\u0080\u00d5\u00a1\u00d5\u00af\u00d5\u00b8\u00d5\u00bd\u00d5\u00b5\u00d5\u00a1\u00d5\u00b6"
    },
    {
      "name": "Dav Avagyan"
    },
    {
      "name": "\u00d0\u0090\u00d0\u00b9\u00d0\u00ba \u00d0\u0094\u00d0\u00b0\u00d0\u00b2\u00d0\u00be\u00d1\u008f\u00d0\u00bd"
    },
    {
      "name": "Gevor Sedikyan"
    },
    {
      "name": "Hrach Torosyan"
    },
    {
      "name": "Sarkisyan Aram"
    },
    {
      "name": "\u00d0\u009e\u00d0\u00b3\u00d1\u0081\u00d0\u00b5\u00d0\u00bd \u00d0\u0095\u00d1\u0080\u00d0\u00b8\u00d1\u0086\u00d1\u008f\u00d0\u00bd"
    },
    {
      "name": "Zaven Nikoghosyan"
    },
    {
      "name": "Vardges Exikyan"
    },
    {
      "name": "Karen Gasparyan"
    },
    {
      "name": "Gevor Enoqyan"
    },
    {
      "name": "Tik Yan"
    },
    {
      "name": "\u00d5\u008f\u00d5\u00a5\u00d6\u0080 \u00d5\u0080\u00d5\u00a1\u00d6\u0080'\u00d5\u00ab"
    },
    {
      "name": "David Darb"
    },
    {
      "name": "Aren Asatryan"
    },
    {
      "name": "Yura Madoyan"
    },
    {
      "name": "\u00d0\u0090\u00d0\u00bb\u00d0\u00b8\u00d0\u00ba \u00d0\u00a2\u00d0\u00be\u00d0\u00bd\u00d0\u00b0\u00d0\u00bf\u00d0\u00b5\u00d1\u0082\u00d1\u008f\u00d0\u00bd"
    },
    {
      "name": "Rubo Grigoryan"
    },
    {
      "name": "Abelyan Photos"
    },
    {
      "name": "Hayko Saroyan"
    },
    {
      "name": "Ilyass Tazrouti"
    },
    {
      "name": "Karen Hakobyan"
    },
    {
      "name": "Ashot Harutunyan"
    },
    {
      "name": "Martin Jan"
    },
    {
      "name": "Grig Davtyan"
    },
    {
      "name": "Serge Khachatryan"
    },
    {
      "name": "Karen  Babayan"
    },
    {
      "name": "Sevak Hakobyan"
    }
  ]
}