{
  "following_v3": [
    {
      "name": "Ftnft.am",
      "timestamp": 1702557091
    },
    {
      "name": "Harim Arela",
      "timestamp": 1702072292
    },
    {
      "name": "Nyane",
      "timestamp": 1701936905
    },
    {
      "name": "Julia Egshatyan",
      "timestamp": 1701703610
    },
    {
      "name": "IRIS Business Incubator",
      "timestamp": 1701205178
    },
    {
      "name": "ServiceTitan Armenia",
      "timestamp": 1701091222
    },
    {
      "name": "Swealife",
      "timestamp": 1700345276
    },
    {
      "name": "Vya Savira",
      "timestamp": 1700139440
    },
    {
      "name": "Chloe Taylor",
      "timestamp": 1698765447
    },
    {
      "name": "Chic Attitude",
      "timestamp": 1698667348
    },
    {
      "name": "Cheryl Porter Vocal Coach",
      "timestamp": 1697976986
    },
    {
      "name": "Meredith Duxbury",
      "timestamp": 1697194534
    },
    {
      "name": "Lauren Paley",
      "timestamp": 1696749363
    },
    {
      "name": "The Voice Global",
      "timestamp": 1696712491
    },
    {
      "name": "Breavis",
      "timestamp": 1696541323
    },
    {
      "name": "ElenaFox_Style",
      "timestamp": 1696174329
    },
    {
      "name": "The Isoyan",
      "timestamp": 1695650168
    },
    {
      "name": "Big Projects",
      "timestamp": 1691169816
    },
    {
      "name": "Kirbyyy",
      "timestamp": 1691048186
    },
    {
      "name": "Vanne Moda",
      "timestamp": 1690769437
    },
    {
      "name": "EduTravel",
      "timestamp": 1689765444
    },
    {
      "name": "Rocket Systems",
      "timestamp": 1689709817
    },
    {
      "name": "TT soft",
      "timestamp": 1689703056
    },
    {
      "name": "Persephone Distorted",
      "timestamp": 1687937080
    },
    {
      "name": "WorkNet",
      "timestamp": 1687529840
    },
    {
      "name": "Printax.am",
      "timestamp": 1684334761
    },
    {
      "name": "Koe Yeet ( \u00e9\u00ab\u0098\u00e8\u0089\u00ba )",
      "timestamp": 1683649633
    },
    {
      "name": "Fiore Couture Bridal",
      "timestamp": 1681402539
    },
    {
      "name": "Adele Diey",
      "timestamp": 1678091292
    },
    {
      "name": "ELEG\u00c3\u0080NT",
      "timestamp": 1677358762
    },
    {
      "name": "Lala Sadii",
      "timestamp": 1676698231
    },
    {
      "name": "Microsoft Innovation Center Armenia",
      "timestamp": 1674738104
    },
    {
      "name": "Netflix",
      "timestamp": 1671046769
    },
    {
      "name": "Netflix",
      "timestamp": 1671024079
    },
    {
      "name": "Tiffany DaSilva",
      "timestamp": 1669823772
    },
    {
      "name": "Kristen Victoria",
      "timestamp": 1669668736
    },
    {
      "name": "Food Network Finds",
      "timestamp": 1666283937
    },
    {
      "name": "Netflix",
      "timestamp": 1665239589
    },
    {
      "name": "Nairi Hokhikyan / \u00d5\u0086\u00d5\u00a1\u00d5\u00ab\u00d6\u0080\u00d5\u00ab \u00d5\u0080\u00d5\u00b8\u00d5\u00ad\u00d5\u00ab\u00d5\u00af\u00d5\u00b5\u00d5\u00a1\u00d5\u00b6",
      "timestamp": 1663620128
    },
    {
      "name": "\u00d4\u00b4\u00d5\u00a1\u00d5\u00be\u00d5\u00ab\u00d5\u00a9 \u00d4\u00b3\u00d6\u0080\u00d5\u00ab\u00d5\u00a3\u00d5\u00b8\u00d6\u0080\u00d5\u00b5\u00d5\u00a1\u00d5\u00b6 / Davit Grigoryan",
      "timestamp": 1663355987
    },
    {
      "name": "\u00d5\u0080\u00d5\u00a5\u00d5\u00bf\u00d6\u0084",
      "timestamp": 1663109773
    },
    {
      "name": "Jurassic World: The Game",
      "timestamp": 1660208142
    },
    {
      "name": "Daily Dose of Disney",
      "timestamp": 1659341831
    },
    {
      "name": "Disnerds",
      "timestamp": 1659289766
    },
    {
      "name": "Netflix",
      "timestamp": 1659045989
    },
    {
      "name": "Jasmine_boutique",
      "timestamp": 1657436718
    },
    {
      "name": "UNILAD Sound",
      "timestamp": 1656714143
    },
    {
      "name": "Tyla",
      "timestamp": 1656714126
    },
    {
      "name": "Bailey May",
      "timestamp": 1656661050
    },
    {
      "name": "\u00d4\u00bb\u00d5\u00b4 \u00d5\u00af\u00d5\u00b8\u00d5\u00b7\u00d5\u00ab\u00d5\u00af",
      "timestamp": 1655620947
    },
    {
      "name": "Shammi",
      "timestamp": 1655380225
    },
    {
      "name": "\u00d0\u009a\u00d0\u00b8\u00d0\u00bd\u00d0\u00be\u00d0\u009b\u00d0\u00b0\u00d0\u00b9\u00d0\u00bd",
      "timestamp": 1655162132
    },
    {
      "name": "Adventure Bus company",
      "timestamp": 1654874871
    },
    {
      "name": "Giallozafferano Loves Italy",
      "timestamp": 1654696797
    },
    {
      "name": "Holly Nichols Illustration",
      "timestamp": 1653630110
    },
    {
      "name": "Ice Arena Yerevan / \u00d4\u00b5\u00d6\u0080\u00d6\u0087\u00d5\u00a1\u00d5\u00b6\u00d5\u00ab \u00d5\u00a3\u00d5\u00a5\u00d5\u00b2\u00d5\u00a1\u00d5\u00bd\u00d5\u00a1\u00d5\u00b0\u00d6\u0084\u00d5\u00ab \u00d6\u0087 \u00d5\u00b0\u00d5\u00b8\u00d5\u00af\u00d5\u00a5\u00d5\u00b5\u00d5\u00ab \u00d5\u00b4\u00d5\u00a1\u00d6\u0080\u00d5\u00a6\u00d5\u00a1\u00d5\u00a4\u00d5\u00ba\u00d6\u0080\u00d5\u00b8\u00d6\u0081",
      "timestamp": 1653515145
    },
    {
      "name": "Beauty for you",
      "timestamp": 1653086828
    },
    {
      "name": "Hayk Petrosyan",
      "timestamp": 1651493852
    },
    {
      "name": "HUJ - Voluntary Service of Armenia",
      "timestamp": 1650034748
    },
    {
      "name": "Shogher Atanesyan",
      "timestamp": 1649799653
    },
    {
      "name": "Ardook / \u00d4\u00b1\u00d6\u0080\u00d5\u00a4\u00d5\u00b8\u00d6\u0082\u00d5\u00af",
      "timestamp": 1649799197
    },
    {
      "name": "\u00d4\u00b6\u00d5\u00ab\u00d5\u00b6\u00d5\u00be\u00d5\u00b8\u00d6\u0080\u00d5\u00ab \u00d5\u008f\u00d5\u00b8\u00d6\u0082\u00d5\u00b6 \u00d5\u008e\u00d5\u00a5\u00d6\u0080\u00d5\u00a1\u00d5\u00af\u00d5\u00a1\u00d5\u00b6\u00d5\u00a3\u00d5\u00b6\u00d5\u00b8\u00d5\u00b2\u00d5\u00a1\u00d5\u00af\u00d5\u00a1\u00d5\u00b6 \u00d4\u00bf\u00d5\u00a5\u00d5\u00b6\u00d5\u00bf\u00d6\u0080\u00d5\u00b8\u00d5\u00b6/ Zinvori Tun Rehabilitation Center",
      "timestamp": 1648538705
    },
    {
      "name": "Music Crowns",
      "timestamp": 1647441625
    },
    {
      "name": "Digitain Armenia",
      "timestamp": 1647379157
    },
    {
      "name": "\u00d5\u0093\u00d5\u00a1\u00d5\u00b5\u00d5\u00ac-\u00d4\u00b4\u00d5\u00a5\u00d5\u00b6\u00d5\u00bf",
      "timestamp": 1645166801
    },
    {
      "name": "\u00c2\u00ab\u00d4\u00b1\u00d6\u0080\u00d5\u00a9\u00d4\u00b6\u00c2\u00bb \u00d4\u00bf\u00d6\u0080\u00d5\u00a9\u00d5\u00a1\u00d5\u00b4\u00d5\u00b7\u00d5\u00a1\u00d5\u00af\u00d5\u00b8\u00d6\u0082\u00d5\u00a9\u00d5\u00a1\u00d5\u00b5\u00d5\u00ab\u00d5\u00b6 \u00d5\u0080\u00d4\u00bf / \"ArtZ\"  Cultural-Educational NGO",
      "timestamp": 1644996070
    },
    {
      "name": "Raf Floor",
      "timestamp": 1642778324
    },
    {
      "name": "EPIC - Entrepreneurship and Product Innovation Center at AUA",
      "timestamp": 1642425976
    },
    {
      "name": "Work and Travel USA 2024",
      "timestamp": 1641899548
    },
    {
      "name": "Anthem Lights",
      "timestamp": 1641643204
    },
    {
      "name": "elissa_shop73",
      "timestamp": 1641588509
    },
    {
      "name": "DETQ",
      "timestamp": 1640544364
    },
    {
      "name": "\u00d5\u0095\u00d5\u00b6\u00d5\u00ac\u00d5\u00a1\u00d5\u00b5\u00d5\u00b6 \u00d4\u00b2\u00d5\u00b8\u00d6\u0082\u00d5\u00bf\u00d5\u00ab\u00d5\u00af \u00d4\u00bf\u00d5\u00a1\u00d5\u00b4\u00d5\u00a5\u00d5\u00a1",
      "timestamp": 1638103701
    },
    {
      "name": "All Rights Foundation",
      "timestamp": 1637908782
    },
    {
      "name": "Ed Sarukhanyan",
      "timestamp": 1636728483
    },
    {
      "name": "Mood Vibes",
      "timestamp": 1636311349
    },
    {
      "name": "Artist Access TV",
      "timestamp": 1636223338
    },
    {
      "name": "X Factor Global",
      "timestamp": 1631914922
    },
    {
      "name": "Nostalgia",
      "timestamp": 1631904740
    },
    {
      "name": "Mental Lab - \u00d5\u0084\u00d5\u00a5\u00d5\u00b6\u00d5\u00a9\u00d5\u00a1\u00d5\u00ac \u00d5\u00a9\u00d5\u00be\u00d5\u00a1\u00d5\u00a2\u00d5\u00a1\u00d5\u00b6\u00d5\u00b8\u00d6\u0082\u00d5\u00a9\u00d5\u00b5\u00d5\u00a1\u00d5\u00b6 \u00d5\u00a4\u00d5\u00ba\u00d6\u0080\u00d5\u00b8\u00d6\u0081",
      "timestamp": 1631180888
    },
    {
      "name": "Professionals.am",
      "timestamp": 1630833419
    },
    {
      "name": "Livi style",
      "timestamp": 1630138524
    },
    {
      "name": "SELFISH fashion boutique",
      "timestamp": 1629485604
    },
    {
      "name": "Sin Ella",
      "timestamp": 1629485598
    },
    {
      "name": "AUA Office of Student Affairs",
      "timestamp": 1629320496
    },
    {
      "name": "FirstNews Music Vlog",
      "timestamp": 1628845512
    },
    {
      "name": "Tatevik Hayrapetyan \u00d5\u008f\u00d5\u00a1\u00d5\u00a9\u00d6\u0087\u00d5\u00ab\u00d5\u00af \u00d5\u0080\u00d5\u00a1\u00d5\u00b5\u00d6\u0080\u00d5\u00a1\u00d5\u00ba\u00d5\u00a5\u00d5\u00bf\u00d5\u00b5\u00d5\u00a1\u00d5\u00b6",
      "timestamp": 1627597609
    },
    {
      "name": "The Tonight Show Starring Jimmy Fallon",
      "timestamp": 1627251873
    },
    {
      "name": "TUMO Center for Creative Technologies",
      "timestamp": 1626002222
    },
    {
      "name": "ThroughTheNews",
      "timestamp": 1625594118
    },
    {
      "name": "Team Time",
      "timestamp": 1625561143
    },
    {
      "name": "NGO \"Youth Mix\"",
      "timestamp": 1624987743
    },
    {
      "name": "ICYE Federation",
      "timestamp": 1624882352
    },
    {
      "name": "Vecankyun/\u00d5\u008e\u00d5\u00a5\u00d6\u0081\u00d5\u00a1\u00d5\u00b6\u00d5\u00af\u00d5\u00b5\u00d5\u00b8\u00d6\u0082\u00d5\u00b6",
      "timestamp": 1624559112
    },
    {
      "name": "\u00d0\u00a2\u00d0\u00b5\u00d1\u0080\u00d0\u00b8\u00d1\u0082\u00d0\u00be\u00d1\u0080\u00d1\u0096\u00d1\u008f \u00d0\u0091\u00d0\u00b5\u00d0\u00b7\u00d0\u00bf\u00d0\u00b5\u00d0\u00ba\u00d0\u00b8",
      "timestamp": 1623868304
    },
    {
      "name": "E-Motion Studio   / Film & TV equipment /",
      "timestamp": 1623323822
    },
    {
      "name": "Elite Look Yerevan",
      "timestamp": 1622922962
    },
    {
      "name": "ArmComedy",
      "timestamp": 1622719825
    },
    {
      "name": "araratnews.am",
      "timestamp": 1622642406
    },
    {
      "name": "EDMTunes",
      "timestamp": 1621847664
    },
    {
      "name": "World of Change",
      "timestamp": 1621584211
    },
    {
      "name": "\u00d5\u008d\u00d5\u00b8\u00d6\u0086\u00d5\u00b5\u00d5\u00a1 \u00d5\u0080\u00d5\u00b8\u00d5\u00be\u00d5\u00bd\u00d5\u00a5\u00d6\u0083\u00d5\u00b5\u00d5\u00a1\u00d5\u00b6 / Sofya Hovsepyan",
      "timestamp": 1621553685
    },
    {
      "name": "\u00d4\u00b2\u00d5\u00b8\u00d6\u0082\u00d5\u00b6 TV",
      "timestamp": 1621375667
    },
    {
      "name": "Jobing.am",
      "timestamp": 1621375573
    },
    {
      "name": "Edmon Marukyan",
      "timestamp": 1621372776
    },
    {
      "name": "Roman Daneghyan",
      "timestamp": 1621368127
    },
    {
      "name": "ProWeb It",
      "timestamp": 1621366909
    },
    {
      "name": "VOLO",
      "timestamp": 1621018793
    },
    {
      "name": "Sirusho",
      "timestamp": 1620979357
    },
    {
      "name": "Azimuth Business Center",
      "timestamp": 1620935070
    },
    {
      "name": "Your Marketing",
      "timestamp": 1620891907
    },
    {
      "name": "Alteration",
      "timestamp": 1620854060
    },
    {
      "name": "ARLOOPA",
      "timestamp": 1620766104
    },
    {
      "name": "Brandon Agency",
      "timestamp": 1620722583
    },
    {
      "name": "ProReca",
      "timestamp": 1620668935
    },
    {
      "name": "Neurohub Business Academy",
      "timestamp": 1620668727
    },
    {
      "name": "Kolba Lab",
      "timestamp": 1620633980
    },
    {
      "name": "Rado\u00c5\u00a1\u00c4\u0081 apvien\u00c4\u00abba jaunie\u00c5\u00a1iem Trepes",
      "timestamp": 1620304368
    },
    {
      "name": "TikTok",
      "timestamp": 1619186270
    },
    {
      "name": "Zara Ghazaryan",
      "timestamp": 1619027766
    },
    {
      "name": "AUA Confessions Direct",
      "timestamp": 1619026354
    },
    {
      "name": "AUA Confessions / AnonyMouse",
      "timestamp": 1619026347
    },
    {
      "name": "AUA Confessions",
      "timestamp": 1619026346
    },
    {
      "name": "Igor Polakovi\u00c4\u008d",
      "timestamp": 1618321628
    },
    {
      "name": "\u00d4\u00bc\u00d5\u00b8\u00d6\u0082\u00d6\u0080\u00d5\u00a5\u00d6\u0080",
      "timestamp": 1618312431
    },
    {
      "name": "Ed Tadevossian",
      "timestamp": 1618099817
    },
    {
      "name": "\u00d4\u00bf\u00d5\u00a1\u00d6\u0080\u00d5\u00ab\u00d5\u00a5\u00d6\u0080\u00d5\u00a1\u00d5\u00b5\u00d5\u00ab  \u00d5\u00af\u00d5\u00a5\u00d5\u00b6\u00d5\u00bf\u00d6\u0080\u00d5\u00b8\u00d5\u00b6",
      "timestamp": 1617821355
    },
    {
      "name": "cristinasurdu.com",
      "timestamp": 1617471663
    },
    {
      "name": "Khachaturov Group",
      "timestamp": 1617395620
    },
    {
      "name": "Youth Alliance for Networking",
      "timestamp": 1616588475
    },
    {
      "name": "Lrnkey.com",
      "timestamp": 1616588469
    },
    {
      "name": "Yerevan Park",
      "timestamp": 1616512926
    },
    {
      "name": "Vahan Abrahamyan photography",
      "timestamp": 1616511455
    },
    {
      "name": "AUA Admissions",
      "timestamp": 1614773985
    },
    {
      "name": "BeddingShop.am",
      "timestamp": 1614326531
    },
    {
      "name": "Youthfully Yours SK",
      "timestamp": 1612450946
    },
    {
      "name": "Kinderfreunde M\u00c3\u00bchlviertel",
      "timestamp": 1612387364
    },
    {
      "name": "\u00d4\u00b1\u00d5\u00bc\u00d5\u00a1\u00d5\u00bb\u00d5\u00a8\u00d5\u00b6\u00d5\u00a9\u00d5\u00a1\u00d6\u0081 \u00d4\u00b5\u00d5\u00b0\u00d5\u00af /  Progress Youth NGO",
      "timestamp": 1611770958
    },
    {
      "name": "Social Innovation & Cohesion Institute - Fifty Fifty",
      "timestamp": 1611770941
    },
    {
      "name": "Danilo Crnogorac",
      "timestamp": 1611512047
    },
    {
      "name": "Hrant Matevossian AR Visualization",
      "timestamp": 1611258574
    },
    {
      "name": "Maryush",
      "timestamp": 1610658150
    },
    {
      "name": "E\u00cc\u00b6l\u00cc\u00b6e\u00cc\u00b6g\u00cc\u00b6a\u00cc\u00b6n\u00cc\u00b6t\u00cc\u00b6",
      "timestamp": 1609882124
    },
    {
      "name": "Old School Music",
      "timestamp": 1608802786
    },
    {
      "name": "Erasmus+",
      "timestamp": 1607964236
    },
    {
      "name": "Erasmus+Youth & European Solidarity Corps. \u00d5\u008f\u00d5\u00a5\u00d5\u00b2\u00d5\u00a5\u00d5\u00af\u00d5\u00a1\u00d5\u00bf\u00d5\u00be\u00d5\u00a1\u00d5\u00af\u00d5\u00a1\u00d5\u00b6 \u00d5\u00af\u00d5\u00a5\u00d5\u00b6\u00d5\u00bf\u00d6\u0080\u00d5\u00b8\u00d5\u00b6 \u00d5\u0080\u00d5\u00a1\u00d5\u00b5\u00d5\u00a1\u00d5\u00bd\u00d5\u00bf\u00d5\u00a1\u00d5\u00b6\u00d5\u00b8\u00d6\u0082\u00d5\u00b4",
      "timestamp": 1607764217
    },
    {
      "name": "Erasmus+ Courses in Split, Croatia",
      "timestamp": 1607451522
    },
    {
      "name": "ShipCon",
      "timestamp": 1607448836
    },
    {
      "name": "Erasmus Madrid",
      "timestamp": 1607442091
    },
    {
      "name": "Erasmus Plus  Partner Finding",
      "timestamp": 1607038717
    },
    {
      "name": "\u00d5\u008f\u00d5\u00a5\u00d5\u00b2\u00d5\u00a5\u00d5\u00af\u00d5\u00a1\u00d5\u00bf\u00d5\u00b8\u00d6\u0082",
      "timestamp": 1605298672
    },
    {
      "name": "Lika Tumanyan",
      "timestamp": 1605096359
    },
    {
      "name": "\u00d4\u00b1\u00d5\u0090\u00d4\u00bb",
      "timestamp": 1604427391
    },
    {
      "name": "\u00c2\u00ab\u00d4\u00b6\u00d5\u00ab\u00d5\u00b6\u00d5\u00b8\u00d6\u0082\u00d5\u00aa\u00c2\u00bb \u00d5\u00b0\u00d5\u00a5\u00d5\u00bc\u00d5\u00b8\u00d6\u0082\u00d5\u00bd\u00d5\u00bf\u00d5\u00a1\u00d5\u00ae\u00d6\u0080\u00d5\u00a1\u00d5\u00a3\u00d5\u00ab\u00d6\u0080",
      "timestamp": 1602324362
    },
    {
      "name": "Hayk Marutyan",
      "timestamp": 1602281890
    },
    {
      "name": "ABNews TV",
      "timestamp": 1602178262
    },
    {
      "name": "Abraham Gasparyan",
      "timestamp": 1602177867
    },
    {
      "name": "\u00d4\u00b1\u00d6\u0080\u00d5\u00a1\u00d5\u00b5\u00d5\u00ab\u00d5\u00af \u00d5\u0080\u00d5\u00a1\u00d6\u0080\u00d5\u00b8\u00d6\u0082\u00d5\u00a9\u00d5\u00b5\u00d5\u00b8\u00d6\u0082\u00d5\u00b6\u00d5\u00b5\u00d5\u00a1\u00d5\u00b6 Arayik Harutyunyan",
      "timestamp": 1601972903
    },
    {
      "name": "\u00d4\u00b1\u00d5\u00bc\u00d5\u00a1\u00d5\u00bb\u00d5\u00ab\u00d5\u00b6 \u00d5\u00a1\u00d5\u00ac\u00d5\u00ab\u00d6\u0084",
      "timestamp": 1601662432
    },
    {
      "name": "CivilNet",
      "timestamp": 1601642446
    },
    {
      "name": "\u00d5\u0080\u00d5\u00a1\u00d5\u00b5 \u00d5\u00a6\u00d5\u00ab\u00d5\u00b6\u00d5\u00be\u00d5\u00b8\u00d6\u0080",
      "timestamp": 1601508321
    },
    {
      "name": "Ellen DeGeneres",
      "timestamp": 1600975364
    },
    {
      "name": "Humans of Armenia",
      "timestamp": 1600776002
    },
    {
      "name": "AUA Volunteers' League",
      "timestamp": 1600586299
    },
    {
      "name": "Society Without Violence",
      "timestamp": 1600428874
    },
    {
      "name": "tomsarkgh.am",
      "timestamp": 1600293049
    },
    {
      "name": "\u00d5\u008d\u00d5\u00b8\u00d6\u0082\u00d5\u00b6\u00d5\u00a4\u00d5\u00b8\u00d6\u0082\u00d5\u00af\u00d5\u00b5\u00d5\u00a1\u00d5\u00b6\u00d5\u00ab \u00d5\u00a1\u00d5\u00b6\u00d5\u00be\u00d5\u00a1\u00d5\u00b6 \u00d5\u00a1\u00d5\u00a6\u00d5\u00a3\u00d5\u00a1\u00d5\u00b5\u00d5\u00ab\u00d5\u00b6 \u00d5\u00a1\u00d5\u00af\u00d5\u00a1\u00d5\u00a4\u00d5\u00a5\u00d5\u00b4\u00d5\u00ab\u00d5\u00a1\u00d5\u00af\u00d5\u00a1\u00d5\u00b6 \u00d5\u00a9\u00d5\u00a1\u00d5\u00bf\u00d6\u0080\u00d5\u00b8\u00d5\u00b6",
      "timestamp": 1599505671
    },
    {
      "name": "Armenian National Opera and Ballet Theatre",
      "timestamp": 1599505202
    },
    {
      "name": "\u00d5\u0080\u00d5\u00a1\u00d5\u00b5\u00d4\u00b1\u00d6\u0080\u00d5\u00bf \u00d5\u00b4\u00d5\u00b7\u00d5\u00a1\u00d5\u00af\u00d5\u00b8\u00d6\u0082\u00d5\u00a9\u00d5\u00a1\u00d5\u00b5\u00d5\u00ab\u00d5\u00b6 \u00d5\u00af\u00d5\u00a5\u00d5\u00b6\u00d5\u00bf\u00d6\u0080\u00d5\u00b8\u00d5\u00b6 / HayArt Cultural Centre",
      "timestamp": 1599505081
    },
    {
      "name": "\u00d5\u0080\u00d5\u00a1\u00d5\u00b5-\u00d5\u00a5\u00d5\u00be\u00d6\u0080\u00d5\u00b8\u00d5\u00ba\u00d5\u00a1\u00d5\u00af\u00d5\u00a1\u00d5\u00b6 \u00d5\u00b4\u00d5\u00b7\u00d5\u00a1\u00d5\u00af\u00d5\u00b8\u00d6\u0082\u00d5\u00a9\u00d5\u00a1\u00d5\u00b5\u00d5\u00ab\u00d5\u00b6 \u00d5\u00af\u00d5\u00a5\u00d5\u00b6\u00d5\u00bf\u00d6\u0080\u00d5\u00b8\u00d5\u00b6/Armenian-European Cultural Center",
      "timestamp": 1599505080
    },
    {
      "name": "\u00d5\u0084\u00d5\u00b7\u00d5\u00a1\u00d5\u00af\u00d5\u00b8\u00d6\u0082\u00d5\u00a9\u00d5\u00a1\u00d5\u00b5\u00d5\u00ab\u00d5\u00b6 \u00d5\u00af\u00d5\u00a5\u00d5\u00b6\u00d5\u00bf\u00d6\u0080\u00d5\u00b8\u00d5\u00b6 \u00c2\u00ab\u00d4\u00b1\u00d5\u0086\u00d4\u00bb\u00c2\u00bb",
      "timestamp": 1599505078
    },
    {
      "name": "Vostan Restaurant",
      "timestamp": 1599466887
    },
    {
      "name": "Billboard",
      "timestamp": 1598738306
    },
    {
      "name": "Master Class Photographers",
      "timestamp": 1598428617
    },
    {
      "name": "\u00d4\u00b5\u00d6\u0080\u00d5\u00a6\u00d5\u00b6\u00d5\u00af\u00d5\u00a1\u00d5\u00b5\u00d5\u00ab \u00d4\u00b5\u00d6\u0080\u00d5\u00ab\u00d5\u00bf\u00d5\u00a1\u00d5\u00bd\u00d5\u00a1\u00d6\u0080\u00d5\u00a4\u00d5\u00a1\u00d5\u00af\u00d5\u00a1\u00d5\u00b6 \u00d5\u0084\u00d5\u00ab\u00d5\u00b8\u00d6\u0082\u00d5\u00a9\u00d5\u00b5\u00d5\u00b8\u00d6\u0082\u00d5\u00b6",
      "timestamp": 1597962630
    },
    {
      "name": "\u00c2\u00ab\u00d4\u00bf\u00d5\u00a1\u00d6\u0080\u00d5\u00b4\u00d5\u00ab\u00d6\u0080 \u00d5\u00a1\u00d6\u0080\u00d6\u0087\u00c2\u00bb \u00d5\u00b0\u00d5\u00a5\u00d5\u00bf\u00d5\u00a1\u00d5\u00a6\u00d5\u00b8\u00d5\u00bf\u00d5\u00a1\u00d5\u00af\u00d5\u00a1\u00d5\u00b6 \u00d5\u00ad\u00d5\u00b8\u00d6\u0082\u00d5\u00b4\u00d5\u00a2",
      "timestamp": 1597962619
    },
    {
      "name": "\u00d4\u00b5\u00d5\u00a9\u00d5\u00a5 \u00d5\u00a2\u00d5\u00b8\u00d5\u00ac\u00d5\u00b8\u00d6\u0080\u00d5\u00a8 \u00d5\u00a2\u00d5\u00a1\u00d6\u0080\u00d5\u00a5\u00d5\u00a3\u00d5\u00b8\u00d6\u0080\u00d5\u00ae\u00d5\u00a1\u00d5\u00af\u00d5\u00a1\u00d5\u00b6 \u00d5\u00b0\u00d5\u00ab\u00d5\u00b4\u00d5\u00b6\u00d5\u00a1\u00d5\u00a4\u00d6\u0080\u00d5\u00a1\u00d5\u00b4/If We All Foundation",
      "timestamp": 1597168330
    },
    {
      "name": "\u00d4\u00bf\u00d5\u00a1\u00d5\u00b0\u00d5\u00b8\u00d6\u0082\u00d5\u00b5\u00d6\u0084\u00d5\u00ab \u00d6\u0087 \u00d5\u00ab\u00d5\u00b6\u00d5\u00bf\u00d5\u00a5\u00d6\u0080\u00d5\u00ab\u00d5\u00a5\u00d6\u0080\u00d5\u00ab \u00d5\u00a4\u00d5\u00ab\u00d5\u00a6\u00d5\u00a1\u00d5\u00b5\u00d5\u00b6",
      "timestamp": 1596744481
    },
    {
      "name": "\u00d4\u00b5\u00d6\u0080\u00d5\u00ab\u00d5\u00bf\u00d5\u00a1\u00d5\u00bd\u00d5\u00a1\u00d6\u0080\u00d5\u00a4\u00d5\u00a1\u00d5\u00af\u00d5\u00a1\u00d5\u00b6 \u00d5\u0094\u00d5\u00a1\u00d5\u00b2\u00d5\u00a1\u00d6\u0084\u00d5\u00a1\u00d5\u00af\u00d5\u00a1\u00d5\u00b6 \u00d5\u0080\u00d5\u00a1\u00d6\u0080\u00d5\u00a9\u00d5\u00a1\u00d5\u00af /Youth Political Platform/YPP",
      "timestamp": 1596578522
    },
    {
      "name": "\u00d4\u00bf\u00d5\u00a1\u00d5\u00b4\u00d5\u00a1\u00d5\u00be\u00d5\u00b8\u00d6\u0080\u00d5\u00a1\u00d5\u00af\u00d5\u00a1\u00d5\u00b6 \u00d5\u00b7\u00d5\u00a1\u00d6\u0080\u00d5\u00aa\u00d5\u00b8\u00d6\u0082\u00d5\u00b4 OST Volunteering movement",
      "timestamp": 1596578519
    },
    {
      "name": "YIPC Youth Initiatives Promotion Center",
      "timestamp": 1596578518
    },
    {
      "name": "\u00d4\u00bb\u00d5\u00b6\u00d5\u00bf\u00d5\u00a5\u00d5\u00a3\u00d6\u0080\u00d5\u00a1\u00d5\u00ac-\u00d5\u008d\u00d4\u00b4",
      "timestamp": 1596547996
    },
    {
      "name": "CSO DePo \u00d5\u0080\u00d4\u00bf \u00d4\u00b4\u00d5\u00a5\u00d5\u00ba\u00d5\u00b8",
      "timestamp": 1596408261
    },
    {
      "name": "Fund for Armenian Relief, Inc",
      "timestamp": 1596063280
    },
    {
      "name": "Taron Papikyan",
      "timestamp": 1596047031
    },
    {
      "name": "JS Volunteers",
      "timestamp": 1595949354
    },
    {
      "name": "An Alek",
      "timestamp": 1595706132
    },
    {
      "name": "Julius Dein",
      "timestamp": 1595626480
    },
    {
      "name": "Toplula",
      "timestamp": 1595529471
    },
    {
      "name": "Usanogh.am",
      "timestamp": 1595443604
    },
    {
      "name": "FAST - Foundation for Armenian Science and Technology",
      "timestamp": 1595442277
    },
    {
      "name": "Teach For Armenia",
      "timestamp": 1595353832
    },
    {
      "name": "Eworld Kids Foundation / \u00d4\u00bb\u00d5\u00be\u00d5\u00b8\u00d6\u0080\u00d5\u00ac\u00d5\u00a4 \u00d5\u00b4\u00d5\u00a1\u00d5\u00b6\u00d5\u00af\u00d5\u00a1\u00d5\u00af\u00d5\u00a1\u00d5\u00b6 \u00d5\u00b0\u00d5\u00ab\u00d5\u00b4\u00d5\u00b6\u00d5\u00a1\u00d5\u00a4\u00d6\u0080\u00d5\u00a1\u00d5\u00b4",
      "timestamp": 1595352076
    },
    {
      "name": "Blooming Armenia",
      "timestamp": 1595248599
    },
    {
      "name": "English with Kris Amerikos",
      "timestamp": 1595165098
    },
    {
      "name": "\u00d5\u0088\u00d5\u0084\u00d4\u00b1/VOMA-\u00d5\u0088\u00d5\u00b2\u00d5\u00bb \u00d5\u0084\u00d5\u00b6\u00d5\u00a1\u00d5\u00ac\u00d5\u00b8\u00d6\u0082 \u00d4\u00b1\u00d6\u0080\u00d5\u00be\u00d5\u00a5\u00d5\u00bd\u00d5\u00bf",
      "timestamp": 1595013768
    },
    {
      "name": "Greenwayarmenia.lusine",
      "timestamp": 1595008517
    },
    {
      "name": "Shushan Stepanyan",
      "timestamp": 1594742062
    },
    {
      "name": "Big Mind",
      "timestamp": 1594722446
    },
    {
      "name": "Front Group - \u00d4\u00b8\u00d5\u00b6\u00d5\u00af\u00d5\u00a5\u00d6\u0080\u00d5\u00b8\u00d6\u0082\u00d5\u00a9\u00d5\u00b5\u00d5\u00b8\u00d6\u0082\u00d5\u00b6\u00d5\u00b6\u00d5\u00a5\u00d6\u0080\u00d5\u00ab it \u00d5\u00bd\u00d5\u00ba\u00d5\u00a1\u00d5\u00bd\u00d5\u00a1\u00d6\u0080\u00d5\u00af\u00d5\u00b8\u00d6\u0082\u00d5\u00b4",
      "timestamp": 1594391553
    },
    {
      "name": "zoom in",
      "timestamp": 1594303605
    },
    {
      "name": "\u00d4\u00b1\u00d5\u00af\u00d5\u00bf\u00d5\u00ab\u00d5\u00be \u00d4\u00bf\u00d5\u00a1\u00d5\u00b4\u00d5\u00a1\u00d5\u00be\u00d5\u00b8\u00d6\u0080\u00d5\u00b6\u00d5\u00a5\u00d6\u0080\u00d5\u00ab \u00d4\u00bf\u00d5\u00a1\u00d5\u00a6\u00d5\u00b4\u00d5\u00a1\u00d5\u00af\u00d5\u00a5\u00d6\u0080\u00d5\u00ba\u00d5\u00b8\u00d6\u0082\u00d5\u00a9\u00d5\u00b5\u00d5\u00b8\u00d6\u0082\u00d5\u00b6",
      "timestamp": 1594301150
    },
    {
      "name": "Khan Academy Armenia / \u00c2\u00ab\u00d5\u0094\u00d5\u00a1\u00d5\u00b6\u00c2\u00bb \u00d5\u00a1\u00d5\u00af\u00d5\u00a1\u00d5\u00a4\u00d5\u00a5\u00d5\u00b4\u00d5\u00ab\u00d5\u00a1 \u00d5\u0080\u00d5\u00a1\u00d5\u00b5\u00d5\u00a1\u00d5\u00bd\u00d5\u00bf\u00d5\u00a1\u00d5\u00b6",
      "timestamp": 1594032912
    },
    {
      "name": "ArevaTun / \u00d4\u00b1\u00d6\u0080\u00d6\u0087\u00d5\u00a1\u00d5\u008f\u00d5\u00b8\u00d6\u0082\u00d5\u00b6",
      "timestamp": 1594021062
    },
    {
      "name": "Level Up Innovative Language Teaching Center",
      "timestamp": 1593977839
    },
    {
      "name": "Giftingam",
      "timestamp": 1593955418
    },
    {
      "name": "\u00d0\u00a2\u00d0\u009e\u00d0\u009f \u00d0\u0092\u00d0\u0098\u00d0\u0094\u00d0\u0095\u00d0\u009e",
      "timestamp": 1593953023
    },
    {
      "name": "SEO Pro Expert",
      "timestamp": 1593812069
    },
    {
      "name": "E_Quality",
      "timestamp": 1593800890
    },
    {
      "name": "Girl Up Avshar",
      "timestamp": 1593607675
    },
    {
      "name": "\u00d5\u0080\u00d5\u00a6\u00d5\u00b8\u00d6\u0080 \u00d5\u0084\u00d5\u00ab\u00d5\u00bf\u00d6\u0084 / Strong Mind",
      "timestamp": 1593273837
    },
    {
      "name": "UNESCO",
      "timestamp": 1593265677
    },
    {
      "name": "American Corner of City Central Isahakyan Library",
      "timestamp": 1593265608
    },
    {
      "name": "EYP Armenia",
      "timestamp": 1593265508
    },
    {
      "name": "Apy Ngo",
      "timestamp": 1593191050
    },
    {
      "name": "Discover the European Solidarity Corps",
      "timestamp": 1593172118
    },
    {
      "name": "Federation of Youth Clubs of Armenia (FYCA)",
      "timestamp": 1592821302
    },
    {
      "name": "Armenia2041",
      "timestamp": 1592684610
    },
    {
      "name": "Doha Debates",
      "timestamp": 1592633236
    },
    {
      "name": "DNA",
      "timestamp": 1592588892
    },
    {
      "name": "Branded Online Outlet Armenia",
      "timestamp": 1592429851
    },
    {
      "name": "World Vision Armenia - \u00d5\u008e\u00d5\u00b8\u00d6\u0080\u00d5\u00ac\u00d5\u00a4 \u00d5\u008e\u00d5\u00ab\u00d5\u00aa\u00d5\u00b6 \u00d5\u0080\u00d5\u00a1\u00d5\u00b5\u00d5\u00a1\u00d5\u00bd\u00d5\u00bf\u00d5\u00a1\u00d5\u00b6",
      "timestamp": 1592420594
    },
    {
      "name": "Armenian Red Cross Society",
      "timestamp": 1592420587
    },
    {
      "name": "Happy Youth/\u00d4\u00b5\u00d6\u0080\u00d5\u00bb\u00d5\u00a1\u00d5\u00b6\u00d5\u00ab\u00d5\u00af \u00d5\u00a5\u00d6\u0080\u00d5\u00ab\u00d5\u00bf\u00d5\u00a1\u00d5\u00bd\u00d5\u00a1\u00d6\u0080\u00d5\u00a4\u00d5\u00b8\u00d6\u0082\u00d5\u00a9\u00d5\u00b5\u00d5\u00b8\u00d6\u0082\u00d5\u00b6",
      "timestamp": 1592414994
    },
    {
      "name": "\u00d5\u0084\u00d4\u00bb\u00d5\u008f\u00d5\u0094 \u00d5\u0080\u00d4\u00bf/ MITK NGO",
      "timestamp": 1592396878
    },
    {
      "name": "Richard Clayderman",
      "timestamp": 1592034141
    },
    {
      "name": "Sami Armenia",
      "timestamp": 1592024859
    },
    {
      "name": "Youth Opportunities Club NGO",
      "timestamp": 1591822511
    },
    {
      "name": "proffy.am",
      "timestamp": 1591636014
    },
    {
      "name": "Adi Fishman",
      "timestamp": 1591346327
    },
    {
      "name": "Gor Sujyan",
      "timestamp": 1591297720
    },
    {
      "name": "Billie Eilish",
      "timestamp": 1587836034
    },
    {
      "name": "Tedy.am",
      "timestamp": 1587663965
    },
    {
      "name": "Ani's Handmade books",
      "timestamp": 1587663721
    },
    {
      "name": "Arayik Harutyunyan",
      "timestamp": 1587583671
    },
    {
      "name": "\u00d4\u00b1\u00d6\u0080\u00d5\u00a1\u00d5\u00b5\u00d5\u00ab\u00d5\u00af \u00d5\u0080\u00d5\u00a1\u00d6\u0080\u00d5\u00b8\u00d6\u0082\u00d5\u00a9\u00d5\u00b5\u00d5\u00b8\u00d6\u0082\u00d5\u00b6\u00d5\u00b5\u00d5\u00a1\u00d5\u00b6  Arayik Harutyunyan",
      "timestamp": 1586786256
    },
    {
      "name": "Armenian Progressive Youth",
      "timestamp": 1585580794
    },
    {
      "name": "\u00d4\u00bc\u00d5\u00b8\u00d6\u0082\u00d6\u0080\u00d5\u00a5\u00d6\u0080 \u00d5\u00a4\u00d5\u00aa\u00d5\u00b8\u00d5\u00ad\u00d6\u0084\u00d5\u00ab\u00d6\u0081",
      "timestamp": 1584647211
    },
    {
      "name": "YouMe - watches&accessories",
      "timestamp": 1584461251
    },
    {
      "name": "Hello",
      "timestamp": 1584356929
    },
    {
      "name": "Arsen Torosyan",
      "timestamp": 1584280864
    },
    {
      "name": "Peter Buka",
      "timestamp": 1584262792
    },
    {
      "name": "Library Anticafe",
      "timestamp": 1584200267
    },
    {
      "name": "Yamaha MUSIC SHOP Armenia",
      "timestamp": 1583940713
    },
    {
      "name": "\u00c2\u00ab\u00d4\u00b5\u00d6\u0080\u00d5\u00a2 \u00d5\u00a2\u00d5\u00a1\u00d5\u00b6\u00d5\u00a1\u00d5\u00be\u00d5\u00ab\u00d5\u00b3\u00d5\u00b8\u00d6\u0082\u00d5\u00b4 \u00d5\u00a5\u00d5\u00b6 \u00d5\u00a5\u00d6\u0080\u00d5\u00ab\u00d5\u00bf\u00d5\u00a1\u00d5\u00bd\u00d5\u00a1\u00d6\u0080\u00d5\u00a4\u00d5\u00b6\u00d5\u00a5\u00d6\u0080\u00d5\u00a8\u00c2\u00bb \u00d5\u00a2\u00d5\u00a1\u00d5\u00b6\u00d5\u00a1\u00d5\u00be\u00d5\u00a5\u00d5\u00b3\u00d5\u00ab \u00d5\u00a1\u00d5\u00af\u00d5\u00b8\u00d6\u0082\u00d5\u00b4\u00d5\u00a2",
      "timestamp": 1583786336
    },
    {
      "name": "ARRwood Furniture",
      "timestamp": 1583658315
    },
    {
      "name": "\u00d4\u00b1\u00d5\u00ba\u00d5\u00a1\u00d5\u00a3\u00d5\u00a1 \u00d5\u0080\u00d4\u00bf/ Future NGO",
      "timestamp": 1583604181
    },
    {
      "name": "ACS LLC  Armenian Conference Systems",
      "timestamp": 1583595373
    },
    {
      "name": "United Youth Union",
      "timestamp": 1583511350
    },
    {
      "name": "Youth for Change NGO",
      "timestamp": 1583511295
    },
    {
      "name": "\u00d4\u00b5\u00d6\u0080\u00d5\u00ab\u00d5\u00bf\u00d5\u00a1\u00d5\u00bd\u00d5\u00a1\u00d6\u0080\u00d5\u00a4\u00d5\u00b6\u00d5\u00a5\u00d6\u0080\u00d5\u00a8 \u00d5\u0080\u00d5\u00a1\u00d5\u00b6\u00d5\u00b8\u00d6\u0082\u00d5\u00b6 \u00d4\u00b6\u00d5\u00a1\u00d6\u0080\u00d5\u00a3\u00d5\u00a1\u00d6\u0081\u00d5\u00b4\u00d5\u00a1\u00d5\u00b6 \u00d5\u0080\u00d5\u00ab\u00d5\u00b4\u00d5\u00b6\u00d5\u00a1\u00d5\u00a4\u00d6\u0080\u00d5\u00a1\u00d5\u00b4",
      "timestamp": 1583510796
    },
    {
      "name": "UNICEF Armenia - \u00d5\u0085\u00d5\u00b8\u00d6\u0082\u00d5\u00b6\u00d5\u00ab\u00d5\u00bd\u00d5\u00a5\u00d6\u0086 \u00d5\u0080\u00d5\u00a1\u00d5\u00b5\u00d5\u00a1\u00d5\u00bd\u00d5\u00bf\u00d5\u00a1\u00d5\u00b6",
      "timestamp": 1583508578
    },
    {
      "name": "\u00d4\u00bf\u00d5\u00a1\u00d5\u00b4\u00d5\u00a1\u00d5\u00be\u00d5\u00b8\u00d6\u0080 INFO",
      "timestamp": 1583350974
    },
    {
      "name": "Children of Armenia Fund (COAF)",
      "timestamp": 1583350450
    },
    {
      "name": "AGBU",
      "timestamp": 1583350425
    },
    {
      "name": "Birthright Armenia - \u00d4\u00b4\u00d5\u00a5\u00d5\u00ba\u00d5\u00ab \u00d5\u0080\u00d5\u00a1\u00d5\u00b5\u00d6\u0084",
      "timestamp": 1583350394
    },
    {
      "name": "KATA",
      "timestamp": 1583262788
    },
    {
      "name": "\u00d4\u00b5\u00d6\u0080\u00d6\u0087\u00d5\u00a1\u00d5\u00b6 \u00d5\u00a1\u00d5\u00b4\u00d5\u00bd\u00d5\u00a1\u00d5\u00a3\u00d5\u00ab\u00d6\u0080 \u00e2\u0080\u00a2 evnmag",
      "timestamp": 1583013890
    },
    {
      "name": "\u00d5\u0080\u00d5\u00a1\u00d5\u00b5 \u00d5\u00af\u00d5\u00a1\u00d5\u00b4\u00d5\u00a1\u00d5\u00be\u00d5\u00b8\u00d6\u0080\u00d5\u00a1\u00d5\u00af\u00d5\u00a1\u00d5\u00b6 \u00d5\u00a1\u00d5\u00bd\u00d5\u00b8\u00d6\u0081\u00d5\u00ab\u00d5\u00a1\u00d6\u0081\u00d5\u00ab\u00d5\u00a1 - AVA Youth NGO",
      "timestamp": 1583013575
    },
    {
      "name": "Volunteam",
      "timestamp": 1583013478
    },
    {
      "name": "\u00d4\u00b3\u00d6\u0080\u00d6\u0084\u00d5\u00a5\u00d6\u0080 \u00d4\u00b1\u00d5\u00b6\u00d5\u00bf\u00d5\u00a1\u00d6\u0080\u00d5\u00a5\u00d5\u00bd\u00d5\u00ab\u00d6\u0081",
      "timestamp": 1581680694
    },
    {
      "name": "\u00d0\u00af\u00d1\u0080\u00d0\u00ba\u00d0\u00be\u00d0\u00b5 \u00d0\u00b2\u00d0\u00b8\u00d0\u00b4\u00d0\u00b5\u00d0\u00be",
      "timestamp": 1581606251
    },
    {
      "name": "Shoes in Armenia",
      "timestamp": 1581605107
    },
    {
      "name": "Dr.Badalyan",
      "timestamp": 1581354417
    },
    {
      "name": "Promesa Fashion",
      "timestamp": 1578214967
    },
    {
      "name": "Deepak's Art & Craft",
      "timestamp": 1576951243
    },
    {
      "name": "Moon Events",
      "timestamp": 1576682016
    },
    {
      "name": "HAUSER",
      "timestamp": 1576158821
    },
    {
      "name": "Fluffy",
      "timestamp": 1575734875
    },
    {
      "name": "CityNabz Armenia",
      "timestamp": 1572415876
    },
    {
      "name": "FLOOREX",
      "timestamp": 1570730079
    },
    {
      "name": "Kamavorner/\u00d4\u00bf\u00d5\u00a1\u00d5\u00b4\u00d5\u00a1\u00d5\u00be\u00d5\u00b8\u00d6\u0080\u00d5\u00b6\u00d5\u00a5\u00d6\u0080",
      "timestamp": 1570646605
    },
    {
      "name": "\u00d4\u00bf\u00d5\u00a1\u00d5\u00b4\u00d5\u00a1\u00d5\u00be\u00d5\u00b8\u00d6\u0080 \u00d5\u00a5\u00d5\u00b4",
      "timestamp": 1570646601
    },
    {
      "name": "United Armenian Volunteers League - UAVL",
      "timestamp": 1570646578
    },
    {
      "name": "Ashot Stepanyan",
      "timestamp": 1570564029
    },
    {
      "name": "TeensLIVE",
      "timestamp": 1569755454
    },
    {
      "name": "FLEX Alumni Armenia",
      "timestamp": 1569753442
    },
    {
      "name": "American University of Armenia",
      "timestamp": 1569663609
    },
    {
      "name": "EV Accessories",
      "timestamp": 1569138451
    },
    {
      "name": "Harutyunyan Silver HandMade",
      "timestamp": 1568457266
    },
    {
      "name": "\u00d5\u0080\u00d5\u00a1\u00d5\u00b5 \u00d5\u00af\u00d5\u00a1\u00d5\u00b4\u00d5\u00a1\u00d5\u00be\u00d5\u00b8\u00d6\u0080\u00d5\u00b6\u00d5\u00a5\u00d6\u0080\u00d5\u00ab \u00d5\u00a2\u00d5\u00a1\u00d5\u00b6\u00d5\u00af/Armenian volunteers bank",
      "timestamp": 1567798196
    },
    {
      "name": "Train - Language School",
      "timestamp": 1567797363
    },
    {
      "name": "Robman Collection",
      "timestamp": 1567716652
    },
    {
      "name": "Incourt Tennis Club",
      "timestamp": 1567716139
    },
    {
      "name": "Leo Shoes",
      "timestamp": 1567536542
    },
    {
      "name": "Malena online store/ \u00d5\u0084\u00d5\u00a1\u00d5\u00ac\u00d5\u00a5\u00d5\u00b6\u00d5\u00a1 \u00d6\u0085\u00d5\u00b6\u00d5\u00ac\u00d5\u00a1\u00d5\u00b5\u00d5\u00b6 \u00d5\u00ad\u00d5\u00a1\u00d5\u00b6\u00d5\u00b8\u00d6\u0082\u00d5\u00a9",
      "timestamp": 1567535420
    },
    {
      "name": "Ray & Mike online shop Armenia",
      "timestamp": 1567535332
    },
    {
      "name": "Sevag Aroyan - TOEFL, IELTS, GRE, SAT Tutor",
      "timestamp": 1567369757
    },
    {
      "name": "Likenews.am",
      "timestamp": 1567270924
    },
    {
      "name": "Business Insider Today",
      "timestamp": 1567188058
    },
    {
      "name": "Naira Zohrabyan",
      "timestamp": 1566907027
    },
    {
      "name": "\u00d4\u00b1\u00d6\u0080\u00d5\u00b7\u00d5\u00a1\u00d5\u00be\u00d5\u00b6\u00d5\u00a5\u00d6\u0080 \u00d4\u00b1\u00d5\u00af\u00d5\u00b8\u00d6\u0082\u00d5\u00b4\u00d5\u00a2 \u00d5\u00bf\u00d5\u00b8\u00d6\u0082\u00d6\u0080 / Arshavner Akumb tour",
      "timestamp": 1566812488
    },
    {
      "name": "\u00d4\u00b3\u00d5\u00ab\u00d5\u00bf\u00d5\u00b8\u00d6\u0082\u00d5\u00a9\u00d5\u00b5\u00d5\u00b8\u00d6\u0082\u00d5\u00b6 \u00d6\u0087 \u00d5\u00bf\u00d5\u00a5\u00d5\u00ad\u00d5\u00b6\u00d5\u00b8\u00d5\u00ac\u00d5\u00b8\u00d5\u00a3\u00d5\u00ab\u00d5\u00a1 / Science and Technology",
      "timestamp": 1566637937
    },
    {
      "name": "\u00d4\u00b5\u00d6\u0080\u00d5\u00a1\u00d5\u00aa\u00d5\u00b7\u00d5\u00bf\u00d5\u00a1\u00d5\u00af\u00d5\u00a1\u00d5\u00b6 \u00d6\u0087 \u00d4\u00bf\u00d5\u00ab\u00d5\u00b6\u00d5\u00b8 \u00d5\u0086\u00d5\u00b8\u00d6\u0080\u00d5\u00b8\u00d6\u0082\u00d5\u00a9\u00d5\u00b5\u00d5\u00b8\u00d6\u0082\u00d5\u00b6\u00d5\u00b6\u00d5\u00a5\u00d6\u0080",
      "timestamp": 1566587589
    },
    {
      "name": "Armbrok Yerevan Marathon",
      "timestamp": 1566579011
    },
    {
      "name": "Persona / \u00d5\u008a\u00d5\u00a5\u00d6\u0080\u00d5\u00bd\u00d5\u00b8\u00d5\u00b6\u00d5\u00a1",
      "timestamp": 1566118895
    },
    {
      "name": "Megamall Armenia",
      "timestamp": 1566067410
    },
    {
      "name": "Son Beauty",
      "timestamp": 1564764698
    },
    {
      "name": "Food Network UK",
      "timestamp": 1562694786
    },
    {
      "name": "Cooking Channel",
      "timestamp": 1562694784
    },
    {
      "name": "Best Taste",
      "timestamp": 1562694783
    },
    {
      "name": "Cooking Wild",
      "timestamp": 1562686093
    },
    {
      "name": "Little black dress boutique",
      "timestamp": 1561903971
    },
    {
      "name": "Galacticus",
      "timestamp": 1560153044
    },
    {
      "name": "ONE WAY Tour",
      "timestamp": 1560015979
    },
    {
      "name": "Bella Casa - \u00d4\u00b2\u00d5\u00a5\u00d5\u00ac\u00d5\u00ac\u00d5\u00a1 \u00d4\u00bf\u00d5\u00a1\u00d5\u00a6\u00d5\u00a1",
      "timestamp": 1558190876
    },
    {
      "name": "Piano House Armenia",
      "timestamp": 1558190544
    },
    {
      "name": "Tech Vacation",
      "timestamp": 1557945214
    },
    {
      "name": "Hambardzum Vardanyan",
      "timestamp": 1557686960
    },
    {
      "name": "Made in Russi\u00d0\u00b0",
      "timestamp": 1556372628
    },
    {
      "name": "360Stories",
      "timestamp": 1556111511
    },
    {
      "name": "360 VISIO",
      "timestamp": 1555386805
    },
    {
      "name": "Narek Manukyan",
      "timestamp": 1554292194
    },
    {
      "name": "\u00d4\u00b1\u00d6\u0080\u00d5\u00a1\u00d6\u0080\u00d5\u00a1\u00d5\u00bf\u00d5\u00a8 \u00d5\u00b4\u00d5\u00a5\u00d6\u0080 \u00d5\u00ac\u00d5\u00a5\u00d5\u00bc\u00d5\u00b6\u00d5\u00a1",
      "timestamp": 1554041885
    },
    {
      "name": "Srbuk",
      "timestamp": 1552775770
    },
    {
      "name": "Hovhannes Davtyan",
      "timestamp": 1551186454
    },
    {
      "name": "\u00d4\u00b1\u00d6\u0080\u00d6\u0087 - \u00d4\u00b5\u00d6\u0080\u00d5\u00a5\u00d5\u00ad\u00d5\u00a1\u00d5\u00b6\u00d5\u00a5\u00d6\u0080",
      "timestamp": 1551115367
    },
    {
      "name": "Angelica Hale",
      "timestamp": 1550004100
    },
    {
      "name": "\u00d0\u00a2\u00d0\u009e\u00d0\u009a",
      "timestamp": 1549394472
    },
    {
      "name": "The Indian Consumer",
      "timestamp": 1549294461
    },
    {
      "name": "9GAG",
      "timestamp": 1549294331
    },
    {
      "name": "\u00d4\u00bf. \u00d4\u00b4\u00d5\u00a5\u00d5\u00b4\u00d5\u00ab\u00d6\u0080\u00d5\u00b3\u00d5\u00b5\u00d5\u00a1\u00d5\u00b6\u00d5\u00ab \u00d5\u00a1\u00d5\u00b6\u00d5\u00be\u00d5\u00a1\u00d5\u00b6 \u00d5\u00b0. 139 \u00d5\u00a1\u00d5\u00be\u00d5\u00a1\u00d5\u00a3 \u00d5\u00a4\u00d5\u00ba\u00d6\u0080\u00d5\u00b8\u00d6\u0081",
      "timestamp": 1549047685
    },
    {
      "name": "Vahagn Piercer",
      "timestamp": 1548236098
    },
    {
      "name": "\u00d0\u009e\u00d0\u00b1\u00d1\u0089\u00d0\u00b5\u00d1\u0081\u00d1\u0082\u00d0\u00b2\u00d0\u00be \u00d0\u00bc\u00d1\u0083\u00d0\u00b7\u00d1\u008b\u00d0\u00ba\u00d0\u00b0\u00d0\u00bd\u00d1\u0082\u00d0\u00be\u00d0\u00b2",
      "timestamp": 1548216720
    },
    {
      "name": "M.A Collection",
      "timestamp": 1547909543
    },
    {
      "name": "\u00d4\u00b7\u00d5\u00a4\u00d5\u00b8\u00d6\u0082\u00d5\u00a1\u00d6\u0080\u00d5\u00a4 \u00d5\u0087\u00d5\u00a1\u00d6\u0080\u00d5\u00b4\u00d5\u00a1\u00d5\u00a6\u00d5\u00a1\u00d5\u00b6\u00d5\u00b8\u00d5\u00be \\ Eduard Sharmazanov",
      "timestamp": 1547756993
    },
    {
      "name": "Baby Cute",
      "timestamp": 1547494650
    },
    {
      "name": "Baby Creysi",
      "timestamp": 1547238626
    },
    {
      "name": "Hayko Hakobyan Foundation",
      "timestamp": 1546710973
    },
    {
      "name": "Funniest VideOasis",
      "timestamp": 1546615044
    },
    {
      "name": "FailArmy Presents",
      "timestamp": 1546098773
    },
    {
      "name": "LittleThings",
      "timestamp": 1546098747
    },
    {
      "name": "Yup That Exists",
      "timestamp": 1546089132
    },
    {
      "name": "Ani Qochar",
      "timestamp": 1545948532
    },
    {
      "name": "NBC",
      "timestamp": 1545724306
    },
    {
      "name": "Lilit Hovhannisyan",
      "timestamp": 1545499729
    },
    {
      "name": "Funniest Family Moments",
      "timestamp": 1545057487
    },
    {
      "name": "\u00d0\u009c\u00d1\u008b \u00d0\u009c\u00d1\u0083\u00d0\u00b7\u00d1\u008b\u00d0\u00ba\u00d0\u00b0\u00d0\u00bd\u00d1\u0082\u00d1\u008b, \u00d0\u00b8 \u00d1\u0083 \u00d0\u00bd\u00d0\u00b0\u00d1\u0081 \u00d1\u0082\u00d1\u0083\u00d1\u0082 \u00d1\u0081\u00d0\u00b2\u00d0\u00be\u00d1\u008f \u00d0\u00b0\u00d1\u0082\u00d0\u00bc\u00d0\u00be\u00d1\u0081\u00d1\u0084\u00d0\u00b5\u00d1\u0080\u00d0\u00b0.",
      "timestamp": 1545057230
    },
    {
      "name": "Taguhi Ohanyan",
      "timestamp": 1544966303
    },
    {
      "name": "Participant",
      "timestamp": 1544646448
    },
    {
      "name": "imusic.am",
      "timestamp": 1544558866
    },
    {
      "name": "Lington",
      "timestamp": 1544183945
    },
    {
      "name": "Got Talent Global",
      "timestamp": 1543318196
    },
    {
      "name": "Li&Va  online shopping",
      "timestamp": 1543250509
    },
    {
      "name": "\u00d0\u00a3 \u00d0\u00bc\u00d0\u00b5\u00d0\u00bd\u00d1\u008f \u00d0\u00b5\u00d1\u0081\u00d1\u0082\u00d1\u008c \u00d1\u0085\u00d0\u00b0\u00d1\u0080\u00d0\u00b0\u00d0\u00ba\u00d1\u0082\u00d0\u00b5\u00d1\u0080",
      "timestamp": 1543174154
    },
    {
      "name": "SOLO Music Shop",
      "timestamp": 1542916968
    },
    {
      "name": "acoustiKa",
      "timestamp": 1542916871
    },
    {
      "name": "Music land, Armenia",
      "timestamp": 1542916747
    },
    {
      "name": "Alen Simonyan",
      "timestamp": 1542473406
    },
    {
      "name": "Armen Ashotyan",
      "timestamp": 1542473404
    },
    {
      "name": "Arpine Hovhannisyan",
      "timestamp": 1542473400
    },
    {
      "name": "\u00d5\u0094\u00d5\u00a1\u00d5\u00b2\u00d5\u00a1\u00d6\u0084\u00d5\u00a8 \u00d5\u00ad\u00d5\u00b8\u00d5\u00bd\u00d5\u00b8\u00d6\u0082\u00d5\u00b4 \u00d5\u00a7",
      "timestamp": 1541778134
    },
    {
      "name": "Prince Ea",
      "timestamp": 1541773476
    },
    {
      "name": "\u00d4\u00b1\u00d5\u00bc\u00d5\u00a1\u00d5\u00bb\u00d5\u00ab\u00d5\u00b6 News",
      "timestamp": 1541168629
    },
    {
      "name": "Woody & Kleiny",
      "timestamp": 1541148607
    },
    {
      "name": "EBrothers",
      "timestamp": 1541077089
    },
    {
      "name": "MTV",
      "timestamp": 1540229837
    },
    {
      "name": "A Plus",
      "timestamp": 1540229832
    },
    {
      "name": "English Grammar",
      "timestamp": 1539810315
    },
    {
      "name": "\u00d4\u00b1\u00d5\u0090\u00d5\u0084\u00d4\u00b5\u00d5\u0086\u00d4\u00bb\u00d4\u00b1",
      "timestamp": 1539370200
    },
    {
      "name": "Accessorize Armenia",
      "timestamp": 1539248187
    },
    {
      "name": "Run Armenia",
      "timestamp": 1537000423
    },
    {
      "name": "\u00d4\u00b3\u00d6\u0080\u00d6\u0084\u00d5\u00a5\u00d6\u0080 \u00d6\u0087 \u00d5\u0084\u00d5\u00bf\u00d6\u0084\u00d5\u00a5\u00d6\u0080",
      "timestamp": 1534795654
    },
    {
      "name": "DREAM STYLE",
      "timestamp": 1534689091
    },
    {
      "name": "Arm Events",
      "timestamp": 1534450280
    },
    {
      "name": "Yes",
      "timestamp": 1533658965
    },
    {
      "name": "Kulthome",
      "timestamp": 1533410290
    },
    {
      "name": "Elina  Galstyan",
      "timestamp": 1533359476
    },
    {
      "name": "Buyit.am",
      "timestamp": 1533074370
    },
    {
      "name": "Nas Daily",
      "timestamp": 1533070646
    },
    {
      "name": "Madatyan Studio",
      "timestamp": 1532980566
    },
    {
      "name": "Light Affect",
      "timestamp": 1532730433
    },
    {
      "name": "Be GIF",
      "timestamp": 1532635627
    },
    {
      "name": "\u00d4\u00b5\u00d6\u0080\u00d5\u00a1\u00d5\u00aa\u00d5\u00b7\u00d5\u00bf\u00d5\u00b8\u00d6\u0082\u00d5\u00a9\u00d5\u00b5\u00d5\u00b8\u00d6\u0082\u00d5\u00b6",
      "timestamp": 1532272241
    },
    {
      "name": "UNO Shoes - Armenia",
      "timestamp": 1531322457
    },
    {
      "name": "365Shoes",
      "timestamp": 1531322448
    },
    {
      "name": "Yellow Shoes",
      "timestamp": 1531322337
    },
    {
      "name": "Shopping in Yerevan",
      "timestamp": 1531295560
    },
    {
      "name": "What keeps you awake ?",
      "timestamp": 1527611079
    },
    {
      "name": "ARLI",
      "timestamp": 1527580920
    },
    {
      "name": "Street Workout Armenia",
      "timestamp": 1527005018
    },
    {
      "name": "ONEX.AM",
      "timestamp": 1526588052
    },
    {
      "name": "5-Minute Crafts GIRLY",
      "timestamp": 1526143936
    },
    {
      "name": "Nikol Pashinyan / \u00d5\u0086\u00d5\u00ab\u00d5\u00af\u00d5\u00b8\u00d5\u00ac \u00d5\u0093\u00d5\u00a1\u00d5\u00b7\u00d5\u00ab\u00d5\u00b6\u00d5\u00b5\u00d5\u00a1\u00d5\u00b6",
      "timestamp": 1525803728
    },
    {
      "name": "SOS",
      "timestamp": 1524473443
    },
    {
      "name": "Sos Janibekyan",
      "timestamp": 1524472834
    },
    {
      "name": "Rock Generation",
      "timestamp": 1522226550
    },
    {
      "name": "Rock Generation",
      "timestamp": 1522226537
    },
    {
      "name": "Rock Seroond",
      "timestamp": 1522226500
    },
    {
      "name": "\u00e2\u0080\u00a2 Heart Of The Sun \u00e2\u0080\u00a2",
      "timestamp": 1521317691
    },
    {
      "name": "Nazeni Hovhannisyan",
      "timestamp": 1520621898
    },
    {
      "name": "Tattoo AmS",
      "timestamp": 1517458294
    },
    {
      "name": "Hayk Marutyan",
      "timestamp": 1515787718
    },
    {
      "name": "\u00d0\u0092\u00d1\u0081\u00d0\u00b5\u00d0\u00b7\u00d0\u00bd\u00d0\u00b0\u00d0\u00b9\u00d0\u00ba\u00d0\u00b0",
      "timestamp": 1514322557
    },
    {
      "name": "1in.am",
      "timestamp": 1513897255
    },
    {
      "name": "Disturbing Quotes",
      "timestamp": 1513710425
    },
    {
      "name": "\u00d0\u00ae\u00d1\u0080\u00d0\u00b8\u00d1\u0081\u00d1\u0082",
      "timestamp": 1510111286
    },
    {
      "name": "\u00d0\u00a7\u00d1\u0083\u00d0\u00b2\u00d1\u0081\u00d1\u0082\u00d0\u00b2\u00d1\u0083\u00d1\u008e.",
      "timestamp": 1509924778
    },
    {
      "name": "American Councils for International Education Armenia",
      "timestamp": 1506944111
    },
    {
      "name": "Careerum",
      "timestamp": 1504298511
    },
    {
      "name": "Ani Xachikyan",
      "timestamp": 1495439786
    },
    {
      "name": "Vevo",
      "timestamp": 1494749389
    },
    {
      "name": "Facts Daily",
      "timestamp": 1492622891
    },
    {
      "name": "Dee.am \u00e2\u0080\u00a2 \u00d4\u00b4\u00d5\u00a5",
      "timestamp": 1489426229
    },
    {
      "name": "\u00d0\u00a1\u00d0\u00bf\u00d0\u00be\u00d1\u0080\u00d1\u0082\u00d1\u0081\u00d0\u00bc\u00d0\u00b5\u00d0\u00bd",
      "timestamp": 1488648801
    },
    {
      "name": "\u00d0\u0098\u00d0\u00bd\u00d1\u0082\u00d0\u00b5\u00d0\u00bb\u00d0\u00bb\u00d0\u00b5\u00d0\u00ba\u00d1\u0082\u00d1\u0083\u00d0\u00b0\u00d0\u00bb\u00d1\u008c\u00d0\u00bd\u00d1\u008b\u00d0\u00b9 \u00d1\u008e\u00d0\u00bc\u00d0\u00be\u00d1\u0080",
      "timestamp": 1488614024
    },
    {
      "name": "\u00d0\u00af \u00d0\u009c\u00d0\u00b8\u00d0\u00bb\u00d0\u00bb\u00d0\u00b8\u00d0\u00b0\u00d1\u0080\u00d0\u00b4\u00d0\u00b5\u00d1\u0080",
      "timestamp": 1488608325
    },
    {
      "name": "Humanity",
      "timestamp": 1488220335
    },
    {
      "name": "Alisa Rusanna Aslanyan Saakyan",
      "timestamp": 1487761074
    },
    {
      "name": "Sarcasm Daily",
      "timestamp": 1487690034
    },
    {
      "name": "People Are Awesome",
      "timestamp": 1487535115
    },
    {
      "name": "\u00d0\u009c\u00d1\u0083\u00d0\u00b4\u00d1\u0080\u00d0\u00be\u00d1\u0081\u00d1\u0082\u00d1\u008c \u00d0\u00b2\u00d0\u00b5\u00d0\u00ba\u00d0\u00be\u00d0\u00b2",
      "timestamp": 1487529848
    },
    {
      "name": "FailArmy",
      "timestamp": 1487449003
    },
    {
      "name": "memegen.com",
      "timestamp": 1486799719
    },
    {
      "name": "Machine Gun Kelly",
      "timestamp": 1486472708
    },
    {
      "name": "\u00d0\u0092 \u00d0\u00ba\u00d1\u0080\u00d1\u0083\u00d0\u00b3\u00d1\u0083 \u00d0\u00bf\u00d1\u0081\u00d0\u00b8\u00d1\u0085\u00d0\u00be\u00d0\u00b2",
      "timestamp": 1486417899
    },
    {
      "name": "Quotes & Facts",
      "timestamp": 1486399998
    },
    {
      "name": "relax it's only art",
      "timestamp": 1484978549
    },
    {
      "name": "\u00d0\u00a2\u00d0\u00b2\u00d0\u00be\u00d1\u0080\u00d1\u0087\u00d0\u00b5\u00d1\u0081\u00d0\u00ba\u00d0\u00b8\u00d0\u00b5 \u00d0\u00b8\u00d0\u00b4\u00d0\u00b5\u00d0\u00b8 \u00d0\u00b8 \u00d0\u00bc\u00d0\u00b0\u00d1\u0081\u00d1\u0082\u00d0\u00b5\u00d1\u0080-\u00d0\u00ba\u00d0\u00bb\u00d0\u00b0\u00d1\u0081\u00d1\u0081\u00d1\u008b. \u00d0\u0090\u00d0\u00bb\u00d0\u00b8\u00d1\u008d\u00d0\u00ba\u00d1\u0081\u00d0\u00bf\u00d1\u0080\u00d0\u00b5\u00d1\u0081\u00d1\u0081 \u00d0\u00b4\u00d0\u00bb\u00d1\u008f \u00d1\u0085\u00d0\u00be\u00d0\u00b1\u00d0\u00b1\u00d0\u00b8",
      "timestamp": 1484143632
    },
    {
      "name": "SUNRISE Arabian Beach Resort -Grand Select-",
      "timestamp": 1483641089
    },
    {
      "name": "Oxygen Aesthetic & Medical Clinics",
      "timestamp": 1482343778
    },
    {
      "name": "VOID - Black Light Parties",
      "timestamp": 1481372799
    },
    {
      "name": "Dane DeHaan",
      "timestamp": 1480969033
    },
    {
      "name": "Christina Aguilera",
      "timestamp": 1477857949
    },
    {
      "name": "DIY Met Daan",
      "timestamp": 1475779391
    },
    {
      "name": "MetDaan Fashion",
      "timestamp": 1475778264
    },
    {
      "name": "Thinking Minds",
      "timestamp": 1475500380
    },
    {
      "name": "\u00d0\u0091\u00d0\u00b5\u00d1\u0081\u00d0\u00ba\u00d0\u00be\u00d0\u00bd\u00d0\u00b5\u00d1\u0087\u00d0\u00bd\u00d0\u00be\u00d1\u0081\u00d1\u0082\u00d1\u008c.",
      "timestamp": 1474830099
    },
    {
      "name": "\u00d0\u00a5\u00d0\u00b2\u00d0\u00be\u00d1\u0081\u00d1\u0082 \u00d0\u009d\u00d1\u008c\u00d1\u008e\u00d1\u0081",
      "timestamp": 1472638142
    },
    {
      "name": "\u00d0\u0091\u00d0\u00b5\u00d0\u00bb\u00d0\u00b0\u00d1\u008f \u00d0\u009b\u00d0\u00be\u00d0\u00b3\u00d0\u00b8\u00d0\u00ba\u00d0\u00b0",
      "timestamp": 1472491457
    },
    {
      "name": "Emily Ratajkowski",
      "timestamp": 1472256091
    },
    {
      "name": "James Corden",
      "timestamp": 1472254887
    },
    {
      "name": "Anais Sardaryan",
      "timestamp": 1472041338
    },
    {
      "name": "Smart is the New Sexy",
      "timestamp": 1471278944
    },
    {
      "name": "Moscow Cinema",
      "timestamp": 1471260992
    },
    {
      "name": "Bright Side",
      "timestamp": 1470912189
    },
    {
      "name": "Someecards",
      "timestamp": 1470834494
    },
    {
      "name": "Sarcasm",
      "timestamp": 1470331360
    },
    {
      "name": "Mkrtich Arzumanyan",
      "timestamp": 1468657830
    },
    {
      "name": "\u00d5\u0080\u00d5\u00a5\u00d5\u00bf\u00d5\u00a1\u00d6\u0084\u00d6\u0080\u00d6\u0084\u00d5\u00ab\u00d6\u0080 \u00d6\u0083\u00d5\u00a1\u00d5\u00bd\u00d5\u00bf\u00d5\u00a5\u00d6\u0080",
      "timestamp": 1468180344
    },
    {
      "name": "Funny Vids",
      "timestamp": 1467917697
    },
    {
      "name": "5-Minute Crafts",
      "timestamp": 1467917375
    },
    {
      "name": "\u00d0\u009b\u00d1\u0083\u00d1\u0087\u00d1\u0088\u00d0\u00b8\u00d0\u00b5 \u00d1\u0084\u00d0\u00b8\u00d0\u00bb\u00d1\u008c\u00d0\u00bc\u00d1\u008b",
      "timestamp": 1467904765
    },
    {
      "name": "Cara Delevingne",
      "timestamp": 1467904396
    },
    {
      "name": "Emma Watson",
      "timestamp": 1467633361
    },
    {
      "name": "Cleo Rose Massey",
      "timestamp": 1467276515
    },
    {
      "name": "Claire Holt",
      "timestamp": 1467276221
    },
    {
      "name": "Victoria's Secret",
      "timestamp": 1466797216
    },
    {
      "name": "Gigi Hadid",
      "timestamp": 1466775468
    },
    {
      "name": "Beaux Media",
      "timestamp": 1466023624
    },
    {
      "name": "Pen\u00c3\u00a9lope Cruz",
      "timestamp": 1465412301
    },
    {
      "name": "Phoebe Tonkin",
      "timestamp": 1465150546
    },
    {
      "name": "\u00d0\u0098\u00d0\u00bd\u00d1\u0082\u00d0\u00b5\u00d1\u0080\u00d0\u00b5\u00d1\u0081\u00d0\u00bd\u00d0\u00be \u00d0\u00b7\u00d0\u00bd\u00d0\u00b0\u00d1\u0082\u00d1\u008c",
      "timestamp": 1465121375
    },
    {
      "name": "\u00d4\u00bf\u00d5\u00bc\u00d5\u00ae\u00d5\u00a1\u00d5\u00ae",
      "timestamp": 1464341641
    },
    {
      "name": "znews.am",
      "timestamp": 1463988519
    },
    {
      "name": "Sia",
      "timestamp": 1462787182
    },
    {
      "name": "\u00d0\u00a6\u00d0\u00b8\u00d1\u0082\u00d0\u00b0\u00d1\u0082\u00d1\u008b \u00d0\u00b8\u00d0\u00b7 \u00d1\u0084\u00d0\u00b8\u00d0\u00bb\u00d1\u008c\u00d0\u00bc\u00d0\u00be\u00d0\u00b2",
      "timestamp": 1462610675
    },
    {
      "name": "Purple Clover",
      "timestamp": 1462607210
    },
    {
      "name": "Iveta Mukuchyan",
      "timestamp": 1462605390
    },
    {
      "name": "\u00d0\u00a7\u00d1\u0091\u00d1\u0080\u00d0\u00bd\u00d0\u00b0\u00d1\u008f \u00d0\u009b\u00d0\u00be\u00d0\u00b3\u00d0\u00b8\u00d0\u00ba\u00d0\u00b0",
      "timestamp": 1462039729
    },
    {
      "name": "Positive Thinking Quotes",
      "timestamp": 1460986479
    },
    {
      "name": "The Smart Part",
      "timestamp": 1460473095
    },
    {
      "name": "Playbuzz UK",
      "timestamp": 1460473087
    },
    {
      "name": "Logan Henderson",
      "timestamp": 1459917452
    },
    {
      "name": "BlogNews.am",
      "timestamp": 1459678556
    },
    {
      "name": "Sos Janibekyan",
      "timestamp": 1459187846
    },
    {
      "name": "Hetaqrqir mtqer",
      "timestamp": 1456251684
    },
    {
      "name": "MathNet.am",
      "timestamp": 1455886811
    },
    {
      "name": "Siranush Aghajanyan art",
      "timestamp": 1454227705
    },
    {
      "name": "Big Time Rush",
      "timestamp": 1453813591
    },
    {
      "name": "Higher Perspective",
      "timestamp": 1452688363
    },
    {
      "name": "\u00d4\u00b1\u00d5\u00bc\u00d5\u00a1\u00d5\u00bb\u00d5\u00ab\u00d5\u00b6 \u00d5\u00ac\u00d6\u0080\u00d5\u00a1\u00d5\u00bf\u00d5\u00be\u00d5\u00a1\u00d5\u00af\u00d5\u00a1\u00d5\u00b6",
      "timestamp": 1451021691
    },
    {
      "name": "Zemfira",
      "timestamp": 1450964245
    },
    {
      "name": "Astghik Safaryan",
      "timestamp": 1450816366
    },
    {
      "name": "Simon Cowell",
      "timestamp": 1450030697
    },
    {
      "name": "Funny Wallpapers",
      "timestamp": 1450023226
    },
    {
      "name": "Jack Davis Griffo (LittlejGriffo)",
      "timestamp": 1449997426
    },
    {
      "name": "ArmRobotics - Robotics Development Project in  Armenia",
      "timestamp": 1449510016
    },
    {
      "name": "Carpisa",
      "timestamp": 1448477200
    },
    {
      "name": "Kendall Jenner",
      "timestamp": 1448388551
    },
    {
      "name": "KeyTVNetwork",
      "timestamp": 1448362394
    },
    {
      "name": "The Script",
      "timestamp": 1447523223
    },
    {
      "name": "Tom Cruise",
      "timestamp": 1447443596
    },
    {
      "name": "James Maslow",
      "timestamp": 1446911707
    },
    {
      "name": "Joe Penna",
      "timestamp": 1446282543
    },
    {
      "name": "5 Wise thoughts / 5 \u00d0\u00a3\u00d0\u00bc\u00d0\u00bd\u00d1\u008b\u00d1\u0085 \u00d0\u00bc\u00d1\u008b\u00d1\u0081\u00d0\u00bb\u00d0\u00b5\u00d0\u00b9",
      "timestamp": 1445764327
    },
    {
      "name": "Arpi Gabrielyan",
      "timestamp": 1445542668
    },
    {
      "name": "Tumo News",
      "timestamp": 1445365589
    },
    {
      "name": "\u00d0\u009d\u00d0\u00b8\u00d1\u0087\u00d0\u00be\u00d1\u0081\u00d0\u00b8",
      "timestamp": 1445365409
    },
    {
      "name": "Eminem",
      "timestamp": 1445153162
    },
    {
      "name": "Quotes",
      "timestamp": 1445010276
    },
    {
      "name": "Ariana Grande Germany",
      "timestamp": 1444587597
    },
    {
      "name": "Ed Sheeran",
      "timestamp": 1444061819
    },
    {
      "name": "Cher Lloyd",
      "timestamp": 1443893928
    },
    {
      "name": "Austin Mahone",
      "timestamp": 1443893220
    },
    {
      "name": "Tove Lo",
      "timestamp": 1443889180
    },
    {
      "name": "Beyonc\u00c3\u00a9",
      "timestamp": 1443887117
    },
    {
      "name": "\u00d5\u008a\u00d5\u00a1\u00d6\u0080\u00d5\u00b8\u00d6\u0082\u00d5\u00b5\u00d6\u0080 \u00d5\u008d\u00d6\u0087\u00d5\u00a1\u00d5\u00af - Paruyr Sevak",
      "timestamp": 1443378197
    },
    {
      "name": "Will Smith",
      "timestamp": 1443193851
    },
    {
      "name": "Hailee Steinfeld",
      "timestamp": 1442823338
    },
    {
      "name": "Rachel Platten",
      "timestamp": 1442780959
    },
    {
      "name": "Kelly Clarkson",
      "timestamp": 1442780915
    },
    {
      "name": "Alicia Keys",
      "timestamp": 1442429892
    },
    {
      "name": "Mikey Wax",
      "timestamp": 1442429861
    },
    {
      "name": "Gor Hakobyan",
      "timestamp": 1442346928
    },
    {
      "name": "Jennifer Lopez",
      "timestamp": 1441451671
    },
    {
      "name": "AdMe",
      "timestamp": 1441305190
    },
    {
      "name": "AM Partners Consulting Company",
      "timestamp": 1441134206
    },
    {
      "name": "Tyra Banks",
      "timestamp": 1440840440
    },
    {
      "name": "Against The Current",
      "timestamp": 1440657350
    },
    {
      "name": "MAX",
      "timestamp": 1440490247
    },
    {
      "name": "Dima Bilan",
      "timestamp": 1440355001
    },
    {
      "name": "Andy Grammer",
      "timestamp": 1440168596
    },
    {
      "name": "Rihanna",
      "timestamp": 1440168527
    },
    {
      "name": "Little Mix",
      "timestamp": 1440168058
    },
    {
      "name": "\u00d0\u00a1\u00d1\u0083\u00d0\u00bc\u00d0\u00b0\u00d1\u0081\u00d1\u0088\u00d0\u00b5\u00d0\u00b4\u00d1\u0088\u00d0\u00b8\u00d0\u00b9 \u00d0\u00b3\u00d0\u00b5\u00d0\u00bd\u00d0\u00b8\u00d0\u00b9",
      "timestamp": 1439923104
    },
    {
      "name": "Katy Perry",
      "timestamp": 1439710029
    },
    {
      "name": "Ellie Goulding",
      "timestamp": 1439573009
    },
    {
      "name": "LOL Pictures",
      "timestamp": 1438878329
    },
    {
      "name": "School Haters",
      "timestamp": 1438782028
    },
    {
      "name": "03 \u00d5\u008a\u00d5\u00a1\u00d5\u00ac\u00d5\u00ac\u00d5\u00a1\u00d5\u00bf",
      "timestamp": 1438763494
    },
    {
      "name": "Olly Murs",
      "timestamp": 1438763348
    },
    {
      "name": "MCDAVO",
      "timestamp": 1438763339
    },
    {
      "name": "You Can",
      "timestamp": 1438763315
    },
    {
      "name": "\u00d0\u009c\u00d0\u00bd\u00d0\u00b5 \u00d0\u009f\u00d0\u00bb\u00d0\u00b5\u00d0\u00b2\u00d0\u00b0\u00d1\u0082\u00d1\u008c",
      "timestamp": 1438627972
    },
    {
      "name": "S.O.S",
      "timestamp": 1438450852
    },
    {
      "name": "Adam Levine",
      "timestamp": 1438439483
    },
    {
      "name": "Jennette McCurdy",
      "timestamp": 1438333215
    },
    {
      "name": "\u00d0\u00a1\u00d0\u00b5\u00d0\u00ba\u00d1\u0080\u00d0\u00b5\u00d1\u0082\u00d1\u008b \u00d1\u0083\u00d1\u0081\u00d0\u00bf\u00d0\u00b5\u00d1\u0085\u00d0\u00b0 \u00d0\u0092\u00d0\u00b5\u00d0\u00bb\u00d0\u00b8\u00d0\u00ba\u00d0\u00b8\u00d1\u0085",
      "timestamp": 1438329254
    },
    {
      "name": "\u00d0\u009d\u00d0\u00b5\u00d0\u00bd\u00d0\u00b0\u00d0\u00b2\u00d0\u00b8\u00d0\u00b6\u00d1\u0083",
      "timestamp": 1438284081
    },
    {
      "name": "Irina Shayk",
      "timestamp": 1437589784
    },
    {
      "name": "Indila",
      "timestamp": 1437563004
    },
    {
      "name": "Creta Royal",
      "timestamp": 1437495417
    },
    {
      "name": "Crazy Pictures",
      "timestamp": 1437155202
    },
    {
      "name": "Selena Gomez",
      "timestamp": 1436957929
    },
    {
      "name": "Aram Mp3",
      "timestamp": 1436040558
    },
    {
      "name": "Garik Papoyan",
      "timestamp": 1436040533
    },
    {
      "name": "Jessie J",
      "timestamp": 1435735527
    },
    {
      "name": "P!nk",
      "timestamp": 1435677315
    },
    {
      "name": "Avril Lavigne",
      "timestamp": 1435677261
    },
    {
      "name": "Reels Media",
      "timestamp": 1435421377
    },
    {
      "name": "NEWS.am",
      "timestamp": 1435421370
    },
    {
      "name": "Tert.am",
      "timestamp": 1435421364
    },
    {
      "name": "Kamoblog.tv",
      "timestamp": 1435421347
    },
    {
      "name": "Rita Ora",
      "timestamp": 1435154590
    },
    {
      "name": "Nick Jonas",
      "timestamp": 1435154529
    },
    {
      "name": "Adele",
      "timestamp": 1435147171
    },
    {
      "name": "Taylor Swift",
      "timestamp": 1435037174
    },
    {
      "name": "Avan Jogia",
      "timestamp": 1434978387
    },
    {
      "name": "Victoria Justice",
      "timestamp": 1434978369
    },
    {
      "name": "Kendall Schmidt",
      "timestamp": 1434978359
    },
    {
      "name": "Miranda Cosgrove",
      "timestamp": 1434978354
    },
    {
      "name": "Elizabeth Gillies",
      "timestamp": 1434978348
    },
    {
      "name": "Kurt Schneider",
      "timestamp": 1434978315
    },
    {
      "name": "Ariana Grande",
      "timestamp": 1434978269
    },
    {
      "name": "Maroon 5",
      "timestamp": 1434978261
    },
    {
      "name": "Sam Tsui",
      "timestamp": 1434978249
    },
    {
      "name": "OneRepublic",
      "timestamp": 1434978219
    },
    {
      "name": "Bruno Mars",
      "timestamp": 1434978205
    },
    {
      "name": "Carly Rae Jepsen",
      "timestamp": 1434978199
    },
    {
      "name": "World Music Awards",
      "timestamp": 1434816015
    },
    {
      "name": "Notes for Notes",
      "timestamp": 1433493263
    },
    {
      "name": "Meucci Armenia",
      "timestamp": 1433265525
    },
    {
      "name": "OnlinePianist",
      "timestamp": 1405277584
    }
  ]
}