{
  "event_responses_v2": {
    "events_joined": [
      {
        "name": "\u00d4\u00b1\u00d6\u0080\u00d5\u00b7\u00d5\u00a1\u00d5\u00be \u00d5\u00a4\u00d5\u00a5\u00d5\u00ba\u00d5\u00ab \u00d4\u00b4\u00d5\u00a1\u00d5\u00b7\u00d5\u00bf\u00d5\u00a1\u00d5\u00a4\u00d5\u00a5\u00d5\u00b4\u00d5\u00ab \u00d5\u00a2\u00d5\u00a5\u00d6\u0080\u00d5\u00a4 \u00d6\u0087 \u00d4\u00b9\u00d5\u00a1\u00d5\u00ac\u00d5\u00ab\u00d5\u00b6\u00d5\u00ab \u00d5\u00bf\u00d5\u00a1\u00d5\u00b3\u00d5\u00a1\u00d6\u0080",
        "start_timestamp": 1544333400,
        "end_timestamp": 1544365800
      },
      {
        "name": "\"Dark Star: H.R. Giger's World\" film screening",
        "start_timestamp": 1447948800,
        "end_timestamp": 0
      }
    ],
    "events_interested": [
      {
        "name": "Yerevan Color Festival 2021",
        "start_timestamp": 1623495600,
        "end_timestamp": 1623513600
      },
      {
        "name": "SlackLife Fest Armenia 2021",
        "start_timestamp": 1621058400,
        "end_timestamp": 1621171800
      },
      {
        "name": "Copywriting that Converts: Landing Page Writing Tips for Startups",
        "start_timestamp": 1620230400,
        "end_timestamp": 0
      },
      {
        "name": "Erasmus+ Call 2021 Webinar: Jean Monnet Activities",
        "start_timestamp": 1617964200,
        "end_timestamp": 1617978600
      },
      {
        "name": "\u00d4\u00b3\u00d6\u0080\u00d5\u00a1\u00d5\u00a3\u00d5\u00a5\u00d5\u00bf CV \u00d5\u00af\u00d5\u00a1\u00d5\u00a6\u00d5\u00b4\u00d5\u00a5\u00d5\u00ac\u00d5\u00b8\u00d6\u0082 \u00d6\u0087 \u00d5\u00b4\u00d5\u00ab\u00d5\u00bb\u00d5\u00a1\u00d5\u00a6\u00d5\u00a3\u00d5\u00a1\u00d5\u00b5\u00d5\u00ab\u00d5\u00b6 \u00d5\u00ae\u00d6\u0080\u00d5\u00a1\u00d5\u00a3\u00d6\u0080\u00d5\u00a5\u00d6\u0080\u00d5\u00ab\u00d5\u00b6 \u00d5\u00a4\u00d5\u00ab\u00d5\u00b4\u00d5\u00a5\u00d5\u00ac\u00d5\u00b8\u00d6\u0082 \u00d5\u00a3\u00d5\u00a1\u00d5\u00b2\u00d5\u00bf\u00d5\u00b6\u00d5\u00ab\u00d6\u0084\u00d5\u00b6\u00d5\u00a5\u00d6\u0080\u00d5\u00a8",
        "start_timestamp": 1616580000,
        "end_timestamp": 1616587200
      },
      {
        "name": "TEDxYerevanWomen",
        "start_timestamp": 1614931200,
        "end_timestamp": 0
      },
      {
        "name": "Erasmus+ informative meeting",
        "start_timestamp": 1614182400,
        "end_timestamp": 0
      },
      {
        "name": "Youth exchanges and Training courses",
        "start_timestamp": 1607616000,
        "end_timestamp": 1607621400
      },
      {
        "name": "\u00d5\u0080\u00d6\u0080\u00d5\u00a1\u00d5\u00b7\u00d6\u0084\u00d5\u00a8 \u00d5\u00a3\u00d6\u0080\u00d6\u0084\u00d5\u00ab \u00d6\u0084\u00d5\u00b6\u00d5\u00b6\u00d5\u00a1\u00d6\u0080\u00d5\u00af\u00d5\u00b8\u00d6\u0082\u00d5\u00b4 I Wonder Book Discussion",
        "start_timestamp": 1601470800,
        "end_timestamp": 1601474400
      },
      {
        "name": "\u00d5\u0091\u00d5\u00b8\u00d6\u0082\u00d6\u0081\u00d5\u00a1\u00d5\u00b0\u00d5\u00a1\u00d5\u00b6\u00d5\u00a4\u00d5\u00a5\u00d5\u00bd-\u00d5\u00b4\u00d6\u0080\u00d6\u0081\u00d5\u00b8\u00d6\u0082\u00d5\u00b5\u00d5\u00a9 \u00d4\u00b9\u00d5\u00b8\u00d6\u0082\u00d5\u00b4\u00d5\u00a1\u00d5\u00b6\u00d5\u00b5\u00d5\u00a1\u00d5\u00b6\u00d5\u00ab \u00d5\u00a1\u00d5\u00b5\u00d5\u00a3\u00d5\u00b8\u00d6\u0082\u00d5\u00b4",
        "start_timestamp": 1600696800,
        "end_timestamp": 1600704000
      },
      {
        "name": "Adobe Premiere Pro. \u00d6\u0085\u00d5\u00b6\u00d5\u00ac\u00d5\u00a1\u00d5\u00b5\u00d5\u00b6 \u00d5\u00a4\u00d5\u00a1\u00d5\u00bd\u00d5\u00a8\u00d5\u00b6\u00d5\u00a9\u00d5\u00a1\u00d6\u0081",
        "start_timestamp": 1598972400,
        "end_timestamp": 1598979600
      },
      {
        "name": "Marketing: myth and reality",
        "start_timestamp": 1597471200,
        "end_timestamp": 1597582800
      },
      {
        "name": "EduLive: CV \u00d4\u00bf\u00d5\u00a1\u00d5\u00bc\u00d5\u00b8\u00d6\u0082\u00d6\u0081\u00d5\u00be\u00d5\u00a1\u00d5\u00ae\u00d6\u0084\u00e2\u0080\u00a4 \u00d4\u00bb\u00d5\u00b6\u00d5\u00b9\u00d5\u00ba\u00d5\u00a5\u00d5\u009e\u00d5\u00bd \u00d5\u00b6\u00d5\u00a5\u00d6\u0080\u00d5\u00af\u00d5\u00a1\u00d5\u00b5\u00d5\u00a1\u00d5\u00b6\u00d5\u00a1\u00d5\u00ac \u00d5\u00a3\u00d5\u00b8\u00d6\u0080\u00d5\u00ae\u00d5\u00a1\u00d5\u00bf\u00d5\u00b8\u00d6\u0082\u00d5\u00ab\u00d5\u00b6",
        "start_timestamp": 1595602800,
        "end_timestamp": 1595606400
      },
      {
        "name": "ECO \u00d5\u00a3\u00d6\u0080\u00d5\u00a1\u00d5\u00a3\u00d5\u00a5\u00d5\u00bf \u00d5\u00ac\u00d5\u00ab\u00d5\u00b6\u00d5\u00a5\u00d5\u00ac\u00d5\u00b8\u00d6\u0082 \u00d5\u00aa\u00d5\u00a1\u00d5\u00b4\u00d5\u00a1\u00d5\u00b6\u00d5\u00a1\u00d5\u00af\u00d5\u00b6 \u00d5\u00a7\u00e2\u0080\u00a4\u00e2\u0080\u00a4\u00e2\u0080\u00a4",
        "start_timestamp": 1595077200,
        "end_timestamp": 1595082600
      },
      {
        "name": "Train Speaking Club: Every Thursday!",
        "start_timestamp": 1594306800,
        "end_timestamp": 1594312200
      },
      {
        "name": "Lance Your Freelancing Chance",
        "start_timestamp": 1585479600,
        "end_timestamp": 1585483200
      },
      {
        "name": "AEGEE-Yerevan Membership : \u00d5\u0086\u00d5\u00b8\u00d6\u0080 \u00d5\u00a1\u00d5\u00b6\u00d5\u00a4\u00d5\u00a1\u00d5\u00b4\u00d5\u00b6\u00d5\u00a5\u00d6\u0080\u00d5\u00ab \u00d5\u0080\u00d5\u00a1\u00d5\u00be\u00d5\u00a1\u00d6\u0084\u00d5\u00a1\u00d5\u00a3\u00d6\u0080\u00d5\u00b8\u00d6\u0082\u00d5\u00b4",
        "start_timestamp": 1584779400,
        "end_timestamp": 0
      },
      {
        "name": "Undergraduate Programs Open House",
        "start_timestamp": 1571472000,
        "end_timestamp": 1571490000
      },
      {
        "name": "SAT \u00d5\u00b4\u00d5\u00a1\u00d5\u00a9\u00d5\u00a5\u00d5\u00b4\u00d5\u00a1\u00d5\u00bf\u00d5\u00ab\u00d5\u00af\u00d5\u00a1\u00d5\u00b5\u00d5\u00ab \u00d5\u00b6\u00d6\u0080\u00d5\u00a2\u00d5\u00b8\u00d6\u0082\u00d5\u00a9\u00d5\u00b5\u00d5\u00b8\u00d6\u0082\u00d5\u00b6\u00d5\u00b6\u00d5\u00a5\u00d6\u0080\u00d5\u00a8",
        "start_timestamp": 1570262400,
        "end_timestamp": 1570267800
      },
      {
        "name": "Yerevan Music Night 2019",
        "start_timestamp": 1568462400,
        "end_timestamp": 1568487600
      },
      {
        "name": "TOEFL vs IELTS",
        "start_timestamp": 1568041200,
        "end_timestamp": 1568046600
      },
      {
        "name": "\u00d4\u00b2\u00d5\u00a1\u00d6\u0081 \u00d5\u00a4\u00d5\u00bc\u00d5\u00b6\u00d5\u00a5\u00d6\u0080\u00d5\u00ab \u00d6\u0085\u00d6\u0080 \u00d5\u00a4\u00d5\u00ab\u00d5\u00b4\u00d5\u00b8\u00d6\u0080\u00d5\u00a4\u00d5\u00b6\u00d5\u00a5\u00d6\u0080\u00d5\u00ab \u00d5\u00b0\u00d5\u00a1\u00d5\u00b4\u00d5\u00a1\u00d6\u0080",
        "start_timestamp": 1568012400,
        "end_timestamp": 1568037600
      },
      {
        "name": "Yerevan Color Run 2018 - \u00d4\u00b3\u00d5\u00b8\u00d6\u0082\u00d5\u00b6\u00d5\u00a1\u00d5\u00a6\u00d5\u00a1\u00d6\u0080\u00d5\u00a4 \u00d5\u008e\u00d5\u00a1\u00d5\u00a6\u00d6\u0084",
        "start_timestamp": 1538283600,
        "end_timestamp": 1538298000
      },
      {
        "name": "TUMO Portfolio 2018",
        "start_timestamp": 1536393600,
        "end_timestamp": 1536408000
      },
      {
        "name": "Yerevan Color Run 2017 / \u00d4\u00b3\u00d5\u00b8\u00d6\u0082\u00d5\u00b6\u00d5\u00a1\u00d5\u00a6\u00d5\u00a1\u00d6\u0080\u00d5\u00a4 \u00d5\u00be\u00d5\u00a1\u00d5\u00a6\u00d6\u0084 5\u00d5\u00af\u00d5\u00b4",
        "start_timestamp": 1500177600,
        "end_timestamp": 1500192000
      },
      {
        "name": "Color Party Yerevan 2017",
        "start_timestamp": 1498305600,
        "end_timestamp": 1498321800
      }
    ]
  }
}