{
  "archive_v2": [
    {
      "timestamp": 1554141688,
      "attachments": [
        {
          "data": [
            {
              "name": "\u00d4\u00b1\u00d5\u00a2\u00d5\u00b8\u00d5\u00be\u00d5\u00b5\u00d5\u00a1\u00d5\u00b6\u00d5\u00ab \u00d5\u00ae\u00d5\u00b6\u00d5\u00b6\u00d5\u00a4\u00d5\u00a1\u00d5\u00bf\u00d5\u00b8\u00d6\u0082\u00d5\u00b6"
            }
          ]
        }
      ],
      "data": [
        {
          "update_timestamp": 1554141688
        },
        {
          
        },
        {
          
        },
        {
          
        }
      ],
      "title": "Nane Mambreyan shared a group."
    },
    {
      "timestamp": 1607525715,
      "attachments": [
        {
          "data": [
            {
              "external_context": {
                "url": ""
              }
            }
          ]
        }
      ],
      "data": [
        {
          "update_timestamp": 1607525715
        },
        {
          
        },
        {
          
        },
        {
          
        }
      ],
      "title": "Nane Mambreyan shared a post."
    },
    {
      "timestamp": 1611066903,
      "attachments": [
        {
          "data": [
            {
              "external_context": {
                "url": ""
              }
            }
          ]
        }
      ],
      "data": [
        {
          "update_timestamp": 1611066903
        },
        {
          
        },
        {
          
        },
        {
          
        }
      ],
      "title": "Nane Mambreyan shared a post."
    },
    {
      "timestamp": 1647073183,
      "attachments": [
        {
          "data": [
            {
              "external_context": {
                "url": ""
              }
            }
          ]
        }
      ],
      "data": [
        {
          "post": "\u00d5\u0087\u00d5\u00a1\u00d6\u0080\u00d5\u00b8\u00d6\u0082\u00d5\u00b6\u00d5\u00a1\u00d5\u00af\u00d5\u00a5\u00d5\u00b6\u00d6\u0084 \u00d6\u0085\u00d5\u00bf\u00d5\u00a1\u00d6\u0080\u00d5\u00b6\u00d5\u00a5\u00d6\u0080\u00d5\u00ab \u00d5\u00ad\u00d5\u00b6\u00d5\u00a4\u00d5\u00ab\u00d6\u0080\u00d5\u00b6\u00d5\u00a5\u00d6\u0080\u00d5\u00ab\u00d6\u0081 \u00d5\u00a1\u00d5\u00b6\u00d5\u00b0\u00d5\u00a1\u00d5\u00b6\u00d5\u00a3\u00d5\u00bd\u00d5\u00bf\u00d5\u00a1\u00d5\u00b6\u00d5\u00a1\u00d5\u00ac, \u00d5\u00b4\u00d5\u00ab\u00d5\u00b6\u00d5\u00b9\u00d5\u00a4\u00d5\u00a5\u00d5\u00bc..."
        },
        {
          "update_timestamp": 1647073183
        },
        {
          
        },
        {
          
        },
        {
          
        }
      ],
      "title": "Nane Mambreyan shared a video from the playlist \u00d4\u00bb\u00d6\u0080\u00d5\u00a1\u00d5\u00a4\u00d5\u00a1\u00d6\u0080\u00d5\u00b1\u00d5\u00b8\u00d6\u0082\u00d5\u00a9\u00d5\u00b5\u00d5\u00b8\u00d6\u0082\u00d5\u00b6\u00d5\u00b6\u00d5\u00a5\u00d6\u0080."
    },
    {
      "timestamp": 1664558626,
      "data": [
        {
          
        }
      ]
    }
  ]
}