{
  "videos_v2": [
    {
      "uri": "your_activity_across_facebook/posts/media/videos/109613999_226505508466018_8051219076234581304_n_1438124763048189.mp4",
      "creation_timestamp": 1595523751,
      "media_metadata": {
        "video_metadata": {
          "exif_data": [
            {
              "upload_ip": "37.252.95.205",
              "upload_timestamp": 0
            }
          ]
        }
      },
      "title": "",
      "description": "\u00f0\u009f\u00a4\u00a9 Are you looking for a reliable, truly professional partner? Here we are!!!\n\n\u00e2\u009d\u0097\u00ef\u00b8\u008fWe have many years of experience of cooperation with many organizations, NGOs and funds. Moreover, we organize workshops, seminars and webinars to develop young people's skills and give them opportunity to gain new experience. We are Erasmus + project sending organization. We send hundreds of young people to different countries every year.\nFacebook: https://www.facebook.com/YouthOpportunitiesArm/\n\n\u00f0\u009f\u0093\u00a5 If you are from Luxembourg and think that we can work together, hurry up and send us message.\nyongo.armenia.partners@gmail.com"
    },
    {
      "uri": "your_activity_across_facebook/posts/media/videos/109748772_288266442507726_7202521090750127471_n_1438128996381099.mp4",
      "creation_timestamp": 1595524026,
      "media_metadata": {
        "video_metadata": {
          "exif_data": [
            {
              "upload_ip": "37.252.95.205",
              "upload_timestamp": 0
            }
          ]
        }
      },
      "title": "",
      "description": "\u00f0\u009f\u00a4\u00a9 Are you looking for a reliable, truly professional partner? Here we are!!!\n\n\u00e2\u009d\u0097\u00ef\u00b8\u008fWe have many years of experience of cooperation with many organizations, NGOs and funds. Moreover, we organize workshops, seminars and webinars to develop young people's skills and give them opportunity to gain new experience. We are Erasmus + project sending organization. We send hundreds of young people to different countries every year.\nFacebook: https://www.facebook.com/YouthOpportunitiesArm/\n\n\u00f0\u009f\u0093\u00a5 If you are from Luxembourg and think that we can work together, hurry up and send us message.\nyongo.armenia.partners@gmail.com"
    },
    {
      "uri": "your_activity_across_facebook/posts/media/videos/109859727_292742965405215_4042978328626348205_n_1438131179714214.mp4",
      "creation_timestamp": 1595524219,
      "media_metadata": {
        "video_metadata": {
          "exif_data": [
            {
              "upload_ip": "37.252.95.205",
              "upload_timestamp": 0
            }
          ]
        }
      },
      "title": "",
      "description": "\u00f0\u009f\u00a4\u00a9 Are you looking for a reliable, truly professional partner? Here we are!!!\n\n\u00e2\u009d\u0097\u00ef\u00b8\u008fWe have many years of experience of cooperation with many organizations, NGOs and funds. Moreover, we organize workshops, seminars and webinars to develop young people's skills and give them opportunity to gain new experience. We are Erasmus + project sending organization. We send hundreds of young people to different countries every year.\nFacebook: https://www.facebook.com/YouthOpportunitiesArm/\n\n\u00f0\u009f\u0093\u00a5 If you are from Luxembourg and think that we can work together, hurry up and send us message.\nyongo.armenia.partners@gmail.com"
    },
    {
      "uri": "your_activity_across_facebook/posts/media/videos/109766885_1994336864201002_1659350194345806272_n_1438141159713216.mp4",
      "creation_timestamp": 1595525111,
      "media_metadata": {
        "video_metadata": {
          "exif_data": [
            {
              "upload_ip": "37.252.95.205",
              "upload_timestamp": 0
            }
          ]
        }
      },
      "description": ""
    },
    {
      "uri": "your_activity_across_facebook/posts/media/videos/109728523_1176932109330995_5473799243938759953_n_1438202256373773.mp4",
      "creation_timestamp": 1595531306,
      "media_metadata": {
        "video_metadata": {
          "exif_data": [
            {
              "upload_ip": "37.252.95.205",
              "upload_timestamp": 0
            }
          ]
        }
      },
      "title": "",
      "description": "\u00f0\u009f\u00a4\u00a9 Are you looking for a reliable, truly professional partner? Here we are!!!\n\n\u00e2\u009d\u0097\u00ef\u00b8\u008fWe have many years of experience of cooperation with many organizations, NGOs and funds. Moreover, we organize workshops, seminars and webinars to develop young people's skills and give them opportunity to gain new experience. We are Erasmus + project sending organization. We send hundreds of young people to different countries every year.\nFacebook: https://www.facebook.com/YouthOpportunitiesArm/\n\n\u00f0\u009f\u0093\u00a5 If you are from Luxembourg and think that we can work together, hurry up and send us message.\nyongo.armenia.partners@gmail.com"
    },
    {
      "uri": "your_activity_across_facebook/posts/media/videos/109496959_623442998581283_265895388061510638_n_1438202529707079.mp4",
      "creation_timestamp": 1595531320,
      "media_metadata": {
        "video_metadata": {
          "exif_data": [
            {
              "upload_ip": "37.252.95.205",
              "upload_timestamp": 0
            }
          ]
        }
      },
      "title": "",
      "description": "\u00f0\u009f\u00a4\u00a9 Are you looking for a reliable, truly professional partner? Here we are!!!\n\n\u00e2\u009d\u0097\u00ef\u00b8\u008fWe have many years of experience of cooperation with many organizations, NGOs and funds. Moreover, we organize workshops, seminars and webinars to develop young people's skills and give them opportunity to gain new experience. We are Erasmus + project sending organization. We send hundreds of young people to different countries every year.\nFacebook: https://www.facebook.com/YouthOpportunitiesArm/\n\n\u00f0\u009f\u0093\u00a5 If you are from Luxembourg and think that we can work together, hurry up and send us message.\nyongo.armenia.partners@gmail.com"
    },
    {
      "uri": "your_activity_across_facebook/posts/media/videos/241092458_289925209604650_5449836405415250249_n_1230030054128019.mp4",
      "creation_timestamp": 1630829481,
      "media_metadata": {
        "video_metadata": {
          "exif_data": [
            {
              "upload_ip": "37.252.83.117",
              "upload_timestamp": 0
            }
          ]
        }
      },
      "title": "",
      "description": ""
    },
    {
      "uri": "your_activity_across_facebook/posts/media/videos/241956669_655740552055841_3816580013714138666_n_980873335812826.mp4",
      "creation_timestamp": 1631900562,
      "media_metadata": {
        "video_metadata": {
          "exif_data": [
            {
              "upload_ip": "37.252.80.242",
              "upload_timestamp": 0
            }
          ]
        }
      },
      "title": "",
      "description": ""
    },
    {
      "uri": "your_activity_across_facebook/posts/media/videos/301579149_495971342538263_8891965378940094960_n_384150820444805.mp4",
      "creation_timestamp": 1663869335,
      "media_metadata": {
        "video_metadata": {
          "exif_data": [
            {
              "upload_ip": "37.252.92.195",
              "upload_timestamp": 0
            }
          ]
        }
      },
      "title": "",
      "description": ""
    }
  ]
}