{
  "other_photos_v2": [
    {
      "uri": "your_activity_across_facebook/posts/media/your_posts/57180149_1073598422834160_5708961385581379584_n_1073598419500827.jpg",
      "creation_timestamp": 1555699928,
      "media_metadata": {
        "photo_metadata": {
          "exif_data": [
            {
              "upload_ip": "195.250.80.226",
              "taken_timestamp": 1555699930
            }
          ]
        }
      },
      "description": "\u00d0\u00a1 \u00d0\u00b4\u00d0\u00bd\u00d0\u00b5\u00d0\u00bc \u00d1\u0080\u00d0\u00be\u00d0\u00b6\u00d0\u00b4\u00d0\u00b5\u00d0\u00bd\u00d0\u00b8\u00d1\u008f \u00d0\u0094\u00d0\u00b8\u00d0\u00b0\u00d0\u00bd \u00d0\u00b4\u00d0\u00b6\u00d0\u00b0\u00d0\u00bd\u00e2\u009d\u00a4\u00ef\u00b8\u008f\u00f0\u009f\u008e\u0089\u00f0\u009f\u008e\u0082"
    },
    {
      "uri": "your_activity_across_facebook/posts/media/your_posts/61013070_1097497383777597_6714764888612274176_n_1097497377110931.jpg",
      "creation_timestamp": 1558850676,
      "media_metadata": {
        "photo_metadata": {
          "exif_data": [
            {
              "upload_ip": "46.70.220.37",
              "taken_timestamp": 1558850678
            }
          ]
        }
      }
    },
    {
      "uri": "your_activity_across_facebook/posts/media/your_posts/60965606_1097795860414416_7687939774203559936_n_1097795857081083.jpg",
      "creation_timestamp": 1558888009,
      "media_metadata": {
        "photo_metadata": {
          "exif_data": [
            {
              "upload_ip": "185.215.53.181",
              "taken_timestamp": 1558888011
            }
          ]
        }
      }
    },
    {
      "uri": "your_activity_across_facebook/posts/media/your_posts/121555870_1508318496028815_2222387088803524985_n_1508318489362149.jpg",
      "creation_timestamp": 1602696366,
      "media_metadata": {
        "photo_metadata": {
          "exif_data": [
            {
              "upload_ip": "37.252.82.84",
              "taken_timestamp": 1602696368,
              "orientation": 1
            }
          ]
        }
      }
    },
    {
      "uri": "your_activity_across_facebook/posts/media/your_posts/141753437_1590450491148948_2534510004245466722_n_1590450487815615.jpg",
      "creation_timestamp": 1611515387,
      "media_metadata": {
        "photo_metadata": {
          "exif_data": [
            {
              "iso": 129,
              "focal_length": "3830/1000",
              "upload_ip": "37.252.80.76",
              "taken_timestamp": 1611511805,
              "modified_timestamp": 1611511805,
              "camera_make": "HUAWEI",
              "camera_model": "TRT-L21A",
              "exposure": "33333336/1000000000",
              "f_stop": "220/100",
              "orientation": 1,
              "original_width": 4032,
              "original_height": 3016
            }
          ]
        }
      },
      "description": "Guys, can you, please, help me with this issue? The message pops up as soon as I open new project via PTF. When I press OK, the window closes and that's it, the edit window does not appear afterwards. I am using Windows 10. The Avid website advises to (re)install Xpand2! and ASIO4ALL. I have done so and even reinstalled PTF. Nothing works. Thanks in advance!"
    },
    {
      "uri": "your_activity_across_facebook/posts/media/your_posts/146484174_1598271743700156_1227760665290002402_n_1598271740366823.jpg",
      "creation_timestamp": 1612465702,
      "media_metadata": {
        "photo_metadata": {
          "exif_data": [
            {
              "upload_ip": "37.252.83.184",
              "taken_timestamp": 1612465707,
              "orientation": 1
            }
          ]
        }
      }
    },
    {
      "uri": "your_activity_across_facebook/posts/media/your_posts/160574697_1624160347777962_6321327234775789797_n_1624160337777963.jpg",
      "creation_timestamp": 1615648626,
      "media_metadata": {
        "photo_metadata": {
          "exif_data": [
            {
              "upload_ip": "37.252.93.91",
              "taken_timestamp": 1615648629,
              "orientation": 1
            }
          ]
        }
      }
    },
    {
      "uri": "your_activity_across_facebook/posts/media/your_posts/162195459_1627914237402573_1201161865235268233_n_1627914234069240.jpg",
      "creation_timestamp": 1616085321,
      "media_metadata": {
        "photo_metadata": {
          "exif_data": [
            {
              "upload_ip": "37.252.92.17",
              "taken_timestamp": 1616085323,
              "orientation": 1
            }
          ]
        }
      }
    },
    {
      "uri": "your_activity_across_facebook/posts/media/your_posts/178566166_1654531274740869_5476938237627751782_n_1654531271407536.jpg",
      "creation_timestamp": 1619301169,
      "media_metadata": {
        "photo_metadata": {
          "exif_data": [
            {
              "upload_ip": "37.252.92.108",
              "taken_timestamp": 1619301172,
              "orientation": 1
            }
          ]
        }
      }
    },
    {
      "uri": "your_activity_across_facebook/posts/media/your_posts/178455947_1656385524555444_6899704206069675948_n_1656385517888778.jpg",
      "creation_timestamp": 1619523978,
      "media_metadata": {
        "photo_metadata": {
          "exif_data": [
            {
              "upload_ip": "37.252.94.55",
              "taken_timestamp": 1619523980,
              "orientation": 1
            }
          ]
        }
      },
      "description": "\u00c2\u00ab\u00d4\u00b5\u00d6\u0080\u00d5\u00ab\u00d5\u00bf\u00d5\u00a1\u00d5\u00bd\u00d5\u00a1\u00d6\u0080\u00d5\u00a4\u00d5\u00b6\u00d5\u00a5\u00d6\u0080\u00d5\u00ab \u00d5\u0080\u00d5\u00b6\u00d5\u00a1\u00d6\u0080\u00d5\u00a1\u00d5\u00be\u00d5\u00b8\u00d6\u0080\u00d5\u00b8\u00d6\u0082\u00d5\u00a9\u00d5\u00b5\u00d5\u00b8\u00d6\u0082\u00d5\u00b6\u00d5\u00b6\u00d5\u00a5\u00d6\u0080\u00d5\u00ab \u00d4\u00b1\u00d5\u00af\u00d5\u00b8\u00d6\u0082\u00d5\u00b4\u00d5\u00a2\u00c2\u00bb \u00d5\u0080\u00d4\u00bf-\u00d5\u00b6 \u00d5\u00b0\u00d6\u0080\u00d5\u00a1\u00d5\u00be\u00d5\u00ab\u00d6\u0080\u00d5\u00b8\u00d6\u0082\u00d5\u00b4 \u00d5\u00a7 \u00d5\u00af\u00d5\u00a1\u00d5\u00b4\u00d5\u00a1\u00d5\u00be\u00d5\u00b8\u00d6\u0080\u00d5\u00a1\u00d5\u00af\u00d5\u00a1\u00d5\u00b6 \u00d5\u00a1\u00d5\u00b7\u00d5\u00ad\u00d5\u00a1\u00d5\u00bf\u00d5\u00a1\u00d5\u00b6\u00d6\u0084\u00d5\u00b8\u00d5\u00be \u00d5\u00b0\u00d5\u00a5\u00d5\u00bf\u00d5\u00a1\u00d6\u0084\u00d6\u0080\u00d6\u0084\u00d6\u0080\u00d5\u00be\u00d5\u00a1\u00d5\u00ae \u00d5\u00a5\u00d6\u0080\u00d5\u00ab\u00d5\u00bf\u00d5\u00a1\u00d5\u00bd\u00d5\u00a1\u00d6\u0080\u00d5\u00a4\u00d5\u00b6\u00d5\u00a5\u00d6\u0080\u00d5\u00ab\u00d5\u00b6 \u00d5\u00ab\u00d6\u0080 \u00d5\u00a9\u00d5\u00ab\u00d5\u00b4\u00d6\u0089\n\n\u00e2\u009e\u00a1\u00ef\u00b8\u008f\u00d5\u0084\u00d5\u00a5\u00d6\u0080 \u00d5\u00af\u00d5\u00b8\u00d5\u00b2\u00d5\u00b4\u00d5\u00ab\u00d6\u0081 \u00d5\u00a8\u00d5\u00b6\u00d5\u00b1\u00d5\u00a5\u00d5\u00bc\u00d5\u00be\u00d5\u00b8\u00d5\u00b2 \u00d5\u00b0\u00d5\u00b6\u00d5\u00a1\u00d6\u0080\u00d5\u00a1\u00d5\u00be\u00d5\u00b8\u00d6\u0080\u00d5\u00b8\u00d6\u0082\u00d5\u00a9\u00d5\u00b5\u00d5\u00b8\u00d6\u0082\u00d5\u00b6\u00d5\u00b6\u00d5\u00a5\u00d6\u0080.\n1. \u00d5\u0084\u00d5\u00a1\u00d5\u00bd\u00d5\u00b6\u00d5\u00a1\u00d5\u00af\u00d6\u0081\u00d5\u00a5\u00d5\u00ac Erasmus+ \u00d5\u00b4\u00d5\u00ab\u00d5\u00bb\u00d5\u00a1\u00d5\u00a6\u00d5\u00a3\u00d5\u00a1\u00d5\u00b5\u00d5\u00ab\u00d5\u00b6 \u00d6\u0083\u00d5\u00b8\u00d5\u00ad\u00d5\u00a1\u00d5\u00b6\u00d5\u00a1\u00d5\u00af\u00d5\u00b4\u00d5\u00a1\u00d5\u00b6 \u00d5\u00ae\u00d6\u0080\u00d5\u00a1\u00d5\u00a3\u00d6\u0080\u00d5\u00a5\u00d6\u0080\u00d5\u00ab\n2. \u00d4\u00b3\u00d5\u00b8\u00d6\u0080\u00d5\u00ae\u00d5\u00b6\u00d5\u00a1\u00d5\u00af\u00d5\u00a1\u00d5\u00b6\u00d5\u00b8\u00d6\u0082\u00d5\u00b4 \u00d5\u00af\u00d5\u00ab\u00d6\u0080\u00d5\u00a1\u00d5\u00bc\u00d5\u00a5\u00d5\u00ac \u00d5\u00a1\u00d5\u00b6\u00d5\u00a3\u00d5\u00ac\u00d5\u00a5\u00d6\u0080\u00d5\u00a5\u00d5\u00b6\u00d5\u00ab \u00d6\u0087 \u00d5\u00a1\u00d5\u00b5\u00d5\u00ac \u00d6\u0085\u00d5\u00bf\u00d5\u00a1\u00d6\u0080 \u00d5\u00ac\u00d5\u00a5\u00d5\u00a6\u00d5\u00b8\u00d6\u0082\u00d5\u00b6\u00d5\u00a5\u00d6\u0080\u00d5\u00ab \u00d5\u00a3\u00d5\u00ab\u00d5\u00bf\u00d5\u00a5\u00d5\u00ac\u00d5\u00ab\u00d6\u0084\u00d5\u00b6\u00d5\u00a5\u00d6\u0080\u00d5\u00a4\n3. \u00d5\u0081\u00d5\u00a5\u00d5\u00bc\u00d6\u0084 \u00d5\u00a2\u00d5\u00a5\u00d6\u0080\u00d5\u00a5\u00d5\u00ac \u00d5\u00a2\u00d5\u00a1\u00d5\u00a6\u00d5\u00b8\u00d6\u0082\u00d5\u00b4 \u00d5\u00b0\u00d5\u00b4\u00d5\u00bf\u00d5\u00b8\u00d6\u0082\u00d5\u00a9\u00d5\u00b5\u00d5\u00b8\u00d6\u0082\u00d5\u00b6\u00d5\u00b6\u00d5\u00a5\u00d6\u0080 \u00d5\u00b8\u00d6\u0082 \u00d5\u00af\u00d5\u00a1\u00d5\u00ba\u00d5\u00a5\u00d6\u0080\n4. \u00d5\u008d\u00d5\u00bf\u00d5\u00a1\u00d5\u00b6\u00d5\u00a1\u00d5\u00ac \u00d5\u00b0\u00d5\u00a1\u00d5\u00be\u00d5\u00a1\u00d5\u00bd\u00d5\u00bf\u00d5\u00a1\u00d5\u00a3\u00d6\u0080\u00d5\u00a5\u00d6\u0080\n5. \u00d4\u00b3\u00d6\u0080\u00d5\u00a5\u00d5\u00ac \u00d5\u00a4\u00d6\u0080\u00d5\u00a1\u00d5\u00b4\u00d5\u00a1\u00d5\u00b7\u00d5\u00b6\u00d5\u00b8\u00d6\u0080\u00d5\u00b0\u00d5\u00a1\u00d5\u00b5\u00d5\u00ab\u00d5\u00b6 \u00d5\u00ae\u00d6\u0080\u00d5\u00a1\u00d5\u00a3\u00d6\u0080\u00d5\u00a5\u00d6\u0080\n\n\u00e2\u009e\u00a1\u00ef\u00b8\u008f\u00d5\u0080\u00d5\u00ab\u00d5\u00b4\u00d5\u00b6\u00d5\u00a1\u00d5\u00af\u00d5\u00a1\u00d5\u00b6 \u00d5\u00a1\u00d5\u00b7\u00d5\u00ad\u00d5\u00a1\u00d5\u00bf\u00d5\u00a1\u00d5\u00b6\u00d6\u0084\u00d5\u00ab \u00d5\u00a2\u00d5\u00b6\u00d5\u00b8\u00d6\u0082\u00d5\u00a9\u00d5\u00a1\u00d5\u00a3\u00d5\u00ab\u00d6\u0080.\n\u00d4\u00bf\u00d5\u00a1\u00d5\u00ba\u00d5\u00a5\u00d6\u0080 \u00d5\u00b0\u00d5\u00a1\u00d5\u00bd\u00d5\u00bf\u00d5\u00a1\u00d5\u00bf\u00d5\u00a5\u00d5\u00ac \u00d5\u00a1\u00d6\u0080\u00d5\u00bf\u00d5\u00a1\u00d5\u00bd\u00d5\u00a1\u00d5\u00b0\u00d5\u00b4\u00d5\u00a1\u00d5\u00b6\u00d5\u00b5\u00d5\u00a1\u00d5\u00b6 \u00d5\u00a3\u00d5\u00b8\u00d6\u0080\u00d5\u00ae\u00d5\u00a8\u00d5\u00b6\u00d5\u00af\u00d5\u00a5\u00d6\u0080\u00d5\u00b6\u00d5\u00a5\u00d6\u0080\u00d5\u00ab \u00d5\u00b0\u00d5\u00a5\u00d5\u00bf\n\n\u00e2\u009e\u00a1\u00ef\u00b8\u008f\u00d4\u00b9\u00d5\u00ab\u00d5\u00b4\u00d5\u00ab\u00d5\u00b6 \u00d5\u00b4\u00d5\u00ab\u00d5\u00a1\u00d5\u00b6\u00d5\u00a1\u00d5\u00ac\u00d5\u00b8\u00d6\u0082 \u00d5\u00b0\u00d5\u00a1\u00d5\u00b4\u00d5\u00a1\u00d6\u0080 \u00d5\u00a1\u00d5\u00b6\u00d5\u00b0\u00d6\u0080\u00d5\u00a1\u00d5\u00aa\u00d5\u00a5\u00d5\u00b7\u00d5\u00bf \u00d5\u00a7.\n\u00d5\u00a1. \u00d4\u00b1\u00d5\u00b6\u00d5\u00a3\u00d5\u00ac\u00d5\u00a5\u00d6\u0080\u00d5\u00a5\u00d5\u00b6 \u00d5\u00ac\u00d5\u00a5\u00d5\u00a6\u00d5\u00be\u00d5\u00ab \u00d5\u00ab\u00d5\u00b4\u00d5\u00a1\u00d6\u0081\u00d5\u00b8\u00d6\u0082\u00d5\u00a9\u00d5\u00b5\u00d5\u00a1\u00d5\u00b6 \u00d5\u00a1\u00d5\u00bc\u00d5\u00b6\u00d5\u00be\u00d5\u00a1\u00d5\u00a6\u00d5\u00b6 B1 \u00d5\u00b4\u00d5\u00a1\u00d5\u00af\u00d5\u00a1\u00d6\u0080\u00d5\u00a4\u00d5\u00a1\u00d5\u00af\n\u00d5\u00a2. \u00d5\u008e\u00d5\u00a5\u00d6\u0080\u00d5\u00bb\u00d5\u00b6\u00d5\u00a1\u00d5\u00aa\u00d5\u00a1\u00d5\u00b4\u00d5\u00af\u00d5\u00a5\u00d5\u00bf\u00d5\u00b6\u00d5\u00a5\u00d6\u0080\u00d5\u00b8\u00d5\u00be (deadline) \u00d5\u00a1\u00d5\u00b7\u00d5\u00ad\u00d5\u00a1\u00d5\u00bf\u00d5\u00a5\u00d5\u00ac\u00d5\u00b8\u00d6\u0082 \u00d5\u00b0\u00d5\u00b6\u00d5\u00a1\u00d6\u0080\u00d5\u00a1\u00d5\u00be\u00d5\u00b8\u00d6\u0080\u00d5\u00b8\u00d6\u0082\u00d5\u00a9\u00d5\u00b5\u00d5\u00b8\u00d6\u0082\u00d5\u00b6\n\n\u00f0\u009f\u0093\u00a9\u00d4\u00b4\u00d5\u00ab\u00d5\u00b4\u00d5\u00a5\u00d5\u00ac\u00d5\u00b8\u00d6\u0082 \u00d5\u00b0\u00d5\u00a1\u00d5\u00b4\u00d5\u00a1\u00d6\u0080 \u00d5\u00af\u00d5\u00a1\u00d6\u0080\u00d5\u00b8\u00d5\u00b2 \u00d5\u00a5\u00d6\u0084 \u00d5\u00b8\u00d6\u0082\u00d5\u00b2\u00d5\u00a1\u00d6\u0080\u00d5\u00af\u00d5\u00a5\u00d5\u00ac \u00d5\u0081\u00d5\u00a5\u00d6\u0080  \u00d5\u00ab\u00d5\u00b6\u00d6\u0084\u00d5\u00b6\u00d5\u00a1\u00d5\u00af\u00d5\u00a5\u00d5\u00b6\u00d5\u00bd\u00d5\u00a1\u00d5\u00a3\u00d6\u0080\u00d5\u00a1\u00d5\u00af\u00d5\u00a1\u00d5\u00b6\u00d5\u00a8 hr.yoclub@gmail.com \u00d5\u00a7\u00d5\u00ac.\u00d5\u00b0\u00d5\u00a1\u00d5\u00bd\u00d6\u0081\u00d5\u00a5\u00d5\u00ab\u00d5\u00b6` subject \u00d5\u00a2\u00d5\u00a1\u00d5\u00aa\u00d5\u00b6\u00d5\u00b8\u00d6\u0082\u00d5\u00b4 \u00d5\u00b6\u00d5\u00b7\u00d5\u00a5\u00d5\u00ac\u00d5\u00b8\u00d5\u00be External Relations Department \u00d6\u0089)"
    },
    {
      "uri": "your_activity_across_facebook/posts/media/your_posts/179104711_1656386007888729_4959773926990201248_n_1656386004555396.jpg",
      "creation_timestamp": 1619524006,
      "media_metadata": {
        "photo_metadata": {
          "exif_data": [
            {
              "upload_ip": "37.252.94.55",
              "taken_timestamp": 1619524009,
              "orientation": 1
            }
          ]
        }
      },
      "description": "\u00c2\u00ab\u00d4\u00b5\u00d6\u0080\u00d5\u00ab\u00d5\u00bf\u00d5\u00a1\u00d5\u00bd\u00d5\u00a1\u00d6\u0080\u00d5\u00a4\u00d5\u00b6\u00d5\u00a5\u00d6\u0080\u00d5\u00ab \u00d5\u0080\u00d5\u00b6\u00d5\u00a1\u00d6\u0080\u00d5\u00a1\u00d5\u00be\u00d5\u00b8\u00d6\u0080\u00d5\u00b8\u00d6\u0082\u00d5\u00a9\u00d5\u00b5\u00d5\u00b8\u00d6\u0082\u00d5\u00b6\u00d5\u00b6\u00d5\u00a5\u00d6\u0080\u00d5\u00ab \u00d4\u00b1\u00d5\u00af\u00d5\u00b8\u00d6\u0082\u00d5\u00b4\u00d5\u00a2\u00c2\u00bb \u00d5\u0080\u00d4\u00bf-\u00d5\u00b6 \u00d5\u00b0\u00d6\u0080\u00d5\u00a1\u00d5\u00be\u00d5\u00ab\u00d6\u0080\u00d5\u00b8\u00d6\u0082\u00d5\u00b4 \u00d5\u00a7 \u00d5\u00af\u00d5\u00a1\u00d5\u00b4\u00d5\u00a1\u00d5\u00be\u00d5\u00b8\u00d6\u0080\u00d5\u00a1\u00d5\u00af\u00d5\u00a1\u00d5\u00b6 \u00d5\u00a1\u00d5\u00b7\u00d5\u00ad\u00d5\u00a1\u00d5\u00bf\u00d5\u00a1\u00d5\u00b6\u00d6\u0084\u00d5\u00b8\u00d5\u00be \u00d5\u00b0\u00d5\u00a5\u00d5\u00bf\u00d5\u00a1\u00d6\u0084\u00d6\u0080\u00d6\u0084\u00d6\u0080\u00d5\u00be\u00d5\u00a1\u00d5\u00ae \u00d5\u00a5\u00d6\u0080\u00d5\u00ab\u00d5\u00bf\u00d5\u00a1\u00d5\u00bd\u00d5\u00a1\u00d6\u0080\u00d5\u00a4\u00d5\u00b6\u00d5\u00a5\u00d6\u0080\u00d5\u00ab\u00d5\u00b6 \u00d5\u00ab\u00d6\u0080 \u00d5\u00a9\u00d5\u00ab\u00d5\u00b4\u00d6\u0089\n\n\u00e2\u009e\u00a1\u00ef\u00b8\u008f\u00d5\u0084\u00d5\u00a5\u00d6\u0080 \u00d5\u00af\u00d5\u00b8\u00d5\u00b2\u00d5\u00b4\u00d5\u00ab\u00d6\u0081 \u00d5\u00a8\u00d5\u00b6\u00d5\u00b1\u00d5\u00a5\u00d5\u00bc\u00d5\u00be\u00d5\u00b8\u00d5\u00b2 \u00d5\u00b0\u00d5\u00b6\u00d5\u00a1\u00d6\u0080\u00d5\u00a1\u00d5\u00be\u00d5\u00b8\u00d6\u0080\u00d5\u00b8\u00d6\u0082\u00d5\u00a9\u00d5\u00b5\u00d5\u00b8\u00d6\u0082\u00d5\u00b6\u00d5\u00b6\u00d5\u00a5\u00d6\u0080.\n1. \u00d5\u0084\u00d5\u00a1\u00d5\u00bd\u00d5\u00b6\u00d5\u00a1\u00d5\u00af\u00d6\u0081\u00d5\u00a5\u00d5\u00ac Erasmus+ \u00d5\u00b4\u00d5\u00ab\u00d5\u00bb\u00d5\u00a1\u00d5\u00a6\u00d5\u00a3\u00d5\u00a1\u00d5\u00b5\u00d5\u00ab\u00d5\u00b6 \u00d6\u0083\u00d5\u00b8\u00d5\u00ad\u00d5\u00a1\u00d5\u00b6\u00d5\u00a1\u00d5\u00af\u00d5\u00b4\u00d5\u00a1\u00d5\u00b6 \u00d5\u00ae\u00d6\u0080\u00d5\u00a1\u00d5\u00a3\u00d6\u0080\u00d5\u00a5\u00d6\u0080\u00d5\u00ab\n2. \u00d4\u00b3\u00d5\u00b8\u00d6\u0080\u00d5\u00ae\u00d5\u00b6\u00d5\u00a1\u00d5\u00af\u00d5\u00a1\u00d5\u00b6\u00d5\u00b8\u00d6\u0082\u00d5\u00b4 \u00d5\u00af\u00d5\u00ab\u00d6\u0080\u00d5\u00a1\u00d5\u00bc\u00d5\u00a5\u00d5\u00ac \u00d5\u00a1\u00d5\u00b6\u00d5\u00a3\u00d5\u00ac\u00d5\u00a5\u00d6\u0080\u00d5\u00a5\u00d5\u00b6\u00d5\u00ab \u00d6\u0087 \u00d5\u00a1\u00d5\u00b5\u00d5\u00ac \u00d6\u0085\u00d5\u00bf\u00d5\u00a1\u00d6\u0080 \u00d5\u00ac\u00d5\u00a5\u00d5\u00a6\u00d5\u00b8\u00d6\u0082\u00d5\u00b6\u00d5\u00a5\u00d6\u0080\u00d5\u00ab \u00d5\u00a3\u00d5\u00ab\u00d5\u00bf\u00d5\u00a5\u00d5\u00ac\u00d5\u00ab\u00d6\u0084\u00d5\u00b6\u00d5\u00a5\u00d6\u0080\u00d5\u00a4\n3. \u00d5\u0081\u00d5\u00a5\u00d5\u00bc\u00d6\u0084 \u00d5\u00a2\u00d5\u00a5\u00d6\u0080\u00d5\u00a5\u00d5\u00ac \u00d5\u00a2\u00d5\u00a1\u00d5\u00a6\u00d5\u00b8\u00d6\u0082\u00d5\u00b4 \u00d5\u00b0\u00d5\u00b4\u00d5\u00bf\u00d5\u00b8\u00d6\u0082\u00d5\u00a9\u00d5\u00b5\u00d5\u00b8\u00d6\u0082\u00d5\u00b6\u00d5\u00b6\u00d5\u00a5\u00d6\u0080 \u00d5\u00b8\u00d6\u0082 \u00d5\u00af\u00d5\u00a1\u00d5\u00ba\u00d5\u00a5\u00d6\u0080\n4. \u00d5\u008d\u00d5\u00bf\u00d5\u00a1\u00d5\u00b6\u00d5\u00a1\u00d5\u00ac \u00d5\u00b0\u00d5\u00a1\u00d5\u00be\u00d5\u00a1\u00d5\u00bd\u00d5\u00bf\u00d5\u00a1\u00d5\u00a3\u00d6\u0080\u00d5\u00a5\u00d6\u0080\n5. \u00d4\u00b3\u00d6\u0080\u00d5\u00a5\u00d5\u00ac \u00d5\u00a4\u00d6\u0080\u00d5\u00a1\u00d5\u00b4\u00d5\u00a1\u00d5\u00b7\u00d5\u00b6\u00d5\u00b8\u00d6\u0080\u00d5\u00b0\u00d5\u00a1\u00d5\u00b5\u00d5\u00ab\u00d5\u00b6 \u00d5\u00ae\u00d6\u0080\u00d5\u00a1\u00d5\u00a3\u00d6\u0080\u00d5\u00a5\u00d6\u0080\n\n\u00e2\u009e\u00a1\u00ef\u00b8\u008f\u00d5\u0080\u00d5\u00ab\u00d5\u00b4\u00d5\u00b6\u00d5\u00a1\u00d5\u00af\u00d5\u00a1\u00d5\u00b6 \u00d5\u00a1\u00d5\u00b7\u00d5\u00ad\u00d5\u00a1\u00d5\u00bf\u00d5\u00a1\u00d5\u00b6\u00d6\u0084\u00d5\u00ab \u00d5\u00a2\u00d5\u00b6\u00d5\u00b8\u00d6\u0082\u00d5\u00a9\u00d5\u00a1\u00d5\u00a3\u00d5\u00ab\u00d6\u0080.\n\u00d4\u00bf\u00d5\u00a1\u00d5\u00ba\u00d5\u00a5\u00d6\u0080 \u00d5\u00b0\u00d5\u00a1\u00d5\u00bd\u00d5\u00bf\u00d5\u00a1\u00d5\u00bf\u00d5\u00a5\u00d5\u00ac \u00d5\u00a1\u00d6\u0080\u00d5\u00bf\u00d5\u00a1\u00d5\u00bd\u00d5\u00a1\u00d5\u00b0\u00d5\u00b4\u00d5\u00a1\u00d5\u00b6\u00d5\u00b5\u00d5\u00a1\u00d5\u00b6 \u00d5\u00a3\u00d5\u00b8\u00d6\u0080\u00d5\u00ae\u00d5\u00a8\u00d5\u00b6\u00d5\u00af\u00d5\u00a5\u00d6\u0080\u00d5\u00b6\u00d5\u00a5\u00d6\u0080\u00d5\u00ab \u00d5\u00b0\u00d5\u00a5\u00d5\u00bf\n\n\u00e2\u009e\u00a1\u00ef\u00b8\u008f\u00d4\u00b9\u00d5\u00ab\u00d5\u00b4\u00d5\u00ab\u00d5\u00b6 \u00d5\u00b4\u00d5\u00ab\u00d5\u00a1\u00d5\u00b6\u00d5\u00a1\u00d5\u00ac\u00d5\u00b8\u00d6\u0082 \u00d5\u00b0\u00d5\u00a1\u00d5\u00b4\u00d5\u00a1\u00d6\u0080 \u00d5\u00a1\u00d5\u00b6\u00d5\u00b0\u00d6\u0080\u00d5\u00a1\u00d5\u00aa\u00d5\u00a5\u00d5\u00b7\u00d5\u00bf \u00d5\u00a7.\n\u00d5\u00a1. \u00d4\u00b1\u00d5\u00b6\u00d5\u00a3\u00d5\u00ac\u00d5\u00a5\u00d6\u0080\u00d5\u00a5\u00d5\u00b6 \u00d5\u00ac\u00d5\u00a5\u00d5\u00a6\u00d5\u00be\u00d5\u00ab \u00d5\u00ab\u00d5\u00b4\u00d5\u00a1\u00d6\u0081\u00d5\u00b8\u00d6\u0082\u00d5\u00a9\u00d5\u00b5\u00d5\u00a1\u00d5\u00b6 \u00d5\u00a1\u00d5\u00bc\u00d5\u00b6\u00d5\u00be\u00d5\u00a1\u00d5\u00a6\u00d5\u00b6 B1 \u00d5\u00b4\u00d5\u00a1\u00d5\u00af\u00d5\u00a1\u00d6\u0080\u00d5\u00a4\u00d5\u00a1\u00d5\u00af\n\u00d5\u00a2. \u00d5\u008e\u00d5\u00a5\u00d6\u0080\u00d5\u00bb\u00d5\u00b6\u00d5\u00a1\u00d5\u00aa\u00d5\u00a1\u00d5\u00b4\u00d5\u00af\u00d5\u00a5\u00d5\u00bf\u00d5\u00b6\u00d5\u00a5\u00d6\u0080\u00d5\u00b8\u00d5\u00be (deadline) \u00d5\u00a1\u00d5\u00b7\u00d5\u00ad\u00d5\u00a1\u00d5\u00bf\u00d5\u00a5\u00d5\u00ac\u00d5\u00b8\u00d6\u0082 \u00d5\u00b0\u00d5\u00b6\u00d5\u00a1\u00d6\u0080\u00d5\u00a1\u00d5\u00be\u00d5\u00b8\u00d6\u0080\u00d5\u00b8\u00d6\u0082\u00d5\u00a9\u00d5\u00b5\u00d5\u00b8\u00d6\u0082\u00d5\u00b6\n\n\u00f0\u009f\u0093\u00a9\u00d4\u00b4\u00d5\u00ab\u00d5\u00b4\u00d5\u00a5\u00d5\u00ac\u00d5\u00b8\u00d6\u0082 \u00d5\u00b0\u00d5\u00a1\u00d5\u00b4\u00d5\u00a1\u00d6\u0080 \u00d5\u00af\u00d5\u00a1\u00d6\u0080\u00d5\u00b8\u00d5\u00b2 \u00d5\u00a5\u00d6\u0084 \u00d5\u00b8\u00d6\u0082\u00d5\u00b2\u00d5\u00a1\u00d6\u0080\u00d5\u00af\u00d5\u00a5\u00d5\u00ac \u00d5\u0081\u00d5\u00a5\u00d6\u0080  \u00d5\u00ab\u00d5\u00b6\u00d6\u0084\u00d5\u00b6\u00d5\u00a1\u00d5\u00af\u00d5\u00a5\u00d5\u00b6\u00d5\u00bd\u00d5\u00a1\u00d5\u00a3\u00d6\u0080\u00d5\u00a1\u00d5\u00af\u00d5\u00a1\u00d5\u00b6\u00d5\u00a8 hr.yoclub@gmail.com \u00d5\u00a7\u00d5\u00ac.\u00d5\u00b0\u00d5\u00a1\u00d5\u00bd\u00d6\u0081\u00d5\u00a5\u00d5\u00ab\u00d5\u00b6` subject \u00d5\u00a2\u00d5\u00a1\u00d5\u00aa\u00d5\u00b6\u00d5\u00b8\u00d6\u0082\u00d5\u00b4 \u00d5\u00b6\u00d5\u00b7\u00d5\u00a5\u00d5\u00ac\u00d5\u00b8\u00d5\u00be External Relations Department \u00d6\u0089)"
    },
    {
      "uri": "your_activity_across_facebook/posts/media/your_posts/179091190_1656386754555321_1580799875805202795_n_1656386747888655.jpg",
      "creation_timestamp": 1619524087,
      "media_metadata": {
        "photo_metadata": {
          "exif_data": [
            {
              "upload_ip": "37.252.94.55",
              "taken_timestamp": 1619524090,
              "orientation": 1
            }
          ]
        }
      },
      "description": "\u00c2\u00ab\u00d4\u00b5\u00d6\u0080\u00d5\u00ab\u00d5\u00bf\u00d5\u00a1\u00d5\u00bd\u00d5\u00a1\u00d6\u0080\u00d5\u00a4\u00d5\u00b6\u00d5\u00a5\u00d6\u0080\u00d5\u00ab \u00d5\u0080\u00d5\u00b6\u00d5\u00a1\u00d6\u0080\u00d5\u00a1\u00d5\u00be\u00d5\u00b8\u00d6\u0080\u00d5\u00b8\u00d6\u0082\u00d5\u00a9\u00d5\u00b5\u00d5\u00b8\u00d6\u0082\u00d5\u00b6\u00d5\u00b6\u00d5\u00a5\u00d6\u0080\u00d5\u00ab \u00d4\u00b1\u00d5\u00af\u00d5\u00b8\u00d6\u0082\u00d5\u00b4\u00d5\u00a2\u00c2\u00bb \u00d5\u0080\u00d4\u00bf-\u00d5\u00b6 \u00d5\u00b0\u00d6\u0080\u00d5\u00a1\u00d5\u00be\u00d5\u00ab\u00d6\u0080\u00d5\u00b8\u00d6\u0082\u00d5\u00b4 \u00d5\u00a7 \u00d5\u00af\u00d5\u00a1\u00d5\u00b4\u00d5\u00a1\u00d5\u00be\u00d5\u00b8\u00d6\u0080\u00d5\u00a1\u00d5\u00af\u00d5\u00a1\u00d5\u00b6 \u00d5\u00a1\u00d5\u00b7\u00d5\u00ad\u00d5\u00a1\u00d5\u00bf\u00d5\u00a1\u00d5\u00b6\u00d6\u0084\u00d5\u00b8\u00d5\u00be \u00d5\u00b0\u00d5\u00a5\u00d5\u00bf\u00d5\u00a1\u00d6\u0084\u00d6\u0080\u00d6\u0084\u00d6\u0080\u00d5\u00be\u00d5\u00a1\u00d5\u00ae \u00d5\u00a5\u00d6\u0080\u00d5\u00ab\u00d5\u00bf\u00d5\u00a1\u00d5\u00bd\u00d5\u00a1\u00d6\u0080\u00d5\u00a4\u00d5\u00b6\u00d5\u00a5\u00d6\u0080\u00d5\u00ab\u00d5\u00b6 \u00d5\u00ab\u00d6\u0080 \u00d5\u00a9\u00d5\u00ab\u00d5\u00b4\u00d6\u0089\n\n\u00e2\u009e\u00a1\u00ef\u00b8\u008f\u00d5\u0084\u00d5\u00a5\u00d6\u0080 \u00d5\u00af\u00d5\u00b8\u00d5\u00b2\u00d5\u00b4\u00d5\u00ab\u00d6\u0081 \u00d5\u00a8\u00d5\u00b6\u00d5\u00b1\u00d5\u00a5\u00d5\u00bc\u00d5\u00be\u00d5\u00b8\u00d5\u00b2 \u00d5\u00b0\u00d5\u00b6\u00d5\u00a1\u00d6\u0080\u00d5\u00a1\u00d5\u00be\u00d5\u00b8\u00d6\u0080\u00d5\u00b8\u00d6\u0082\u00d5\u00a9\u00d5\u00b5\u00d5\u00b8\u00d6\u0082\u00d5\u00b6\u00d5\u00b6\u00d5\u00a5\u00d6\u0080.\n1. \u00d5\u0084\u00d5\u00a1\u00d5\u00bd\u00d5\u00b6\u00d5\u00a1\u00d5\u00af\u00d6\u0081\u00d5\u00a5\u00d5\u00ac Erasmus+ \u00d5\u00b4\u00d5\u00ab\u00d5\u00bb\u00d5\u00a1\u00d5\u00a6\u00d5\u00a3\u00d5\u00a1\u00d5\u00b5\u00d5\u00ab\u00d5\u00b6 \u00d6\u0083\u00d5\u00b8\u00d5\u00ad\u00d5\u00a1\u00d5\u00b6\u00d5\u00a1\u00d5\u00af\u00d5\u00b4\u00d5\u00a1\u00d5\u00b6 \u00d5\u00ae\u00d6\u0080\u00d5\u00a1\u00d5\u00a3\u00d6\u0080\u00d5\u00a5\u00d6\u0080\u00d5\u00ab\n2. \u00d4\u00b3\u00d5\u00b8\u00d6\u0080\u00d5\u00ae\u00d5\u00b6\u00d5\u00a1\u00d5\u00af\u00d5\u00a1\u00d5\u00b6\u00d5\u00b8\u00d6\u0082\u00d5\u00b4 \u00d5\u00af\u00d5\u00ab\u00d6\u0080\u00d5\u00a1\u00d5\u00bc\u00d5\u00a5\u00d5\u00ac \u00d5\u00a1\u00d5\u00b6\u00d5\u00a3\u00d5\u00ac\u00d5\u00a5\u00d6\u0080\u00d5\u00a5\u00d5\u00b6\u00d5\u00ab \u00d6\u0087 \u00d5\u00a1\u00d5\u00b5\u00d5\u00ac \u00d6\u0085\u00d5\u00bf\u00d5\u00a1\u00d6\u0080 \u00d5\u00ac\u00d5\u00a5\u00d5\u00a6\u00d5\u00b8\u00d6\u0082\u00d5\u00b6\u00d5\u00a5\u00d6\u0080\u00d5\u00ab \u00d5\u00a3\u00d5\u00ab\u00d5\u00bf\u00d5\u00a5\u00d5\u00ac\u00d5\u00ab\u00d6\u0084\u00d5\u00b6\u00d5\u00a5\u00d6\u0080\u00d5\u00a4\n3. \u00d5\u0081\u00d5\u00a5\u00d5\u00bc\u00d6\u0084 \u00d5\u00a2\u00d5\u00a5\u00d6\u0080\u00d5\u00a5\u00d5\u00ac \u00d5\u00a2\u00d5\u00a1\u00d5\u00a6\u00d5\u00b8\u00d6\u0082\u00d5\u00b4 \u00d5\u00b0\u00d5\u00b4\u00d5\u00bf\u00d5\u00b8\u00d6\u0082\u00d5\u00a9\u00d5\u00b5\u00d5\u00b8\u00d6\u0082\u00d5\u00b6\u00d5\u00b6\u00d5\u00a5\u00d6\u0080 \u00d5\u00b8\u00d6\u0082 \u00d5\u00af\u00d5\u00a1\u00d5\u00ba\u00d5\u00a5\u00d6\u0080\n4. \u00d5\u008d\u00d5\u00bf\u00d5\u00a1\u00d5\u00b6\u00d5\u00a1\u00d5\u00ac \u00d5\u00b0\u00d5\u00a1\u00d5\u00be\u00d5\u00a1\u00d5\u00bd\u00d5\u00bf\u00d5\u00a1\u00d5\u00a3\u00d6\u0080\u00d5\u00a5\u00d6\u0080\n5. \u00d4\u00b3\u00d6\u0080\u00d5\u00a5\u00d5\u00ac \u00d5\u00a4\u00d6\u0080\u00d5\u00a1\u00d5\u00b4\u00d5\u00a1\u00d5\u00b7\u00d5\u00b6\u00d5\u00b8\u00d6\u0080\u00d5\u00b0\u00d5\u00a1\u00d5\u00b5\u00d5\u00ab\u00d5\u00b6 \u00d5\u00ae\u00d6\u0080\u00d5\u00a1\u00d5\u00a3\u00d6\u0080\u00d5\u00a5\u00d6\u0080\n\n\u00e2\u009e\u00a1\u00ef\u00b8\u008f\u00d5\u0080\u00d5\u00ab\u00d5\u00b4\u00d5\u00b6\u00d5\u00a1\u00d5\u00af\u00d5\u00a1\u00d5\u00b6 \u00d5\u00a1\u00d5\u00b7\u00d5\u00ad\u00d5\u00a1\u00d5\u00bf\u00d5\u00a1\u00d5\u00b6\u00d6\u0084\u00d5\u00ab \u00d5\u00a2\u00d5\u00b6\u00d5\u00b8\u00d6\u0082\u00d5\u00a9\u00d5\u00a1\u00d5\u00a3\u00d5\u00ab\u00d6\u0080.\n\u00d4\u00bf\u00d5\u00a1\u00d5\u00ba\u00d5\u00a5\u00d6\u0080 \u00d5\u00b0\u00d5\u00a1\u00d5\u00bd\u00d5\u00bf\u00d5\u00a1\u00d5\u00bf\u00d5\u00a5\u00d5\u00ac \u00d5\u00a1\u00d6\u0080\u00d5\u00bf\u00d5\u00a1\u00d5\u00bd\u00d5\u00a1\u00d5\u00b0\u00d5\u00b4\u00d5\u00a1\u00d5\u00b6\u00d5\u00b5\u00d5\u00a1\u00d5\u00b6 \u00d5\u00a3\u00d5\u00b8\u00d6\u0080\u00d5\u00ae\u00d5\u00a8\u00d5\u00b6\u00d5\u00af\u00d5\u00a5\u00d6\u0080\u00d5\u00b6\u00d5\u00a5\u00d6\u0080\u00d5\u00ab \u00d5\u00b0\u00d5\u00a5\u00d5\u00bf\n\n\u00e2\u009e\u00a1\u00ef\u00b8\u008f\u00d4\u00b9\u00d5\u00ab\u00d5\u00b4\u00d5\u00ab\u00d5\u00b6 \u00d5\u00b4\u00d5\u00ab\u00d5\u00a1\u00d5\u00b6\u00d5\u00a1\u00d5\u00ac\u00d5\u00b8\u00d6\u0082 \u00d5\u00b0\u00d5\u00a1\u00d5\u00b4\u00d5\u00a1\u00d6\u0080 \u00d5\u00a1\u00d5\u00b6\u00d5\u00b0\u00d6\u0080\u00d5\u00a1\u00d5\u00aa\u00d5\u00a5\u00d5\u00b7\u00d5\u00bf \u00d5\u00a7.\n\u00d5\u00a1. \u00d4\u00b1\u00d5\u00b6\u00d5\u00a3\u00d5\u00ac\u00d5\u00a5\u00d6\u0080\u00d5\u00a5\u00d5\u00b6 \u00d5\u00ac\u00d5\u00a5\u00d5\u00a6\u00d5\u00be\u00d5\u00ab \u00d5\u00ab\u00d5\u00b4\u00d5\u00a1\u00d6\u0081\u00d5\u00b8\u00d6\u0082\u00d5\u00a9\u00d5\u00b5\u00d5\u00a1\u00d5\u00b6 \u00d5\u00a1\u00d5\u00bc\u00d5\u00b6\u00d5\u00be\u00d5\u00a1\u00d5\u00a6\u00d5\u00b6 B1 \u00d5\u00b4\u00d5\u00a1\u00d5\u00af\u00d5\u00a1\u00d6\u0080\u00d5\u00a4\u00d5\u00a1\u00d5\u00af\n\u00d5\u00a2. \u00d5\u008e\u00d5\u00a5\u00d6\u0080\u00d5\u00bb\u00d5\u00b6\u00d5\u00a1\u00d5\u00aa\u00d5\u00a1\u00d5\u00b4\u00d5\u00af\u00d5\u00a5\u00d5\u00bf\u00d5\u00b6\u00d5\u00a5\u00d6\u0080\u00d5\u00b8\u00d5\u00be (deadline) \u00d5\u00a1\u00d5\u00b7\u00d5\u00ad\u00d5\u00a1\u00d5\u00bf\u00d5\u00a5\u00d5\u00ac\u00d5\u00b8\u00d6\u0082 \u00d5\u00b0\u00d5\u00b6\u00d5\u00a1\u00d6\u0080\u00d5\u00a1\u00d5\u00be\u00d5\u00b8\u00d6\u0080\u00d5\u00b8\u00d6\u0082\u00d5\u00a9\u00d5\u00b5\u00d5\u00b8\u00d6\u0082\u00d5\u00b6\n\n\u00f0\u009f\u0093\u00a9\u00d4\u00b4\u00d5\u00ab\u00d5\u00b4\u00d5\u00a5\u00d5\u00ac\u00d5\u00b8\u00d6\u0082 \u00d5\u00b0\u00d5\u00a1\u00d5\u00b4\u00d5\u00a1\u00d6\u0080 \u00d5\u00af\u00d5\u00a1\u00d6\u0080\u00d5\u00b8\u00d5\u00b2 \u00d5\u00a5\u00d6\u0084 \u00d5\u00b8\u00d6\u0082\u00d5\u00b2\u00d5\u00a1\u00d6\u0080\u00d5\u00af\u00d5\u00a5\u00d5\u00ac \u00d5\u0081\u00d5\u00a5\u00d6\u0080  \u00d5\u00ab\u00d5\u00b6\u00d6\u0084\u00d5\u00b6\u00d5\u00a1\u00d5\u00af\u00d5\u00a5\u00d5\u00b6\u00d5\u00bd\u00d5\u00a1\u00d5\u00a3\u00d6\u0080\u00d5\u00a1\u00d5\u00af\u00d5\u00a1\u00d5\u00b6\u00d5\u00a8 hr.yoclub@gmail.com \u00d5\u00a7\u00d5\u00ac.\u00d5\u00b0\u00d5\u00a1\u00d5\u00bd\u00d6\u0081\u00d5\u00a5\u00d5\u00ab\u00d5\u00b6` subject \u00d5\u00a2\u00d5\u00a1\u00d5\u00aa\u00d5\u00b6\u00d5\u00b8\u00d6\u0082\u00d5\u00b4 \u00d5\u00b6\u00d5\u00b7\u00d5\u00a5\u00d5\u00ac\u00d5\u00b8\u00d5\u00be External Relations Department \u00d6\u0089)"
    },
    {
      "uri": "your_activity_across_facebook/posts/media/your_posts/181087043_1660692100791453_8165128009816774940_n_1660692097458120.jpg",
      "creation_timestamp": 1620059387,
      "media_metadata": {
        "photo_metadata": {
          "exif_data": [
            {
              "upload_ip": "37.252.94.205",
              "taken_timestamp": 1620059389,
              "orientation": 1
            }
          ]
        }
      }
    },
    {
      "uri": "your_activity_across_facebook/posts/media/your_posts/260815529_1807323779461617_3846378559575447699_n_1807323796128282.jpg",
      "creation_timestamp": 1637746147,
      "media_metadata": {
        "photo_metadata": {
          "exif_data": [
            {
              "iso": 219,
              "focal_length": "4740/1000",
              "upload_ip": "5.77.254.89",
              "taken_timestamp": 1637744649,
              "modified_timestamp": 1637744649,
              "camera_make": "Xiaomi",
              "camera_model": "M2101K7BG",
              "exposure": "299980/10000000",
              "f_stop": "1790/1000",
              "orientation": 1,
              "original_width": 3472,
              "original_height": 4624
            }
          ]
        }
      },
      "description": "Simona Mkhitaryan.\nFound in cafeteria, take it from MB security."
    },
    {
      "uri": "your_activity_across_facebook/posts/media/your_posts/271247020_1836375176556477_4409511738688944589_n_1836375183223143.jpg",
      "creation_timestamp": 1641383309,
      "media_metadata": {
        "photo_metadata": {
          "exif_data": [
            {
              "upload_ip": "37.252.80.88",
              "taken_timestamp": 1641383312
            }
          ]
        }
      }
    },
    {
      "uri": "your_activity_across_facebook/posts/media/your_posts/271301837_1836375596556435_8932022156685536235_n_1836375603223101.jpg",
      "creation_timestamp": 1641383375,
      "media_metadata": {
        "photo_metadata": {
          "exif_data": [
            {
              "upload_ip": "37.252.80.88",
              "taken_timestamp": 1641383378
            }
          ]
        }
      }
    },
    {
      "uri": "your_activity_across_facebook/posts/media/your_posts/271353336_1836375619889766_8257408399589378085_n_1836375633223098.jpg",
      "creation_timestamp": 1641383376,
      "media_metadata": {
        "photo_metadata": {
          "exif_data": [
            {
              "upload_ip": "37.252.80.88",
              "taken_timestamp": 1641383379
            }
          ]
        }
      }
    },
    {
      "uri": "your_activity_across_facebook/posts/media/your_posts/271467310_1836375636556431_6799822347655923814_n_1836375663223095.jpg",
      "creation_timestamp": 1641383376,
      "media_metadata": {
        "photo_metadata": {
          "exif_data": [
            {
              "upload_ip": "37.252.80.88",
              "taken_timestamp": 1641383380
            }
          ]
        }
      }
    },
    {
      "uri": "your_activity_across_facebook/posts/media/your_posts/271286537_1836375656556429_8806165907378732293_n_1836375676556427.jpg",
      "creation_timestamp": 1641383377,
      "media_metadata": {
        "photo_metadata": {
          "exif_data": [
            {
              "upload_ip": "37.252.80.88",
              "taken_timestamp": 1641383380
            }
          ]
        }
      }
    },
    {
      "uri": "your_activity_across_facebook/posts/media/your_posts/271389443_1836375679889760_1052602845446489242_n_1836375709889757.jpg",
      "creation_timestamp": 1641383378,
      "media_metadata": {
        "photo_metadata": {
          "exif_data": [
            {
              "upload_ip": "37.252.80.88",
              "taken_timestamp": 1641383381
            }
          ]
        }
      }
    },
    {
      "uri": "your_activity_across_facebook/posts/media/your_posts/271393265_1836375699889758_518207684725760196_n_1836375716556423.jpg",
      "creation_timestamp": 1641383378,
      "media_metadata": {
        "photo_metadata": {
          "exif_data": [
            {
              "upload_ip": "37.252.80.88",
              "taken_timestamp": 1641383381
            }
          ]
        }
      }
    },
    {
      "uri": "your_activity_across_facebook/posts/media/your_posts/271293104_1836375736556421_1774447271677711314_n_1836375743223087.jpg",
      "creation_timestamp": 1641383379,
      "media_metadata": {
        "photo_metadata": {
          "exif_data": [
            {
              "upload_ip": "37.252.80.88",
              "taken_timestamp": 1641383383
            }
          ]
        }
      }
    },
    {
      "uri": "your_activity_across_facebook/posts/media/your_posts/271300536_1836376149889713_1844030191175351332_n_1836376153223046.jpg",
      "creation_timestamp": 1641383442,
      "media_metadata": {
        "photo_metadata": {
          "exif_data": [
            {
              "upload_ip": "37.252.80.88",
              "taken_timestamp": 1641383445
            }
          ]
        }
      }
    },
    {
      "uri": "your_activity_across_facebook/posts/media/your_posts/376234719_2275542512639739_4550111220078983521_n_2275542529306404.jpg",
      "creation_timestamp": 1644087961
    },
    {
      "uri": "your_activity_across_facebook/posts/media/your_posts/275638548_1883838815143446_2267880908168499584_n_1883838571810137.jpg",
      "creation_timestamp": 1647347288,
      "media_metadata": {
        "photo_metadata": {
          "exif_data": [
            {
              "iso": 373,
              "focal_length": "4740/1000",
              "upload_ip": "37.252.93.247",
              "taken_timestamp": 1647325617,
              "modified_timestamp": 1647325617,
              "camera_make": "Xiaomi",
              "camera_model": "M2101K7BG",
              "exposure": "299980/10000000",
              "f_stop": "1790/1000",
              "orientation": 1
            }
          ]
        }
      },
      "description": "Found in 208M, take it from MB security"
    },
    {
      "uri": "your_activity_across_facebook/posts/media/your_posts/317730191_2083250008535658_6916905994366345708_n_2083249945202331.jpg",
      "creation_timestamp": 1669901646,
      "media_metadata": {
        "photo_metadata": {
          "exif_data": [
            {
              "upload_ip": "87.241.184.224",
              "taken_timestamp": 1669901648,
              "orientation": 1
            }
          ]
        }
      }
    },
    {
      "uri": "your_activity_across_facebook/posts/media/your_posts/332910954_437014851936467_2530891368533294516_n_2152751164918875.jpg",
      "creation_timestamp": 1677525013,
      "media_metadata": {
        "photo_metadata": {
          "exif_data": [
            {
              "upload_ip": "37.252.80.166",
              "taken_timestamp": 1677525015,
              "orientation": 1,
              "original_width": 1011,
              "original_height": 1330
            }
          ]
        }
      },
      "description": "I lost my necklace on the 4th floor (PAB). Please, let me know if you've found it."
    },
    {
      "uri": "your_activity_across_facebook/posts/media/your_posts/409622678_2330612543799402_7530658864513881281_n_2330612477132742.jpg",
      "creation_timestamp": 1702292563,
      "media_metadata": {
        "photo_metadata": {
          "exif_data": [
            {
              "iso": 660,
              "focal_length": "4740/1000",
              "upload_ip": "87.241.150.57",
              "taken_timestamp": 1702220715,
              "modified_timestamp": 1702220715,
              "camera_make": "Xiaomi",
              "camera_model": "M2101K7BG",
              "exposure": "500020/10000000",
              "f_stop": "1790/1000",
              "orientation": 1,
              "original_width": 3472,
              "original_height": 4624
            }
          ]
        }
      },
      "description": "MB security"
    }
  ]
}