[
  {
    "timestamp": 1666529944,
    "attachments": [
      {
        "data": [
          {
            "media": {
              "uri": "your_activity_across_facebook/posts/media/Timelinephotos_4zVU_M7kRw/311457788_2051894778337848_4442508832114893510_n_2051894705004522.jpg",
              "creation_timestamp": 1666529942,
              "media_metadata": {
                "photo_metadata": {
                  "exif_data": [
                    {
                      "focal_length": "0/1",
                      "upload_ip": "37.252.95.189",
                      "taken_timestamp": 1666351523,
                      "modified_timestamp": 1666351523,
                      "camera_make": "--",
                      "camera_model": "--",
                      "exposure": "10000/10000",
                      "f_stop": "0/10000",
                      "orientation": 1,
                      "original_width": 2982,
                      "original_height": 4022
                    }
                  ]
                }
              },
              "title": "Timeline photos"
            }
          }
        ]
      }
    ],
    "data": [
      {
        
      }
    ]
  },
  {
    "timestamp": 1629990683,
    "attachments": [
      {
        "data": [
          {
            "media": {
              "uri": "your_activity_across_facebook/posts/media/Mobileuploads_Ke6xQWgUjg/240759721_1742758212584841_645639801815596795_n_1742758209251508.jpg",
              "creation_timestamp": 1629990681,
              "media_metadata": {
                "photo_metadata": {
                  "exif_data": [
                    {
                      "upload_ip": "37.252.95.40",
                      "taken_timestamp": 1629830742,
                      "modified_timestamp": 1629830742,
                      "orientation": 1,
                      "original_width": 1200,
                      "original_height": 1600
                    }
                  ]
                }
              },
              "title": "Mobile uploads",
              "description": "Long story short"
            }
          }
        ]
      }
    ],
    "data": [
      {
        "post": "Long story short"
      },
      {
        
      }
    ]
  },
  {
    "timestamp": 1627118258,
    "attachments": [
      {
        "data": [
          {
            "life_event": {
              "title": "Started School at American University of Armenia",
              "start_date": {
                "year": 2021,
                "month": 7,
                "day": 24
              },
              "place": {
                "name": "Yerevan, Armenia",
                "coordinate": {
                  "latitude": 40.1811,
                  "longitude": 44.5136
                },
                "address": "Yerevan, Armenia"
              },
              "photos": [
                
              ]
            }
          }
        ]
      }
    ],
    "data": [
      {
        "backdated_timestamp": 1627118220
      },
      {
        
      }
    ],
    "title": "Nane Mambreyan added a life event from 2021: Started School at American University of Armenia."
  },
  {
    "timestamp": 1615843240,
    "attachments": [
      {
        "data": [
          {
            "external_context": {
              "url": ""
            }
          }
        ]
      }
    ],
    "data": [
      {
        "post": "...\u00d5\u00b8\u00d6\u0080\u00d5\u00b8\u00d5\u00b6\u00d6\u0081 \u00d5\u00a9\u00d5\u00bc\u00d5\u00ab\u00d5\u00b9\u00d6\u0084\u00d5\u00b6 \u00d5\u00a8\u00d5\u00b6\u00d5\u00a4\u00d5\u00b0\u00d5\u00a1\u00d5\u00bf\u00d5\u00a5\u00d6\u0081 \u00d5\u00ba\u00d5\u00a1\u00d5\u00bf\u00d5\u00a5\u00d6\u0080\u00d5\u00a1\u00d5\u00a6\u00d5\u00b4\u00d5\u00a8"
      },
      {
        "update_timestamp": 1615843240
      },
      {
        
      },
      {
        
      },
      {
        
      }
    ],
    "title": "Nane Mambreyan shared a post."
  },
  {
    "timestamp": 1604477757,
    "data": [
      {
        "post": "\u00d5\u0080\u00d5\u00a5\u00d6\u0080\u00d5\u00b8\u00d5\u00bd\u00d5\u00ab\u00d5\u00b6 \u00d5\u00b3\u00d5\u00a1\u00d5\u00b6\u00d5\u00a1\u00d5\u00b9\u00d5\u00a5\u00d5\u00b6\u00d6\u0084"
      },
      {
        
      }
    ]
  },
  {
    "timestamp": 1600548370,
    "attachments": [
      {
        "data": [
          {
            "media": {
              "uri": "your_activity_across_facebook/posts/media/Mobileuploads_Ke6xQWgUjg/119950680_1487151431478855_7530683516215259491_n_1487151428145522.jpg",
              "creation_timestamp": 1600548368,
              "media_metadata": {
                "photo_metadata": {
                  "exif_data": [
                    {
                      "upload_ip": "37.252.94.184",
                      "taken_timestamp": 1600548370,
                      "orientation": 1
                    }
                  ]
                }
              },
              "title": "Mobile uploads"
            }
          }
        ]
      }
    ],
    "data": [
      {
        
      }
    ]
  },
  {
    "timestamp": 1534787018,
    "attachments": [
      {
        "data": [
          {
            "external_context": {
              "url": ""
            }
          }
        ]
      }
    ],
    "data": [
      {
        "post": "qich mnac\u00e2\u0098\u00b9\u00ef\u00b8\u008f\u00f0\u009f\u0098\u0082"
      },
      {
        "update_timestamp": 1534787018
      },
      {
        
      },
      {
        
      },
      {
        
      }
    ],
    "title": "Nane Mambreyan shared a post."
  },
  {
    "timestamp": 1483641318,
    "attachments": [
      {
        "data": [
          {
            "name": "SUNRISE Arabian Beach Resort -Grand Select-"
          }
        ]
      }
    ],
    "data": [
      {
        "post": "Its great and animation team is the best"
      },
      {
        
      }
    ],
    "title": "Nane Mambreyan  recommends SUNRISE Arabian Beach Resort -Grand Select-."
  },
  {
    "timestamp": 1516031001,
    "tags": [
      {
        "name": "Meline Tadevosyan"
      },
      {
        "name": "Shahane Mambreyan"
      },
      {
        "name": "Vahe Mambreyan"
      },
      {
        "name": "Tigran Aghbalyan"
      },
      {
        "name": "Narek Aghbalyan"
      },
      {
        "name": "Vardan Aghbalyan"
      },
      {
        "name": "Gayane Aghbalyan"
      },
      {
        "name": "Anna Aghbalyan"
      }
    ],
    "data": [
      {
        "post": "Hishoxutyunner.. inch laveeer"
      },
      {
        
      }
    ]
  },
  {
    "timestamp": 1514582958,
    "attachments": [
      {
        "data": [
          {
            "external_context": {
              "url": ""
            }
          }
        ]
      }
    ],
    "data": [
      {
        "update_timestamp": 1514582958
      },
      {
        
      },
      {
        
      },
      {
        
      }
    ],
    "title": "Nane Mambreyan shared a post."
  },
  {
    "timestamp": 1506612219,
    "attachments": [
      {
        "data": [
          {
            "media": {
              "uri": "your_activity_across_facebook/posts/media/Mobileuploads_Ke6xQWgUjg/22041949_742478522612820_7191196038161859112_o_742478522612820.jpg",
              "creation_timestamp": 1506612151,
              "media_metadata": {
                "photo_metadata": {
                  "exif_data": [
                    {
                      "upload_ip": "37.186.123.130",
                      "taken_timestamp": 1506612219
                    }
                  ]
                }
              },
              "title": "Mobile uploads",
              "description": "Arp erazanq pahi\u00f0\u009f\u0098\u0082\u00f0\u009f\u0098\u009d"
            }
          }
        ]
      }
    ],
    "tags": [
      {
        "name": "Arpy Simonian"
      }
    ],
    "data": [
      {
        "post": "Arp erazanq pahi\u00f0\u009f\u0098\u0082\u00f0\u009f\u0098\u009d"
      },
      {
        
      }
    ]
  },
  {
    "timestamp": 1503348608,
    "attachments": [
      {
        "data": [
          {
            "media": {
              "uri": "your_activity_across_facebook/posts/media/Mobileuploads_Ke6xQWgUjg/20988325_727566730770666_7165822750436364419_o_727566730770666.jpg",
              "creation_timestamp": 1503348509,
              "media_metadata": {
                "photo_metadata": {
                  "exif_data": [
                    {
                      "upload_ip": "37.186.123.130",
                      "taken_timestamp": 1487416127
                    }
                  ]
                }
              },
              "title": "Mobile uploads",
              "description": "Erexeeeq hl@ teseq inchem gteel\u00f0\u009f\u0098\u0082\u00f0\u009f\u0098\u0082"
            }
          }
        ]
      }
    ],
    "tags": [
      {
        "name": "Elena K-yan"
      },
      {
        "name": "\u00d5\u0084\u00d5\u00a1\u00d5\u00bf\u00d5\u00ab\u00d5\u00b6\u00d5\u00b5\u00d5\u00a1\u00d5\u00b6 \u00d4\u00bc\u00d5\u00ab\u00d5\u00ac\u00d5\u00ab\u00d5\u00a9"
      },
      {
        "name": "Arpy Simonian"
      }
    ],
    "data": [
      {
        "post": "Erexeeeq hl@ teseq inchem gteel\u00f0\u009f\u0098\u0082\u00f0\u009f\u0098\u0082"
      },
      {
        
      }
    ]
  },
  {
    "timestamp": 1489911667,
    "data": [
      {
        
      }
    ]
  },
  {
    "timestamp": 1489515376,
    "data": [
      {
        
      }
    ]
  },
  {
    "timestamp": 1463505660,
    "data": [
      {
        "post": "Elena Kosakyan"
      },
      {
        
      }
    ]
  },
  {
    "timestamp": 1453219169,
    "data": [
      {
        
      }
    ]
  },
  {
    "timestamp": 1450880810,
    "data": [
      {
        "post": "\u00f0\u009f\u0098\u009d\u00f0\u009f\u0098\u009d\u00f0\u009f\u0098\u009d\u00f0\u009f\u0098\u009d"
      },
      {
        
      }
    ]
  },
  {
    "timestamp": 1446151211,
    "data": [
      {
        
      }
    ]
  },
  {
    "timestamp": 1659961833,
    "attachments": [
      {
        "data": [
          {
            "media": {
              "uri": "your_activity_across_facebook/posts/media/videos/241092458_289925209604650_5449836405415250249_n_1230030054128019.mp4",
              "creation_timestamp": 1630829481,
              "media_metadata": {
                "video_metadata": {
                  "exif_data": [
                    {
                      "upload_ip": "37.252.83.117",
                      "upload_timestamp": 0
                    }
                  ]
                }
              },
              "title": "",
              "description": ""
            }
          }
        ]
      }
    ],
    "data": [
      
    ],
    "title": "Nane Mambreyan added an item to the featured collection: ."
  },
  {
    "timestamp": 1486384173,
    "data": [
      {
        "post": "Meeer shnorhavor ashxarhi amenasirun morquri cnund@\u00f0\u009f\u008e\u0081\u00f0\u009f\u008e\u0088\u00f0\u009f\u0098\u0098\u00f0\u009f\u0098\u0098"
      },
      {
        
      }
    ],
    "title": "Nane Mambreyan wrote on Mary Arustamyan's profile."
  },
  {
    "timestamp": 1555699930,
    "attachments": [
      {
        "data": [
          {
            "media": {
              "uri": "your_activity_across_facebook/posts/media/your_posts/57180149_1073598422834160_5708961385581379584_n_1073598419500827.jpg",
              "creation_timestamp": 1555699928,
              "media_metadata": {
                "photo_metadata": {
                  "exif_data": [
                    {
                      "upload_ip": "195.250.80.226",
                      "taken_timestamp": 1555699930
                    }
                  ]
                }
              },
              "description": "\u00d0\u00a1 \u00d0\u00b4\u00d0\u00bd\u00d0\u00b5\u00d0\u00bc \u00d1\u0080\u00d0\u00be\u00d0\u00b6\u00d0\u00b4\u00d0\u00b5\u00d0\u00bd\u00d0\u00b8\u00d1\u008f \u00d0\u0094\u00d0\u00b8\u00d0\u00b0\u00d0\u00bd \u00d0\u00b4\u00d0\u00b6\u00d0\u00b0\u00d0\u00bd\u00e2\u009d\u00a4\u00ef\u00b8\u008f\u00f0\u009f\u008e\u0089\u00f0\u009f\u008e\u0082"
            }
          }
        ]
      }
    ],
    "data": [
      {
        "post": "\u00d0\u00a1 \u00d0\u00b4\u00d0\u00bd\u00d0\u00b5\u00d0\u00bc \u00d1\u0080\u00d0\u00be\u00d0\u00b6\u00d0\u00b4\u00d0\u00b5\u00d0\u00bd\u00d0\u00b8\u00d1\u008f \u00d0\u0094\u00d0\u00b8\u00d0\u00b0\u00d0\u00bd \u00d0\u00b4\u00d0\u00b6\u00d0\u00b0\u00d0\u00bd\u00e2\u009d\u00a4\u00ef\u00b8\u008f\u00f0\u009f\u008e\u0089\u00f0\u009f\u008e\u0082"
      },
      {
        
      }
    ],
    "title": "Nane Mambreyan added a new photo to \u00d0\u0094\u00d0\u00b8\u00d0\u00b0\u00d0\u00bd\u00d0\u00b0 \u00d0\u0090\u00d0\u00b2\u00d0\u00b0\u00d0\u00ba\u00d1\u008f\u00d0\u00bd's timeline."
  }
]