{
  "media": [
    
  ],
  "label_values": [
    {
      "label": "Is opted out from seeing ads off Meta",
      "value": "False"
    },
    {
      "label": "Is the Digital Advertising Alliance opt-out cookie present in any browser",
      "value": "True"
    },
    {
      "label": "Is opted out of using data about interactions between the user and third party sites",
      "value": "False"
    },
    {
      "label": "Added Interests",
      "vec": [
        
      ]
    },
    {
      "label": "Removed Interests",
      "vec": [
        
      ]
    },
    {
      "label": "Is opted out of using relationship status to target ads",
      "value": "False"
    },
    {
      "label": "Is opted out of using religious views to target ads",
      "value": "True"
    },
    {
      "label": "Is opted out of using interests to target ads",
      "value": "True"
    },
    {
      "label": "Is opted out of using education information (school, college year, field of study, etc.) to target ads",
      "value": "False"
    },
    {
      "label": "Is opted out of using their employer to target ads",
      "value": "False"
    },
    {
      "label": "Is opted out of using their job title to target ads",
      "value": "False"
    },
    {
      "label": "Is opted out of using life events to target ads",
      "value": "False"
    },
    {
      "label": "Is opted out of using political views to target ads",
      "value": "True"
    },
    {
      "label": "Sensitive Topics Opted Out Of",
      "dict": [
        
      ]
    },
    {
      "label": "Reported Interests",
      "vec": [
        
      ]
    },
    {
      "label": "Datafile custom audience opt-out",
      "vec": [
        
      ]
    },
    {
      "label": "Datafile custom audience inclusion opt-out",
      "vec": [
        
      ]
    },
    {
      "label": "Datafile custom audience exclusion opt-out",
      "vec": [
        
      ]
    },
    {
      "label": "Is opted out of using location affinity data to target ads",
      "value": "False"
    },
    {
      "label": "Is opted out of third party data at the user level",
      "value": "False"
    },
    {
      "label": "Third party opted in topics",
      "vec": [
        
      ]
    },
    {
      "label": "User ad topics preferences",
      "dict": [
        
      ]
    },
    {
      "label": "User ad interests preferences",
      "dict": [
        
      ]
    },
    {
      "label": "Sensitive Topics Opted In To",
      "vec": [
        
      ]
    },
    {
      "label": "Opted-in Ad Interests",
      "vec": [
        
      ]
    }
  ]
}