{
  "history_v2": [
    {
      "title": "https://ameria.me/3HDNSA6",
      "action": "Clicked ad",
      "timestamp": 1706999377
    },
    {
      "title": "Fast Bank",
      "action": "Clicked ad",
      "timestamp": 1706855369
    },
    {
      "title": "Fast Bank",
      "action": "Clicked ad",
      "timestamp": 1706855365
    },
    {
      "title": "https://www.dataart.team/it-camp?utm_source=meta&utm_medium=cpc&utm_campaign=winter_itcamp",
      "action": "Clicked ad",
      "timestamp": 1706808063
    },
    {
      "title": "https://www.dataart.team/it-camp?utm_source=meta&utm_medium=cpc&utm_campaign=winter_itcamp",
      "action": "Clicked ad",
      "timestamp": 1706808024
    },
    {
      "title": "TT soft",
      "action": "Closed ad",
      "timestamp": 1706352011
    },
    {
      "title": "TT soft",
      "action": "Clicked ad",
      "timestamp": 1706351998
    },
    {
      "title": "TT soft",
      "action": "Clicked ad",
      "timestamp": 1706351981
    },
    {
      "title": "Fast Bank",
      "action": "Clicked ad",
      "timestamp": 1706252989
    },
    {
      "title": "Armenian Code Academy",
      "action": "Clicked ad",
      "timestamp": 1706252977
    },
    {
      "title": "\u00d4\u00b6\u00d5\u00a1\u00d5\u00b6\u00d5\u00a3\u00d5\u00a1\u00d5\u00b0\u00d5\u00a1\u00d6\u0080\u00d5\u00a5\u00d5\u00ac \u00f0\u009f\u0093\u00b2 091-54-22-54",
      "action": "Clicked ad",
      "timestamp": 1705045335
    },
    {
      "title": "Avanta Clinics",
      "action": "Clicked ad",
      "timestamp": 1704923748
    },
    {
      "title": "Germ",
      "action": "Clicked ad",
      "timestamp": 1703930379
    },
    {
      "title": "\u00d4\u00b3\u00d5\u00ac\u00d5\u00b8\u00d5\u00a2\u00d5\u00a2\u00d5\u00ab\u00d5\u00b6\u00d5\u00a3\u00d5\u00a8 \u00d5\u00b0\u00d5\u00a1\u00d5\u00b5\u00d5\u00a1\u00d5\u00bd\u00d5\u00bf\u00d5\u00a1\u00d5\u00b6\u00d6\u0081\u00d5\u00ab\u00d5\u00b6\u00d5\u00a5\u00d6\u0080\u00d5\u00ab \u00d5\u00b0\u00d5\u00a1\u00d5\u00b4\u00d5\u00a1\u00d6\u0080 \u00d5\u00b0\u00d5\u00b6\u00d5\u00a1\u00d6\u0080\u00d5\u00a1\u00d5\u00be\u00d5\u00b8\u00d6\u0080 \u00d5\u00a7 \u00d5\u00a4\u00d5\u00a1\u00d6\u0080\u00d5\u00b1\u00d5\u00b6\u00d5\u00b8\u00d6\u0082\u00d5\u00b4 \u00d5\u00a1\u00d5\u00b4\u00d5\u00a5\u00d5\u00b6\u00d5\u00a1\u00d5\u00b0\u00d5\u00a1\u00d5\u00b5\u00d5\u00bf\u00d5\u00b6\u00d5\u00ab \u00d6\u0085\u00d5\u00b6\u00d5\u00ac\u00d5\u00a1\u00d5\u00b5\u00d5\u00b6 \u00d5\u00ad\u00d5\u00a1\u00d5\u00b6\u00d5\u00b8\u00d6\u0082\u00d5\u00a9\u00d5\u00b6\u00d5\u00a5\u00d6\u0080\u00d5\u00ab\u00d6\u0081 \u00d5\u00a1\u00d5\u00bc\u00d6\u0081\u00d5\u00a1\u00d5\u00b6\u00d6\u0081 \u00d5\u00a5\u00d5\u00b2\u00d5\u00a1\u00d5\u00b6\u00d5\u00a1\u00d5\u00af\u00d5\u00b8\u00d5\u00be \u00d5\u00ba\u00d5\u00a1\u00d5\u00bf\u00d5\u00be\u00d5\u00a5\u00d6\u0080\u00d5\u00b6\u00d5\u00a5\u00d6\u0080 \u00d5\u00af\u00d5\u00a1\u00d5\u00bf\u00d5\u00a1\u00d6\u0080\u00d5\u00a5\u00d5\u00ac\u00d5\u00a8 \u00d6\u0087 \u00d5\u00bd\u00d5\u00bf\u00d5\u00a1\u00d5\u00b6\u00d5\u00a1\u00d5\u00ac\u00d5\u00a8 (\u00d5\u00bf\u00d5\u00a5\u00d5\u00bd\u00d5\u00a1\u00d5\u00b6",
      "action": "Clicked ad",
      "timestamp": 1703537366
    },
    {
      "title": "InoDerm Armenia",
      "action": "Clicked ad",
      "timestamp": 1703185687
    },
    {
      "title": "Seaside Startup Summit",
      "action": "Clicked ad",
      "timestamp": 1703157623
    },
    {
      "title": "Work and Travel USA 2024",
      "action": "Clicked ad",
      "timestamp": 1703015865
    },
    {
      "title": "Work and Travel USA 2024",
      "action": "Clicked ad",
      "timestamp": 1703015864
    },
    {
      "title": "AYB Jewelry",
      "action": "Clicked ad",
      "timestamp": 1702828880
    },
    {
      "title": "Ftnft.am",
      "action": "Clicked ad",
      "timestamp": 1702557092
    },
    {
      "title": "Nanul - Pare Pari",
      "action": "Clicked ad",
      "timestamp": 1702509590
    },
    {
      "title": "Telegram: Contact @masterclasswithsonayesayan",
      "action": "Clicked ad",
      "timestamp": 1702462700
    },
    {
      "title": "Big Christmas Market",
      "action": "Clicked ad",
      "timestamp": 1702383786
    },
    {
      "title": "Claireci",
      "action": "Clicked ad",
      "timestamp": 1702366794
    },
    {
      "title": "\u00f0\u009d\u0090\u0082\u00f0\u009d\u0090\u00a1\u00f0\u009d\u0090\u00ab\u00f0\u009d\u0090\u00a2\u00f0\u009d\u0090\u00ac\u00f0\u009d\u0090\u00ad\u00f0\u009d\u0090\u00a6\u00f0\u009d\u0090\u009a\u00f0\u009d\u0090\u00ac \u00f0\u009d\u0090\u0089\u00f0\u009d\u0090\u009a\u00f0\u009d\u0090\u00b3\u00f0\u009d\u0090\u00b3",
      "action": "Clicked ad",
      "timestamp": 1702225975
    },
    {
      "title": "Check zodiac compatibility",
      "action": "Clicked ad",
      "timestamp": 1702192581
    }
  ]
}