[
  {
    "media": [
      
    ],
    "label_values": [
      {
        "label": "Creation times",
        "vec": [
          {
            "timestamp_value": 1696157361
          },
          {
            "timestamp_value": 1696157366
          }
        ]
      },
      {
        "label": "Product featured in the ad"
      },
      {
        "label": "Is the thread privacy restricted?",
        "value": "False"
      },
      {
        "label": "Page name",
        "value": "Zero Academy"
      }
    ]
  },
  {
    "media": [
      
    ],
    "label_values": [
      {
        "label": "Creation times",
        "vec": [
          {
            "timestamp_value": 1655307203
          }
        ]
      },
      {
        "label": "Product featured in the ad"
      },
      {
        "label": "Is the thread privacy restricted?",
        "value": "False"
      },
      {
        "label": "Page name",
        "value": "Stronger & Stronger"
      }
    ]
  },
  {
    "media": [
      
    ],
    "label_values": [
      {
        "label": "Creation times",
        "vec": [
          {
            "timestamp_value": 1653405816
          }
        ]
      },
      {
        "label": "Product featured in the ad"
      },
      {
        "label": "Is the thread privacy restricted?",
        "value": "False"
      },
      {
        "label": "Page name",
        "value": "Arm Events"
      }
    ]
  },
  {
    "media": [
      
    ],
    "label_values": [
      {
        "label": "Creation times",
        "vec": [
          {
            "timestamp_value": 1651947729
          }
        ]
      },
      {
        "label": "Product featured in the ad"
      },
      {
        "label": "Is the thread privacy restricted?",
        "value": "False"
      },
      {
        "label": "Page name",
        "value": "We Are educational center"
      }
    ]
  }
]