[
  {
    "timestamp": 1597557600,
    "media": [
      
    ],
    "label_values": [
      {
        "label": "Available times",
        "vec": [
          
        ]
      },
      {
        "label": "Time format"
      },
      {
        "label": "Page name",
        "value": "\u00d4\u00b2\u00d5\u00a1\u00d5\u00af\u00d5\u00b4\u00d5\u00a1\u00d6\u0080 \u00d4\u00bf\u00d5\u00a5\u00d5\u00b6\u00d6\u0081\u00d5\u00a1\u00d5\u00b2\u00d5\u00ab \u00d5\u008f\u00d5\u00b8\u00d6\u0082\u00d5\u00b6 / Bakmar Kencaxi Tun"
      }
    ]
  },
  {
    "timestamp": 1596006000,
    "media": [
      
    ],
    "label_values": [
      {
        "label": "Available times",
        "vec": [
          
        ]
      },
      {
        "label": "Time format"
      },
      {
        "label": "Page name",
        "value": "Eworld Kids Foundation / \u00d4\u00bb\u00d5\u00be\u00d5\u00b8\u00d6\u0080\u00d5\u00ac\u00d5\u00a4 \u00d5\u00b4\u00d5\u00a1\u00d5\u00b6\u00d5\u00af\u00d5\u00a1\u00d5\u00af\u00d5\u00a1\u00d5\u00b6 \u00d5\u00b0\u00d5\u00ab\u00d5\u00b4\u00d5\u00b6\u00d5\u00a1\u00d5\u00a4\u00d6\u0080\u00d5\u00a1\u00d5\u00b4"
      }
    ]
  },
  {
    "timestamp": 1593424800,
    "media": [
      
    ],
    "label_values": [
      {
        "label": "Available times",
        "vec": [
          
        ]
      },
      {
        "label": "Time format"
      },
      {
        "label": "Page name",
        "value": "\u00c2\u00ab\u00d5\u0080\u00d5\u00b8\u00d5\u00a4\u00d5\u00be\u00d5\u00a1\u00d5\u00ae 3\u00c2\u00bb \u00d5\u00a1\u00d5\u00af\u00d5\u00b8\u00d6\u0082\u00d5\u00b4\u00d5\u00a2 \u00e2\u0080\u00a2 \"Article 3\" Club"
      }
    ]
  },
  {
    "timestamp": 1592739000,
    "media": [
      
    ],
    "label_values": [
      {
        "label": "Available times",
        "vec": [
          
        ]
      },
      {
        "label": "Time format"
      },
      {
        "label": "Page name",
        "value": "\u00d5\u0084\u00d4\u00bb\u00d5\u008f\u00d5\u0094 \u00d5\u0080\u00d4\u00bf/ MITK NGO"
      }
    ]
  }
]