{
  "language_and_locale_v2": [
    {
      "name": "Language Settings",
      "description": "Your preferred language settings",
      "children": [
        {
          "name": "Selected Language",
          "description": "The language you've chosen for your Facebook experience",
          "entries": [
            {
              "data": {
                "value": "en_US"
              }
            }
          ]
        },
        {
          "name": "Locale Changes",
          "description": "The history of changes to your locale setting",
          "entries": [
            {
              "timestamp": 1607443355,
              "data": {
                "name": "en_US"
              }
            },
            {
              "timestamp": 1586650543,
              "data": {
                "name": "ru_RU"
              }
            },
            {
              "timestamp": 1512073791,
              "data": {
                "name": "en_GB"
              }
            },
            {
              "timestamp": 1511983656,
              "data": {
                "name": "hy_AM"
              }
            },
            {
              "timestamp": 1506512391,
              "data": {
                "name": "fr_FR"
              }
            }
          ]
        }
      ]
    },
    {
      "name": "Preferred Language for Videos",
      "description": "The preferred language for videos as determined by videos you've previously viewed",
      "entries": [
        {
          "data": {
            "value": "hy"
          }
        }
      ]
    },
    {
      "name": "Languages You May Know",
      "description": "Languages you may know as determined by your activity on Facebook",
      "entries": [
        {
          "data": {
            "value": "en"
          }
        },
        {
          "data": {
            "value": "hy"
          }
        }
      ]
    },
    {
      "name": "Preferred Language",
      "description": "Your preferred languages as determined by your activity on Facebook",
      "entries": [
        {
          "data": {
            "value": "en_XX"
          }
        }
      ]
    }
  ]
}