{
  "watch_videos_v2": [
    {
      "video_title": "",
      "user_action": "See Less",
      "action_time": "Thu, Nov 2, 2023, 9:30 AM",
      "feedback_collection": ""
    },
    {
      "video_title": "",
      "user_action": "See Less",
      "action_time": "Mon, Oct 3, 2022, 3:17 AM",
      "feedback_collection": ""
    },
    {
      "video_title": "",
      "user_action": "See Less",
      "action_time": "Sun, Sep 11, 2022, 12:35 PM",
      "feedback_collection": ""
    },
    {
      "video_title": "",
      "user_action": "See Less",
      "action_time": "Sat, Jun 18, 2022, 12:32 AM",
      "feedback_collection": ""
    },
    {
      "video_title": "\u00d4\u00bd\u00d5\u00a1\u00d5\u00a2\u00d5\u00a5\u00d5\u00b8\u00d6\u0082\u00d5\u00a9\u00d5\u00b5\u00d5\u00b8\u00d6\u0082\u00d5\u00b6\u00d5\u009d \u00d5\u00b0\u00d5\u00a1\u00d5\u00b4\u00d5\u00a1\u00d6\u0081\u00d5\u00a1\u00d5\u00b6\u00d6\u0081\u00d5\u00b8\u00d6\u0082\u00d5\u00b4. \u00d5\u00a1\u00d5\u00ba\u00d6\u0080\u00d5\u00a1\u00d5\u00b6\u00d6\u0084\u00d5\u00b8\u00d5\u00be \u00d5\u00b0\u00d5\u00a5\u00d5\u00bf\u00d5\u00a1\u00d6\u0084\u00d6\u0080\u00d6\u0084\u00d6\u0080\u00d5\u00be\u00d5\u00b8\u00d6\u0082\u00d5\u00b4 \u00d5\u00a5\u00d5\u00b6, \u00d5\u00bd\u00d5\u00bf\u00d5\u00a1\u00d5\u00b6\u00d5\u00b8\u00d6\u0082\u00d5\u00b4 \u00d6\u0084\u00d5\u00a1\u00d6\u0080\u00d5\u00bf\u00d5\u00ab \u00d5\u00bf\u00d5\u00be\u00d5\u00b5\u00d5\u00a1\u00d5\u00ac\u00d5\u00b6\u00d5\u00a5\u00d6\u0080\u00d5\u00b6 \u00d5\u00b8\u00d6\u0082 \u00d5\u00bf\u00d5\u00ab\u00d6\u0080\u00d5\u00a1\u00d5\u00b6\u00d5\u00b8\u00d6\u0082\u00d5\u00b4 \u00d5\u00a3\u00d5\u00b8\u00d6\u0082\u00d5\u00b4\u00d5\u00a1\u00d6\u0080\u00d5\u00ab\u00d5\u00b6",
      "user_action": "See Less",
      "action_time": "Mon, Jun 13, 2022, 12:32 PM",
      "feedback_collection": ""
    },
    {
      "video_title": "\u00d4\u00b1\u00d5\u00b6\u00d5\u00bd\u00d5\u00a1\u00d5\u00b0\u00d5\u00b4\u00d5\u00a1\u00d5\u00b6 \u00d5\u00b4\u00d5\u00a5\u00d5\u00b2\u00d5\u00a1\u00d5\u00be\u00d5\u00b8\u00d6\u0080 \u00d5\u00a5\u00d5\u00b4 \u00d5\u00ab\u00d5\u00b6\u00d5\u00b1 \u00d5\u00a6\u00d5\u00a3\u00d5\u00b8\u00d6\u0082\u00d5\u00b4 \u00d4\u00b1\u00d5\u00bd\u00d5\u00bf\u00d5\u00ae\u00d5\u00b8 \u00d5\u00a1\u00d5\u00bc\u00d5\u00a1\u00d5\u00bb. \u00d5\u0093\u00d5\u00a1\u00d5\u00b7\u00d5\u00ab\u00d5\u00b6\u00d5\u00b5\u00d5\u00a1\u00d5\u00b6\u00d5\u00a8 \u00d5\u00b0\u00d5\u00b8\u00d6\u0082\u00d5\u00a6\u00d5\u00be\u00d5\u00a5\u00d6\u0081",
      "user_action": "See Less",
      "action_time": "Sun, Apr 17, 2022, 8:22 PM",
      "feedback_collection": ""
    },
    {
      "video_title": "\u00d4\u00b1\u00d5\u00b6\u00d5\u00bd\u00d5\u00a1\u00d5\u00b0\u00d5\u00b4\u00d5\u00a1\u00d5\u00b6 \u00d5\u00b4\u00d5\u00a5\u00d5\u00b2\u00d5\u00a1\u00d5\u00be\u00d5\u00b8\u00d6\u0080 \u00d5\u00a5\u00d5\u00b4 \u00d5\u00ab\u00d5\u00b6\u00d5\u00b1 \u00d5\u00a6\u00d5\u00a3\u00d5\u00b8\u00d6\u0082\u00d5\u00b4 \u00d4\u00b1\u00d5\u00bd\u00d5\u00bf\u00d5\u00ae\u00d5\u00b8 \u00d5\u00a1\u00d5\u00bc\u00d5\u00a1\u00d5\u00bb. \u00d5\u0093\u00d5\u00a1\u00d5\u00b7\u00d5\u00ab\u00d5\u00b6\u00d5\u00b5\u00d5\u00a1\u00d5\u00b6\u00d5\u00a8 \u00d5\u00b0\u00d5\u00b8\u00d6\u0082\u00d5\u00a6\u00d5\u00be\u00d5\u00a5\u00d6\u0081",
      "user_action": "See Less",
      "action_time": "Sun, Apr 17, 2022, 8:22 PM",
      "feedback_collection": ""
    },
    {
      "video_title": "\u00d5\u0080\u00d5\u00a1\u00d6\u0080\u00d6\u0081\u00d5\u00b8\u00d6\u0082\u00d5\u00b4. \u00d4\u00bb\u00d5\u00b6\u00d5\u00b9 \u00d5\u00a4\u00d5\u00b8\u00d6\u0082\u00d6\u0080 \u00d5\u00b9\u00d5\u00ab \u00d5\u00a3\u00d5\u00a1\u00d5\u00ac\u00d5\u00ab\u00d5\u00bd \u00d5\u0080\u00d5\u00a1\u00d5\u00b5\u00d5\u00a1\u00d5\u00bd\u00d5\u00bf\u00d5\u00a1\u00d5\u00b6 \u00d5\u00a5\u00d5\u00af\u00d5\u00a1\u00d5\u00ae \u00d5\u00bc\u00d5\u00b8\u00d6\u0082\u00d5\u00bd\u00d5\u00b6\u00d5\u00a5\u00d6\u0080\u00d5\u00ab\u00d5\u00b6 \u00d6\u0087 \u00d5\u00ab\u00d5\u00b6\u00d5\u00b9\u00d5\u00ab\u00d6\u0081 \u00d5\u00a5\u00d5\u00b6 \u00d5\u00a4\u00d5\u00aa\u00d5\u00a3\u00d5\u00b8\u00d5\u00b0\u00d5\u00b8\u00d6\u0082\u00d5\u00b4 \u00d5\u00b6\u00d6\u0080\u00d5\u00a1\u00d5\u00b6\u00d6\u0084",
      "user_action": "See Less",
      "action_time": "Sat, Mar 19, 2022, 3:03 AM",
      "feedback_collection": ""
    },
    {
      "video_title": "\u00d5\u0080\u00d5\u00a1\u00d6\u0080\u00d6\u0081\u00d5\u00b8\u00d6\u0082\u00d5\u00b4. \u00d4\u00bb\u00d5\u00b6\u00d5\u00b9 \u00d5\u00a4\u00d5\u00b8\u00d6\u0082\u00d6\u0080 \u00d5\u00b9\u00d5\u00ab \u00d5\u00a3\u00d5\u00a1\u00d5\u00ac\u00d5\u00ab\u00d5\u00bd \u00d5\u0080\u00d5\u00a1\u00d5\u00b5\u00d5\u00a1\u00d5\u00bd\u00d5\u00bf\u00d5\u00a1\u00d5\u00b6 \u00d5\u00a5\u00d5\u00af\u00d5\u00a1\u00d5\u00ae \u00d5\u00bc\u00d5\u00b8\u00d6\u0082\u00d5\u00bd\u00d5\u00b6\u00d5\u00a5\u00d6\u0080\u00d5\u00ab\u00d5\u00b6 \u00d6\u0087 \u00d5\u00ab\u00d5\u00b6\u00d5\u00b9\u00d5\u00ab\u00d6\u0081 \u00d5\u00a5\u00d5\u00b6 \u00d5\u00a4\u00d5\u00aa\u00d5\u00a3\u00d5\u00b8\u00d5\u00b0\u00d5\u00b8\u00d6\u0082\u00d5\u00b4 \u00d5\u00b6\u00d6\u0080\u00d5\u00a1\u00d5\u00b6\u00d6\u0084",
      "user_action": "See Less",
      "action_time": "Sat, Mar 19, 2022, 3:03 AM",
      "feedback_collection": ""
    },
    {
      "video_title": "Stories of torture and silent crimes in Azerbaijan",
      "user_action": "See Less",
      "action_time": "Sat, Mar 12, 2022, 12:34 PM",
      "feedback_collection": ""
    },
    {
      "video_title": "",
      "user_action": "See Less",
      "action_time": "Wed, Dec 15, 2021, 3:08 PM",
      "feedback_collection": ""
    },
    {
      "video_title": "Making a Cloe Doll From ** BRATZ OOAK**\u00f0\u009f\u0098\u008d\u00f0\u009f\u0098\u008d",
      "user_action": "See Less",
      "action_time": "Thu, Oct 7, 2021, 12:27 AM",
      "feedback_collection": ""
    },
    {
      "video_title": "\u00d0\u009f\u00d1\u0080\u00d0\u00be \u00d0\u00bf\u00d1\u0080\u00d0\u00be\u00d0\u00b5\u00d0\u00ba\u00d1\u0082 \"\u00d0\u00a2\u00d0\u00b5\u00d1\u0080\u00d0\u00b8\u00d1\u0082\u00d0\u00be\u00d1\u0080\u00d1\u0096\u00d1\u008f \u00d0\u00b1\u00d0\u00b5\u00d0\u00b7\u00d0\u00bf\u00d0\u00b5\u00d0\u00ba\u00d0\u00b8! \u00d0\u00a2\u00d1\u0083\u00d1\u0082 \u00d1\u0082\u00d0\u00be\u00d0\u00b1\u00d1\u0096 \u00d0\u00b4\u00d0\u00be\u00d0\u00bf\u00d0\u00be\u00d0\u00bc\u00d0\u00be\u00d0\u00b6\u00d1\u0083\u00d1\u0082\u00d1\u008c\". \u00d0\u0097\u00d0\u00b0\u00d0\u00bf\u00d1\u0080\u00d0\u00be\u00d1\u0088\u00d1\u0083\u00d1\u0094\u00d0\u00bc\u00d0\u00be \u00d0\u00b4\u00d0\u00be\u00d0\u00bb\u00d1\u0083\u00d1\u0087\u00d0\u00b8\u00d1\u0082\u00d0\u00b8\u00d1\u0081\u00d1\u008f \u00d0\u00b2\u00d1\u0081\u00d1\u0096\u00d0\u00bc \u00d1\u0081\u00d1\u0083\u00d0\u00b1'\u00d1\u0094\u00d0\u00ba\u00d1\u0082\u00d0\u00b0\u00d0\u00bc \u00d0\u00b3\u00d0\u00be\u00d1\u0081\u00d0\u00bf\u00d0\u00be\u00d0\u00b4\u00d0\u00b0\u00d1\u0080\u00d1\u008e\u00d0\u00b2\u00d0\u00b0\u00d0\u00bd\u00d0\u00bd\u00d1\u008f!",
      "user_action": "See Less",
      "action_time": "Wed, Jun 16, 2021, 10:32 PM",
      "feedback_collection": ""
    }
  ]
}