{
  "media": [
    
  ],
  "label_values": [
    {
      "label": "Number of videos per language",
      "dict": [
        {
          "label": "de",
          "value": "1"
        },
        {
          "label": "hy",
          "value": "67"
        },
        {
          "label": "ru",
          "value": "1"
        },
        {
          "label": "uk",
          "value": "4"
        },
        {
          "label": "en",
          "value": "1"
        },
        {
          "label": "bn",
          "value": "1"
        }
      ]
    }
  ]
}